0
SECTION
2
HEADER
9
$INSUNITS
70
4
9
$ACADVER
1
AC1014
9
$HANDSEED
5
FFFF
0
ENDSEC
0
SECTION
2
TABLES
0
TABLE
2
VPORT
5
8
100
AcDbSymbolTable
0
ENDTAB
0
TABLE
2
LTYPE
5
5
100
AcDbSymbolTable
0
LTYPE
5
14
100
AcDbSymbolTableRecord
100
AcDbLinetypeTableRecord
2
BYBLOCK
70
0
0
LTYPE
5
15
100
AcDbSymbolTableRecord
100
AcDbLinetypeTableRecord
2
BYLAYER
70
0
0
LTYPE
5
16
100
AcDbSymbolTableRecord
100
AcDbLinetypeTableRecord
2
DASHED
70
0
3
Dashed __ __ __ __ __ __ __ __ __ __ __ __ __ _
72
65
73
2
40
0.75
49
0.5
74
0
49
-0.25
74
0
0
ENDTAB
0
TABLE
2
LAYER
5
2
100
AcDbSymbolTable
70
2
0
LAYER
5
50
100
AcDbSymbolTableRecord
100
AcDbLayerTableRecord
2
0
70
0
62
7
6
CONTINUOUS
0
ENDTAB
0
TABLE
2
STYLE
5
3
100
AcDbSymbolTable
70
1
0
STYLE
5
11
100
AcDbSymbolTableRecord
100
AcDbTextStyleTableRecord
2
STANDARD
70
0
0
ENDTAB
0
TABLE
2
VIEW
5
6
100
AcDbSymbolTable
70
0
0
ENDTAB
0
TABLE
2
UCS
5
7
100
AcDbSymbolTable
70
0
0
ENDTAB
0
TABLE
2
APPID
5
9
100
AcDbSymbolTable
70
2
0
APPID
5
12
100
AcDbSymbolTableRecord
100
AcDbRegAppTableRecord
2
ACAD
70
0
0
ENDTAB
0
TABLE
2
DIMSTYLE
5
A
100
AcDbSymbolTable
70
1
0
ENDTAB
0
TABLE
2
BLOCK_RECORD
5
1
100
AcDbSymbolTable
70
1
0
BLOCK_RECORD
5
1F
100
AcDbSymbolTableRecord
100
AcDbBlockTableRecord
2
*MODEL_SPACE
0
BLOCK_RECORD
5
1B
100
AcDbSymbolTableRecord
100
AcDbBlockTableRecord
2
*PAPER_SPACE
0
ENDTAB
0
ENDSEC
0
SECTION
2
BLOCKS
0
BLOCK
5
20
100
AcDbEntity
100
AcDbBlockBegin
2
*MODEL_SPACE
0
ENDBLK
5
21
100
AcDbEntity
100
AcDbBlockEnd
0
BLOCK
5
1C
100
AcDbEntity
100
AcDbBlockBegin
2
*PAPER_SPACE
0
ENDBLK
5
1D
100
AcDbEntity
100
AcDbBlockEnd
0
ENDSEC
0
SECTION
2
ENTITIES
0
POINT
5
100
100
AcDbEntity
8
0
100
AcDbPoint
10
19.757797862502805
20
-120.03498093537934
30
-1.3930357340301147e-14
0
POINT
5
101
100
AcDbEntity
8
0
100
AcDbPoint
10
109.50000165402885
20
-76.100001117587155
30
0
0
POINT
5
102
100
AcDbEntity
8
0
100
AcDbPoint
10
109.50000165402885
20
-76.100001117587155
30
0
0
POINT
5
103
100
AcDbEntity
8
0
100
AcDbPoint
10
109.50000165402885
20
-76.100001117587155
30
0
0
POINT
5
104
100
AcDbEntity
8
0
100
AcDbPoint
10
218.49999999999997
20
-104.65999999999997
30
8.7562246139035726e-15
0
POINT
5
105
100
AcDbEntity
8
0
100
AcDbPoint
10
218.49999999999997
20
-104.65999999999997
30
8.7562246139035726e-15
0
POINT
5
106
100
AcDbEntity
8
0
100
AcDbPoint
10
29
20
-113.66
30
-1.2858791391047209e-14
0
POINT
5
107
100
AcDbEntity
8
0
100
AcDbPoint
10
29
20
-113.66
30
-1.2858791391047209e-14
0
POINT
5
108
100
AcDbEntity
8
0
100
AcDbPoint
10
13.5
20
-113.66
30
-1.2858791391047209e-14
0
POINT
5
109
100
AcDbEntity
8
0
100
AcDbPoint
10
13.5
20
-113.66
30
-1.2858791391047209e-14
0
POINT
5
110
100
AcDbEntity
8
0
100
AcDbPoint
10
64.350000000000009
20
-18.649999999999991
30
-9.3685480134772546e-15
0
POINT
5
111
100
AcDbEntity
8
0
100
AcDbPoint
10
64.350000000000009
20
-18.649999999999991
30
-9.3685480134772546e-15
0
POINT
5
112
100
AcDbEntity
8
0
100
AcDbPoint
10
13.5
20
-113.66
30
-1.2858791391047209e-14
0
POINT
5
113
100
AcDbEntity
8
0
100
AcDbPoint
10
13.5
20
-113.66
30
-1.2858791391047209e-14
0
POINT
5
114
100
AcDbEntity
8
0
100
AcDbPoint
10
29
20
-101.66
30
-1.2858791391047209e-14
0
POINT
5
115
100
AcDbEntity
8
0
100
AcDbPoint
10
29
20
-101.66
30
-1.2858791391047209e-14
0
POINT
5
116
100
AcDbEntity
8
0
100
AcDbPoint
10
14
20
-101.66
30
-1.2858791391047209e-14
0
POINT
5
117
100
AcDbEntity
8
0
100
AcDbPoint
10
14
20
-101.66
30
-1.2858791391047209e-14
0
POINT
5
118
100
AcDbEntity
8
0
100
AcDbPoint
10
29
20
-89.659999999999997
30
-1.2858791391047209e-14
0
POINT
5
119
100
AcDbEntity
8
0
100
AcDbPoint
10
29
20
-89.659999999999997
30
-1.2858791391047209e-14
0
POINT
5
120
100
AcDbEntity
8
0
100
AcDbPoint
10
14.000000000000002
20
-89.659999999999997
30
-1.2858791391047209e-14
0
POINT
5
121
100
AcDbEntity
8
0
100
AcDbPoint
10
14.000000000000002
20
-89.659999999999997
30
-1.2858791391047209e-14
0
POINT
5
122
100
AcDbEntity
8
0
100
AcDbPoint
10
29
20
-77.659999999999997
30
-1.2858791391047209e-14
0
POINT
5
123
100
AcDbEntity
8
0
100
AcDbPoint
10
29
20
-77.659999999999997
30
-1.2858791391047209e-14
0
POINT
5
124
100
AcDbEntity
8
0
100
AcDbPoint
10
14
20
-77.659999999999997
30
-1.2858791391047209e-14
0
POINT
5
125
100
AcDbEntity
8
0
100
AcDbPoint
10
14
20
-77.659999999999997
30
-1.2858791391047209e-14
0
POINT
5
126
100
AcDbEntity
8
0
100
AcDbPoint
10
29
20
-65.659999999999997
30
-1.2858791391047209e-14
0
POINT
5
127
100
AcDbEntity
8
0
100
AcDbPoint
10
29
20
-65.659999999999997
30
-1.2858791391047209e-14
0
POINT
5
128
100
AcDbEntity
8
0
100
AcDbPoint
10
14
20
-65.659999999999997
30
-1.2858791391047209e-14
0
POINT
5
129
100
AcDbEntity
8
0
100
AcDbPoint
10
14
20
-65.659999999999997
30
-1.2858791391047209e-14
0
POINT
5
130
100
AcDbEntity
8
0
100
AcDbPoint
10
203.49999999999997
20
-104.65999999999997
30
8.7562246139035726e-15
0
POINT
5
131
100
AcDbEntity
8
0
100
AcDbPoint
10
203.49999999999997
20
-104.65999999999997
30
8.7562246139035726e-15
0
POINT
5
132
100
AcDbEntity
8
0
100
AcDbPoint
10
188.49999999999997
20
-104.65999999999997
30
8.7562246139035726e-15
0
POINT
5
133
100
AcDbEntity
8
0
100
AcDbPoint
10
188.49999999999997
20
-104.65999999999997
30
8.7562246139035726e-15
0
POINT
5
134
100
AcDbEntity
8
0
100
AcDbPoint
10
218.49999999999997
20
-92.659999999999982
30
8.7562246139035726e-15
0
POINT
5
135
100
AcDbEntity
8
0
100
AcDbPoint
10
218.49999999999997
20
-92.659999999999982
30
8.7562246139035726e-15
0
POINT
5
136
100
AcDbEntity
8
0
100
AcDbPoint
10
203.49999999999997
20
-92.659999999999982
30
8.7562246139035726e-15
0
POINT
5
137
100
AcDbEntity
8
0
100
AcDbPoint
10
203.49999999999997
20
-92.659999999999982
30
8.7562246139035726e-15
0
POINT
5
138
100
AcDbEntity
8
0
100
AcDbPoint
10
188.49999999999997
20
-92.659999999999982
30
8.7562246139035726e-15
0
POINT
5
139
100
AcDbEntity
8
0
100
AcDbPoint
10
188.49999999999997
20
-92.659999999999982
30
8.7562246139035726e-15
0
POINT
5
140
100
AcDbEntity
8
0
100
AcDbPoint
10
218.49999999999997
20
-80.659999999999968
30
8.7562246139035726e-15
0
POINT
5
141
100
AcDbEntity
8
0
100
AcDbPoint
10
218.49999999999997
20
-80.659999999999968
30
8.7562246139035726e-15
0
POINT
5
142
100
AcDbEntity
8
0
100
AcDbPoint
10
203.49999999999997
20
-80.659999999999968
30
8.7562246139035726e-15
0
POINT
5
143
100
AcDbEntity
8
0
100
AcDbPoint
10
203.49999999999997
20
-80.659999999999968
30
8.7562246139035726e-15
0
POINT
5
144
100
AcDbEntity
8
0
100
AcDbPoint
10
188.49999999999997
20
-80.659999999999968
30
8.7562246139035726e-15
0
POINT
5
145
100
AcDbEntity
8
0
100
AcDbPoint
10
188.49999999999997
20
-80.659999999999968
30
8.7562246139035726e-15
0
POINT
5
146
100
AcDbEntity
8
0
100
AcDbPoint
10
218.49999999999997
20
-68.659999999999968
30
8.7562246139035726e-15
0
POINT
5
147
100
AcDbEntity
8
0
100
AcDbPoint
10
218.49999999999997
20
-68.659999999999968
30
8.7562246139035726e-15
0
POINT
5
148
100
AcDbEntity
8
0
100
AcDbPoint
10
203.49999999999997
20
-68.659999999999968
30
8.7562246139035726e-15
0
POINT
5
149
100
AcDbEntity
8
0
100
AcDbPoint
10
203.49999999999997
20
-68.659999999999968
30
8.7562246139035726e-15
0
POINT
5
150
100
AcDbEntity
8
0
100
AcDbPoint
10
188.49999999999997
20
-68.659999999999968
30
8.7562246139035726e-15
0
POINT
5
151
100
AcDbEntity
8
0
100
AcDbPoint
10
186.99999999999994
20
-71.159999999999982
30
9.3073156735198776e-15
0
POINT
5
152
100
AcDbEntity
8
0
100
AcDbPoint
10
188.49999999999997
20
-68.659999999999968
30
8.7562246139035726e-15
0
POINT
5
153
100
AcDbEntity
8
0
100
AcDbPoint
10
82.350000000000009
20
-18.649999999999991
30
-9.3685480134772546e-15
0
POINT
5
154
100
AcDbEntity
8
0
100
AcDbPoint
10
82.350000000000009
20
-18.649999999999991
30
-9.3685480134772546e-15
0
POINT
5
155
100
AcDbEntity
8
0
100
AcDbPoint
10
100.34999999999999
20
-18.649999999999991
30
-9.3685480134772546e-15
0
POINT
5
156
100
AcDbEntity
8
0
100
AcDbPoint
10
100.34999999999999
20
-18.649999999999991
30
-9.3685480134772546e-15
0
POINT
5
157
100
AcDbEntity
8
0
100
AcDbPoint
10
118.35000000000001
20
-18.649999999999991
30
-9.3685480134772546e-15
0
POINT
5
158
100
AcDbEntity
8
0
100
AcDbPoint
10
118.35000000000001
20
-18.649999999999991
30
-9.3685480134772546e-15
0
POINT
5
159
100
AcDbEntity
8
0
100
AcDbPoint
10
136.35000000000002
20
-18.649999999999991
30
-9.3685480134772546e-15
0
POINT
5
160
100
AcDbEntity
8
0
100
AcDbPoint
10
136.35000000000002
20
-18.649999999999991
30
-9.3685480134772546e-15
0
POINT
5
161
100
AcDbEntity
8
0
100
AcDbPoint
10
154.34999999999999
20
-18.649999999999991
30
-9.3685480134772546e-15
0
POINT
5
162
100
AcDbEntity
8
0
100
AcDbPoint
10
154.34999999999999
20
-18.649999999999991
30
-9.3685480134772546e-15
0
LWPOLYLINE
5
163
100
AcDbEntity
8
0
100
AcDbPolyline
90
8
70
1
43
0.0
10
254.00000000000006
20
-129.23606797749972
42
-0.18448308813825548
10
252.00000000000003
20
-129.99999999999997
10
3.0000000000000071
20
-130
42
-0.41421356237309503
10
0
20
-127
10
0
20
-3.0000000000000027
42
-0.41421356237309503
10
3.0000000000000071
20
4.4408920985006262e-15
10
252.00000000000003
20
2.2204460492503131e-14
42
-0.18448308813825084
10
254.00000000000003
20
-0.76393202250017889
0
CIRCLE
5
164
100
AcDbEntity
8
0
100
AcDbCircle
10
-203.51895381804235
20
-31.399998256564132
30
1.6904161507011996e-14
40
4.4249999999999998
210
1.2246467991473532e-16
220
0
230
-1
0
CIRCLE
5
165
100
AcDbEntity
8
0
100
AcDbCircle
10
-240.00000189438276
20
-104.99831256064735
30
1.6287802660654774e-14
40
9.6500000000000004
210
1.2246467991473532e-16
220
0
230
-1
0
CIRCLE
5
166
100
AcDbEntity
8
0
100
AcDbCircle
10
-21.000000355749059
20
-19.000000282501183
30
1.7634913951288582e-14
40
7.9000000000000004
210
1.2246467991473532e-16
220
0
230
-1
0
CIRCLE
5
167
100
AcDbEntity
8
0
100
AcDbCircle
10
-18.010614693825936
20
-117.17310146566902
30
1.6136021503848169e-14
40
1.7500000000000002
210
1.2246467991473532e-16
220
0
230
-1
0
CIRCLE
5
168
100
AcDbEntity
8
0
100
AcDbCircle
10
-21.000000050291419
20
-43.000000282501176
30
1.6471499454690827e-14
40
3.0000000000000004
210
1.2246467991473532e-16
220
0
230
-1
0
LINE
5
169
100
AcDbEntity
8
0
100
AcDbLine
10
22.062129976459769
20
-118.25167000468289
30
-1.5551095735852683e-14
11
34.937870023540221
21
-118.29832999531709
31
-1.4513748459244962e-14
6
DASHED
0
LINE
5
170
100
AcDbEntity
8
0
100
AcDbLine
10
34.937870023540221
20
-118.29832999531709
30
-1.4513748459244962e-14
11
34.928633655117672
21
-120.84708916075303
31
-1.3476401182637245e-14
6
DASHED
0
LINE
5
171
100
AcDbEntity
8
0
100
AcDbLine
10
34.928633655117672
20
-120.84708916075303
30
-1.3476401182637245e-14
11
22.052893608037234
21
-120.80042917011903
31
-1.4513748459244962e-14
6
DASHED
0
LINE
5
172
100
AcDbEntity
8
0
100
AcDbLine
10
22.052893608037234
20
-120.80042917011903
30
-1.4513748459244962e-14
11
22.062129976459769
21
-118.25167000468289
31
-1.5551095735852683e-14
6
DASHED
0
LINE
5
173
100
AcDbEntity
8
0
100
AcDbLine
10
9.759596548336047
20
-106.28080080148638
30
-1.5553565366130528e-14
11
18.240403451663951
21
-106.23919919851366
31
-1.4510188639918492e-14
6
DASHED
0
LINE
5
174
100
AcDbEntity
8
0
100
AcDbLine
10
18.240403451663951
20
-106.23919919851366
30
-1.4510188639918492e-14
11
18.254243558228143
21
-109.06061142560533
31
-1.3473386457835105e-14
6
DASHED
0
LINE
5
175
100
AcDbEntity
8
0
100
AcDbLine
10
18.254243558228143
20
-109.06061142560533
30
-1.3473386457835105e-14
11
9.773436654900248
21
-109.10221302857826
31
-1.4516763184047137e-14
6
DASHED
0
LINE
5
176
100
AcDbEntity
8
0
100
AcDbLine
10
9.773436654900248
20
-109.10221302857826
30
-1.4516763184047137e-14
11
9.759596548336047
21
-106.28080080148638
31
-1.5553565366130528e-14
6
DASHED
0
LINE
5
177
100
AcDbEntity
8
0
100
AcDbLine
10
8.6868805716058421
20
-94.260000000000005
30
-1.4072783564919402e-14
11
19.31311942839416
21
-94.260000000000005
31
-1.4072783564919402e-14
6
DASHED
0
LINE
5
178
100
AcDbEntity
8
0
100
AcDbLine
10
19.31311942839416
20
-94.260000000000005
30
-1.4072783564919402e-14
11
19.313119428393655
21
-97.035000000001915
31
-1.527772055231644e-14
6
DASHED
0
LINE
5
179
100
AcDbEntity
8
0
100
AcDbLine
10
19.313119428393655
20
-97.035000000001915
30
-1.527772055231644e-14
11
8.6868805716058421
21
-97.035000000000025
31
-1.527772055231644e-14
6
DASHED
0
LINE
5
180
100
AcDbEntity
8
0
100
AcDbLine
10
8.6868805716058421
20
-97.035000000000025
30
-1.527772055231644e-14
11
8.6868805716058421
21
-94.260000000000005
31
-1.4072783564919402e-14
6
DASHED
0
LINE
5
181
100
AcDbEntity
8
0
100
AcDbLine
10
23.449999932944785
20
-94.260000000000005
30
0
11
34.550000067055223
21
-94.260000000000005
31
0
6
DASHED
0
LINE
5
182
100
AcDbEntity
8
0
100
AcDbLine
10
34.550000067055223
20
-94.260000000000005
30
0
11
34.550000067055223
21
-97.170000029802338
31
0
6
DASHED
0
LINE
5
183
100
AcDbEntity
8
0
100
AcDbLine
10
34.550000067055223
20
-97.170000029802338
30
0
11
23.449999932944785
21
-97.170000029802338
31
0
6
DASHED
0
LINE
5
184
100
AcDbEntity
8
0
100
AcDbLine
10
23.449999932944785
20
-97.170000029802338
30
0
11
23.449999932944785
21
-94.260000000000005
31
0
6
DASHED
0
LINE
5
185
100
AcDbEntity
8
0
100
AcDbLine
10
9.9573974424285456
20
-82.252313098171172
30
-1.4956529714866642e-14
11
18.042602557571449
21
-82.267686901828796
31
-1.4956529714866642e-14
6
DASHED
0
LINE
5
186
100
AcDbEntity
8
0
100
AcDbLine
10
18.042602557571449
20
-82.267686901828796
30
-1.4956529714866642e-14
11
18.037256978263727
21
-85.078969400608088
31
0
6
DASHED
0
LINE
5
187
100
AcDbEntity
8
0
100
AcDbLine
10
18.037256978263727
20
-85.078969400608088
30
0
11
9.9520518631208255
21
-85.063595596950535
31
0
6
DASHED
0
LINE
5
188
100
AcDbEntity
8
0
100
AcDbLine
10
9.9520518631208255
20
-85.063595596950535
30
0
11
9.9573974424285456
21
-82.252313098171172
31
-1.4956529714866642e-14
6
DASHED
0
LINE
5
189
100
AcDbEntity
8
0
100
AcDbLine
10
23.749999940395355
20
-70.259999999999991
30
0
11
34.250000059604645
21
-70.259999999999991
31
0
6
DASHED
0
LINE
5
190
100
AcDbEntity
8
0
100
AcDbLine
10
34.250000059604645
20
-70.259999999999991
30
0
11
34.250000059604645
21
-72.990000029802303
31
0
6
DASHED
0
LINE
5
191
100
AcDbEntity
8
0
100
AcDbLine
10
34.250000059604645
20
-72.990000029802303
30
0
11
23.749999940395355
21
-72.990000029802303
31
0
6
DASHED
0
LINE
5
192
100
AcDbEntity
8
0
100
AcDbLine
10
23.749999940395355
20
-72.990000029802303
30
0
11
23.749999940395355
21
-70.259999999999991
31
0
6
DASHED
0
LINE
5
193
100
AcDbEntity
8
0
100
AcDbLine
10
9.3503544792971383
20
-70.260114829781458
30
0
11
18.649645520702858
21
-70.259885170218524
31
0
6
DASHED
0
LINE
5
194
100
AcDbEntity
8
0
100
AcDbLine
10
18.649645520702858
20
-70.259885170218524
30
0
11
18.649715411721012
21
-73.08988623700553
31
0
6
DASHED
0
LINE
5
195
100
AcDbEntity
8
0
100
AcDbLine
10
18.649715411721012
20
-73.08988623700553
30
0
11
9.350424370304216
21
-73.090115896571831
31
0
6
DASHED
0
LINE
5
196
100
AcDbEntity
8
0
100
AcDbLine
10
9.350424370304216
20
-73.090115896571831
30
0
11
9.3503544792971383
21
-70.260114829781458
31
0
6
DASHED
0
LINE
5
197
100
AcDbEntity
8
0
100
AcDbLine
10
21.450039973950975
20
-106.26976191410934
30
0
11
36.549960026049021
21
-106.20823808589066
31
0
6
DASHED
0
LINE
5
198
100
AcDbEntity
8
0
100
AcDbLine
10
36.549960026049021
20
-106.20823808589066
30
0
11
36.561454472845547
21
-109.02934387009924
31
0
6
DASHED
0
LINE
5
199
100
AcDbEntity
8
0
100
AcDbLine
10
36.561454472845547
20
-109.02934387009924
30
0
11
21.46153442074656
21
-109.09086769831859
31
0
6
DASHED
0
LINE
5
200
100
AcDbEntity
8
0
100
AcDbLine
10
21.46153442074656
20
-109.09086769831859
30
0
11
21.450039973950975
21
-106.26976191410934
31
0
6
DASHED
0
LINE
5
201
100
AcDbEntity
8
0
100
AcDbLine
10
25.090596597410325
20
-82.260155202844118
30
0
11
32.909403402589675
21
-82.25984479715585
31
0
6
DASHED
0
LINE
5
202
100
AcDbEntity
8
0
100
AcDbLine
10
32.909403402589675
20
-82.25984479715585
30
0
11
32.909517738274218
21
-85.139845568009861
31
0
6
DASHED
0
LINE
5
203
100
AcDbEntity
8
0
100
AcDbLine
10
32.909517738274218
20
-85.139845568009861
30
0
11
25.090710933094034
21
-85.14015597369827
31
0
6
DASHED
0
LINE
5
204
100
AcDbEntity
8
0
100
AcDbLine
10
25.090710933094034
20
-85.14015597369827
30
0
11
25.090596597410325
21
-82.260155202844118
31
0
6
DASHED
0
LINE
5
205
100
AcDbEntity
8
0
100
AcDbLine
10
15.050552034908621
20
-56.000261040327707
30
0
11
26.949448065674218
21
-55.999739524674645
31
0
6
DASHED
0
LINE
5
206
100
AcDbEntity
8
0
100
AcDbLine
10
26.949448065674218
20
-55.999739524674645
30
0
11
26.9495607533872
21
-58.570821280161063
31
0
6
DASHED
0
LINE
5
207
100
AcDbEntity
8
0
100
AcDbLine
10
26.9495607533872
20
-58.570821280161063
30
0
11
15.050664722621608
21
-58.571342795814125
31
0
6
DASHED
0
LINE
5
208
100
AcDbEntity
8
0
100
AcDbLine
10
15.050664722621608
20
-58.571342795814125
30
0
11
15.050552034908621
21
-56.000261040327707
31
0
6
DASHED
0
LINE
5
209
100
AcDbEntity
8
0
100
AcDbLine
10
233.96981656380856
20
-115.99154004490173
30
0
11
246.0324249796584
21
-116.00510149565335
31
0
6
DASHED
0
LINE
5
210
100
AcDbEntity
8
0
100
AcDbLine
10
246.0324249796584
20
-116.00510149565335
30
0
11
246.02415471604556
21
-123.36131648897508
31
0
6
DASHED
0
LINE
5
211
100
AcDbEntity
8
0
100
AcDbLine
10
246.02415471604556
20
-123.36131648897508
30
0
11
233.96154630054161
21
-123.34775503823282
31
0
6
DASHED
0
LINE
5
212
100
AcDbEntity
8
0
100
AcDbLine
10
233.96154630054161
20
-123.34775503823282
30
0
11
233.96981656380856
21
-115.99154004490173
31
0
6
DASHED
0
LINE
5
213
100
AcDbEntity
8
0
100
AcDbLine
10
232.51870019309251
20
-79.989688194651748
30
0
11
247.48130359567313
21
-80.006936926633117
31
0
6
DASHED
0
LINE
5
214
100
AcDbEntity
8
0
100
AcDbLine
10
247.48130359567313
20
-80.006936926633117
30
0
11
247.47796913958371
21
-82.89944775513483
31
0
6
DASHED
0
LINE
5
215
100
AcDbEntity
8
0
100
AcDbLine
10
247.47796913958371
20
-82.89944775513483
30
0
11
232.51536573700287
21
-82.882199023154115
31
0
6
DASHED
0
LINE
5
216
100
AcDbEntity
8
0
100
AcDbLine
10
232.51536573700287
20
-82.882199023154115
30
0
11
232.51870019309251
21
-79.989688194651748
31
0
6
DASHED
0
CIRCLE
5
217
100
AcDbEntity
8
0
100
AcDbCircle
10
-240.00000189438282
20
-67.998312560642432
30
1.628780266065478e-14
40
9.6500000000000004
210
1.2246467991473532e-16
220
0
230
-1
0
LINE
5
218
100
AcDbEntity
8
0
100
AcDbLine
10
182.2426230613903
20
-109.24900005789064
30
7.2855046386340287e-15
11
194.75737693860967
21
-109.27099994210934
31
3.8959867956602721e-27
6
DASHED
0
LINE
5
219
100
AcDbEntity
8
0
100
AcDbLine
10
194.75737693860967
20
-109.27099994210934
30
3.8959867956602721e-27
11
194.75245544180223
21
-112.07062018439642
31
-6.5829040183169106e-15
6
DASHED
0
LINE
5
220
100
AcDbEntity
8
0
100
AcDbLine
10
194.75245544180223
20
-112.07062018439642
30
-6.5829040183169106e-15
11
182.23770156458801
21
-112.04862030017674
31
7.0259946059156987e-16
6
DASHED
0
LINE
5
221
100
AcDbEntity
8
0
100
AcDbLine
10
182.23770156458801
20
-112.04862030017674
30
7.0259946059156987e-16
11
182.2426230613903
21
-109.24900005789064
31
7.2855046386340287e-15
6
DASHED
0
LINE
5
222
100
AcDbEntity
8
0
100
AcDbLine
10
215.74962290563394
20
-109.24512839004348
30
6.5869068896692229e-15
11
221.25037709436597
21
-109.25887160995651
31
0
6
DASHED
0
LINE
5
223
100
AcDbEntity
8
0
100
AcDbLine
10
221.25037709436597
20
-109.25887160995651
30
0
11
221.24338847740682
21
-112.05608101606043
31
-6.5869068896692229e-15
6
DASHED
0
LINE
5
224
100
AcDbEntity
8
0
100
AcDbLine
10
221.24338847740682
20
-112.05608101606043
30
-6.5869068896692229e-15
11
215.74263428867488
21
-112.04233779614742
31
0
6
DASHED
0
LINE
5
225
100
AcDbEntity
8
0
100
AcDbLine
10
215.74263428867488
20
-112.04233779614742
30
0
11
215.74962290563394
21
-109.24512839004348
31
6.5869068896692229e-15
6
DASHED
0
LINE
5
226
100
AcDbEntity
8
0
100
AcDbLine
10
199.0835475084246
20
-97.254116521045347
30
6.5869068896692229e-15
11
207.91645249157537
21
-97.25188347895461
31
0
6
DASHED
0
LINE
5
227
100
AcDbEntity
8
0
100
AcDbLine
10
207.91645249157537
20
-97.25188347895461
30
0
11
207.9171786958949
21
-100.12441946085607
31
-6.5869068896692229e-15
6
DASHED
0
LINE
5
228
100
AcDbEntity
8
0
100
AcDbLine
10
207.9171786958949
20
-100.12441946085607
30
-6.5869068896692229e-15
11
199.08427371274433
21
-100.12665250294688
31
0
6
DASHED
0
LINE
5
229
100
AcDbEntity
8
0
100
AcDbLine
10
199.08427371274433
20
-100.12665250294688
30
0
11
199.0835475084246
21
-97.254116521045347
31
6.5869068896692229e-15
6
DASHED
0
LINE
5
230
100
AcDbEntity
8
0
100
AcDbLine
10
182.75750555295912
20
-97.262542863246296
30
6.5869068896692229e-15
11
194.74249434899829
21
-97.257235729262689
31
0
6
DASHED
0
LINE
5
231
100
AcDbEntity
8
0
100
AcDbLine
10
194.74249434899829
20
-97.257235729262689
30
0
11
194.74374074094143
21
-100.07193638181627
31
-6.5869068896692229e-15
6
DASHED
0
LINE
5
232
100
AcDbEntity
8
0
100
AcDbLine
10
194.74374074094143
20
-100.07193638181627
30
-6.5869068896692229e-15
11
182.7587519449059
21
-100.07724351581049
31
0
6
DASHED
0
LINE
5
233
100
AcDbEntity
8
0
100
AcDbLine
10
182.7587519449059
20
-100.07724351581049
30
0
11
182.75750555295912
21
-97.262542863246296
31
6.5869068896692229e-15
6
DASHED
0
LINE
5
234
100
AcDbEntity
8
0
100
AcDbLine
10
182.75218769665327
20
-85.253340097524585
30
6.5869068896692229e-15
11
195.08142278340216
21
-85.247880526072279
31
0
6
DASHED
0
LINE
5
235
100
AcDbEntity
8
0
100
AcDbLine
10
195.08142278340216
20
-85.247880526072279
30
0
11
195.08262922369269
21
-87.972359196136907
31
-6.5869068896692229e-15
6
DASHED
0
LINE
5
236
100
AcDbEntity
8
0
100
AcDbLine
10
195.08262922369269
20
-87.972359196136907
30
-6.5869068896692229e-15
11
182.75339413694397
21
-87.977818767586129
31
0
6
DASHED
0
LINE
5
237
100
AcDbEntity
8
0
100
AcDbLine
10
182.75339413694397
20
-87.977818767586129
30
0
11
182.75218769665327
21
-85.253340097524585
31
6.5869068896692229e-15
6
DASHED
0
LINE
5
238
100
AcDbEntity
8
0
100
AcDbLine
10
215.25327559554489
20
-85.257214183316634
30
6.5869068896692229e-15
11
221.74672440445502
21
-85.262785816683348
31
0
6
DASHED
0
LINE
5
239
100
AcDbEntity
8
0
100
AcDbLine
10
221.74672440445502
20
-85.262785816683348
30
0
11
221.7443127250489
21
-88.073472689785092
31
-6.5869068896692229e-15
6
DASHED
0
LINE
5
240
100
AcDbEntity
8
0
100
AcDbLine
10
221.7443127250489
20
-88.073472689785092
30
-6.5869068896692229e-15
11
215.25086391613888
21
-88.067901056418023
31
0
6
DASHED
0
LINE
5
241
100
AcDbEntity
8
0
100
AcDbLine
10
215.25086391613888
20
-88.067901056418023
30
0
11
215.25327559554489
21
-85.257214183316634
31
6.5869068896692229e-15
6
DASHED
0
LINE
5
242
100
AcDbEntity
8
0
100
AcDbLine
10
198.15698550174966
20
-85.254427611438516
30
6.5869068896692229e-15
11
208.84301449825031
21
-85.25157238856147
31
0
6
DASHED
0
LINE
5
243
100
AcDbEntity
8
0
100
AcDbLine
10
208.84301449825031
20
-85.25157238856147
30
0
11
208.84376650485109
21
-88.066051219286962
31
-6.5869068896692229e-15
6
DASHED
0
LINE
5
244
100
AcDbEntity
8
0
100
AcDbLine
10
208.84376650485109
20
-88.066051219286962
30
-6.5869068896692229e-15
11
198.15773750835075
21
-88.068906442338175
31
0
6
DASHED
0
LINE
5
245
100
AcDbEntity
8
0
100
AcDbLine
10
198.15773750835075
20
-88.068906442338175
30
0
11
198.15698550174966
21
-85.254427611438516
31
6.5869068896692229e-15
6
DASHED
0
LINE
5
246
100
AcDbEntity
8
0
100
AcDbLine
10
184.28549846548424
20
-73.252983061897382
30
6.5869068896692229e-15
11
192.71450153451568
21
-73.251016938102595
31
0
6
DASHED
0
LINE
5
247
100
AcDbEntity
8
0
100
AcDbLine
10
192.71450153451568
20
-73.251016938102595
30
0
11
192.71518109843893
21
-76.16438709777519
31
-6.5869068896692229e-15
6
DASHED
0
LINE
5
248
100
AcDbEntity
8
0
100
AcDbLine
10
192.71518109843893
20
-76.16438709777519
30
-6.5869068896692229e-15
11
184.28617802940744
21
-76.166353221570063
31
0
6
DASHED
0
LINE
5
249
100
AcDbEntity
8
0
100
AcDbLine
10
184.28617802940744
20
-76.166353221570063
30
0
11
184.28549846548424
21
-73.252983061897382
31
6.5869068896692229e-15
6
DASHED
0
LINE
5
250
100
AcDbEntity
8
0
100
AcDbLine
10
197.63198553925079
20
-73.253567887680745
30
6.5869068896692229e-15
11
209.36801446074918
21
-73.250432112319217
31
8.6446506399181084e-16
6
DASHED
0
LINE
5
251
100
AcDbEntity
8
0
100
AcDbLine
10
209.36801446074918
20
-73.250432112319217
30
8.6446506399181084e-16
11
209.36877448316011
21
-76.094910941364134
31
-6.5869068896692229e-15
6
DASHED
0
LINE
5
252
100
AcDbEntity
8
0
100
AcDbLine
10
209.36877448316011
20
-76.094910941364134
30
-6.5869068896692229e-15
11
197.6327455616152
21
-76.098046716148446
31
0
6
DASHED
0
LINE
5
253
100
AcDbEntity
8
0
100
AcDbLine
10
197.6327455616152
20
-76.098046716148446
30
0
11
197.63198553925079
21
-73.253567887680745
31
6.5869068896692229e-15
6
DASHED
0
LINE
5
254
100
AcDbEntity
8
0
100
AcDbLine
10
214.40327622134103
20
-73.248484850566825
30
6.5869068896692229e-15
11
222.59672377865897
21
-73.255515149433151
31
0
6
DASHED
0
LINE
5
255
100
AcDbEntity
8
0
100
AcDbLine
10
222.59672377865897
20
-73.255515149433151
30
0
11
222.59431209925285
21
-76.066202022534839
31
-6.5869068896692229e-15
6
DASHED
0
LINE
5
256
100
AcDbEntity
8
0
100
AcDbLine
10
222.59431209925285
20
-76.066202022534839
30
-6.5869068896692229e-15
11
214.40086454193499
21
-76.059171723668229
31
0
6
DASHED
0
LINE
5
257
100
AcDbEntity
8
0
100
AcDbLine
10
214.40086454193499
20
-76.059171723668229
30
0
11
214.40327622134103
21
-73.248484850566825
31
6.5869068896692229e-15
6
DASHED
0
LINE
5
258
100
AcDbEntity
8
0
100
AcDbLine
10
200.70698533441711
20
-109.25374602246002
30
6.5869068896692229e-15
11
206.29301466558286
21
-109.25225397753998
31
0
6
DASHED
0
LINE
5
259
100
AcDbEntity
8
0
100
AcDbLine
10
206.29301466558286
20
-109.25225397753998
30
0
11
206.29376550547045
21
-112.06330448875016
31
-6.5869068896692229e-15
6
DASHED
0
LINE
5
260
100
AcDbEntity
8
0
100
AcDbLine
10
206.29376550547045
20
-112.06330448875016
30
-6.5869068896692229e-15
11
200.70773617430476
21
-112.0647965336702
31
0
6
DASHED
0
LINE
5
261
100
AcDbEntity
8
0
100
AcDbLine
10
200.70773617430476
20
-112.0647965336702
30
0
11
200.70698533441711
21
-109.25374602246002
31
6.5869068896692229e-15
6
DASHED
0
LINE
5
262
100
AcDbEntity
8
0
100
AcDbLine
10
62.369999932944786
20
-23.249999999999993
30
0
11
66.330000067055238
21
-23.249999999999993
31
0
6
DASHED
0
LINE
5
263
100
AcDbEntity
8
0
100
AcDbLine
10
66.330000067055238
20
-23.249999999999993
30
0
11
66.330000067055238
21
-26.050000044703477
31
0
6
DASHED
0
LINE
5
264
100
AcDbEntity
8
0
100
AcDbLine
10
66.330000067055238
20
-26.050000044703477
30
0
11
62.369999932944786
21
-26.050000044703477
31
0
6
DASHED
0
LINE
5
265
100
AcDbEntity
8
0
100
AcDbLine
10
62.369999932944786
20
-26.050000044703477
30
0
11
62.369999932944786
21
-23.249999999999993
31
0
6
DASHED
0
LINE
5
266
100
AcDbEntity
8
0
100
AcDbLine
10
80.119999932944751
20
-23.249999999999993
30
0
11
84.580000067055209
21
-23.249999999999993
31
0
6
DASHED
0
LINE
5
267
100
AcDbEntity
8
0
100
AcDbLine
10
84.580000067055209
20
-23.249999999999993
30
0
11
84.580000067055209
21
-26.020000044703476
31
0
6
DASHED
0
LINE
5
268
100
AcDbEntity
8
0
100
AcDbLine
10
84.580000067055209
20
-26.020000044703476
30
0
11
80.119999932944751
21
-26.020000044703476
31
0
6
DASHED
0
LINE
5
269
100
AcDbEntity
8
0
100
AcDbLine
10
80.119999932944751
20
-26.020000044703476
30
0
11
80.119999932944751
21
-23.249999999999993
31
0
6
DASHED
0
LINE
5
270
100
AcDbEntity
8
0
100
AcDbLine
10
98.099999932944769
20
-23.249999999999993
30
0
11
102.60000006705523
21
-23.249999999999993
31
0
6
DASHED
0
LINE
5
271
100
AcDbEntity
8
0
100
AcDbLine
10
102.60000006705523
20
-23.249999999999993
30
0
11
102.60000006705523
21
-26.150000044703475
31
0
6
DASHED
0
LINE
5
272
100
AcDbEntity
8
0
100
AcDbLine
10
102.60000006705523
20
-26.150000044703475
30
0
11
98.099999932944769
21
-26.150000044703475
31
0
6
DASHED
0
LINE
5
273
100
AcDbEntity
8
0
100
AcDbLine
10
98.099999932944769
20
-26.150000044703475
30
0
11
98.099999932944769
21
-23.249999999999993
31
0
6
DASHED
0
LINE
5
274
100
AcDbEntity
8
0
100
AcDbLine
10
116.09999993294478
20
-23.249999999999993
30
0
11
120.60000006705523
21
-23.249999999999993
31
0
6
DASHED
0
LINE
5
275
100
AcDbEntity
8
0
100
AcDbLine
10
120.60000006705523
20
-23.249999999999993
30
0
11
120.60000006705523
21
-26.050000044703477
31
0
6
DASHED
0
LINE
5
276
100
AcDbEntity
8
0
100
AcDbLine
10
120.60000006705523
20
-26.050000044703477
30
0
11
116.09999993294478
21
-26.050000044703477
31
0
6
DASHED
0
LINE
5
277
100
AcDbEntity
8
0
100
AcDbLine
10
116.09999993294478
20
-26.050000044703477
30
0
11
116.09999993294478
21
-23.249999999999993
31
0
6
DASHED
0
LINE
5
278
100
AcDbEntity
8
0
100
AcDbLine
10
134.0999999329448
20
-23.249999999999993
30
0
11
138.60000006705525
21
-23.249999999999993
31
0
6
DASHED
0
LINE
5
279
100
AcDbEntity
8
0
100
AcDbLine
10
138.60000006705525
20
-23.249999999999993
30
0
11
138.60000006705525
21
-26.150000044703475
31
0
6
DASHED
0
LINE
5
280
100
AcDbEntity
8
0
100
AcDbLine
10
138.60000006705525
20
-26.150000044703475
30
0
11
134.0999999329448
21
-26.150000044703475
31
0
6
DASHED
0
LINE
5
281
100
AcDbEntity
8
0
100
AcDbLine
10
134.0999999329448
20
-26.150000044703475
30
0
11
134.0999999329448
21
-23.249999999999993
31
0
6
DASHED
0
LINE
5
282
100
AcDbEntity
8
0
100
AcDbLine
10
152.11999993294478
20
-23.249999999999993
30
0
11
156.58000006705524
21
-23.249999999999993
31
0
6
DASHED
0
LINE
5
283
100
AcDbEntity
8
0
100
AcDbLine
10
156.58000006705524
20
-23.249999999999993
30
0
11
156.58000006705524
21
-25.850000044703478
31
0
6
DASHED
0
LINE
5
284
100
AcDbEntity
8
0
100
AcDbLine
10
156.58000006705524
20
-25.850000044703478
30
0
11
152.11999993294478
21
-25.850000044703478
31
0
6
DASHED
0
LINE
5
285
100
AcDbEntity
8
0
100
AcDbLine
10
152.11999993294478
20
-25.850000044703478
30
0
11
152.11999993294478
21
-23.249999999999993
31
0
6
DASHED
0
CIRCLE
5
286
100
AcDbEntity
8
0
100
AcDbCircle
10
203.51895381804235
20
-31.399998256564132
30
8.0197220288963565e-15
40
23.500000000000007
210
0
220
0
230
1
0
CIRCLE
5
287
100
AcDbEntity
8
0
100
AcDbCircle
10
6.500000002483528
20
-123.5
30
0
40
1.5000000000000022
210
0
220
0
230
1
0
LWPOLYLINE
5
288
100
AcDbEntity
8
0
100
AcDbPolyline
90
4
70
1
43
0.0
10
164.21300779827465
20
-41.057414691394236
10
54.198002574361858
20
-41.060001997755826
10
54.198002574361858
20
-107.08769635403146
10
164.21301313158747
20
-107.0875085858803
0
LWPOLYLINE
5
289
100
AcDbEntity
8
0
100
AcDbPolyline
90
4
70
1
43
0.0
10
169.85000165402892
20
-38.000001117587139
10
48.540001654028941
20
-38.000001117587146
10
48.540001654028835
20
-114.40000111758714
10
169.85000165402892
20
-114.40000111758714
0
LWPOLYLINE
5
290
100
AcDbEntity
8
0
100
AcDbPolyline
90
4
70
1
43
0.0
10
177.50000165402892
20
-34.100001117587112
10
40.800001654028947
20
-34.100001117587162
10
40.800001654028875
20
-118.28000111758718
10
177.50000165402884
20
-118.28000111758718
0
CIRCLE
5
291
100
AcDbEntity
8
0
100
AcDbCircle
10
174.00000165402884
20
-114.78000111758718
30
0
40
2.5
210
0
220
0
230
1
0
CIRCLE
5
292
100
AcDbEntity
8
0
100
AcDbCircle
10
174.00000165402884
20
-37.600001117587119
30
0
40
2.5
210
0
220
0
230
1
0
CIRCLE
5
293
100
AcDbEntity
8
0
100
AcDbCircle
10
44.300001654028804
20
-114.78000111758718
30
0
40
2.5
210
0
220
0
230
1
0
CIRCLE
5
294
100
AcDbEntity
8
0
100
AcDbCircle
10
44.300001654028947
20
-37.600001117587112
30
0
40
2.5
210
0
220
0
230
1
0
CIRCLE
5
295
100
AcDbEntity
8
0
100
AcDbCircle
10
52.335949481884199
20
-26.999162854971747
30
0
40
2.5
210
0
220
0
230
1
0
CIRCLE
5
296
100
AcDbEntity
8
0
100
AcDbCircle
10
182.69999999999996
20
-112.45999999999998
30
0
40
2.5
210
0
220
0
230
1
0
CIRCLE
5
297
100
AcDbEntity
8
0
100
AcDbCircle
10
182.60000534653656
20
-61.287999999999982
30
0
40
2.5
210
0
220
0
230
1
0
CIRCLE
5
298
100
AcDbEntity
8
0
100
AcDbCircle
10
225.99999999999997
20
-112.45999999999997
30
0
40
2.5
210
0
220
0
230
1
0
CIRCLE
5
299
100
AcDbEntity
8
0
100
AcDbCircle
10
225.90000534653657
20
-61.287999999999968
30
0
40
2.5
210
0
220
0
230
1
0
CIRCLE
5
300
100
AcDbEntity
8
0
100
AcDbCircle
10
17.92907992623342
20
-110.62843651293149
30
0
40
2.5
210
0
220
0
230
1
0
CIRCLE
5
301
100
AcDbEntity
8
0
100
AcDbCircle
10
35.634999999999984
20
-57.636272624594554
30
0
40
2.5
210
0
220
0
230
1
0
CIRCLE
5
302
100
AcDbEntity
8
0
100
AcDbCircle
10
-21.000000050291419
20
-43.000000282501176
30
1.6471499454690827e-14
40
7.6500000000000012
210
1.2246467991473532e-16
220
0
230
-1
0
CIRCLE
5
303
100
AcDbEntity
8
0
100
AcDbCircle
10
-21.000000050291419
20
-43.000000282501176
30
1.6471499454690827e-14
40
4.2000000000000002
210
1.2246467991473532e-16
220
0
230
-1
0
CIRCLE
5
304
100
AcDbEntity
8
0
100
AcDbCircle
10
-240.00000189438279
20
-104.99831256064243
30
1.6287802660654777e-14
40
3.4000000000000004
210
1.2246467991473532e-16
220
0
230
-1
0
CIRCLE
5
305
100
AcDbEntity
8
0
100
AcDbCircle
10
-240.00000189438282
20
-67.998312560642432
30
1.628780266065478e-14
40
3.4000000000000004
210
1.2246467991473532e-16
220
0
230
-1
0
CIRCLE
5
306
100
AcDbEntity
8
0
100
AcDbCircle
10
203.51895381804235
20
-31.399998256564132
30
8.0197220288963565e-15
40
6.5
210
0
220
0
230
1
0
CIRCLE
5
307
100
AcDbEntity
8
0
100
AcDbCircle
10
203.51895381804235
20
-31.399998256564132
30
8.0197220288963565e-15
40
7.5000000000000044
210
0
220
0
230
1
0
CIRCLE
5
308
100
AcDbEntity
8
0
100
AcDbCircle
10
21.000000355749059
20
-19.000000282501183
30
-1.5063155629512445e-14
40
9.5
210
0
220
0
230
1
0
LWPOLYLINE
5
309
100
AcDbEntity
8
0
100
AcDbPolyline
90
8
70
1
43
0.0
10
222.99999999999997
20
-102.15999999999995
10
214
20
-102.15999999999995
42
0.41421356237310542
10
213.49999999999997
20
-102.65999999999998
10
213.49999999999997
20
-106.65999999999997
42
0.41421356237310542
10
214
20
-107.16
10
222.99999999999997
20
-107.16
42
0.41421356237310542
10
223.49999999999997
20
-106.65999999999997
10
223.49999999999997
20
-102.65999999999998
42
0.41421356237310542
0
LINE
5
310
100
AcDbEntity
8
0
100
AcDbLine
10
223.49999999999997
20
-102.15999999999997
30
-2.3403209900963962e-14
11
213.49999999999997
21
-107.15999999999997
31
4.0915659128771107e-14
6
DASHED
0
LINE
5
311
100
AcDbEntity
8
0
100
AcDbLine
10
213.49999999999997
20
-102.15999999999997
30
-2.3403209900963962e-14
11
223.49999999999997
21
-107.15999999999997
31
-2.3403209900963962e-14
6
DASHED
0
LWPOLYLINE
5
312
100
AcDbEntity
8
0
100
AcDbPolyline
90
8
70
1
43
0.0
10
33.5
20
-111.16
10
24.499999999999996
20
-111.16
42
0.41421356237308721
10
24.000000000000004
20
-111.66
10
24
20
-115.66
42
0.41421356237308721
10
24.499999999999996
20
-116.16
10
33.5
20
-116.16
42
0.41421356237308721
10
33.999999999999993
20
-115.66
10
33.999999999999993
20
-111.66
42
0.41421356237308721
0
LINE
5
313
100
AcDbEntity
8
0
100
AcDbLine
10
34
20
-111.16
30
1.368059697456839e-13
11
24
21
-116.16
31
-1.6252355252777833e-13
6
DASHED
0
LINE
5
314
100
AcDbEntity
8
0
100
AcDbLine
10
24
20
-111.16
30
1.368059697456839e-13
11
34
21
-116.16
31
1.368059697456839e-13
6
DASHED
0
LWPOLYLINE
5
315
100
AcDbEntity
8
0
100
AcDbPolyline
90
8
70
1
43
0.0
10
68.850000000000009
20
-16.149999999999991
10
59.850000000000001
20
-16.149999999999991
42
0.41421356237309631
10
59.350000000000009
20
-16.649999999999995
10
59.350000000000009
20
-20.649999999999995
42
0.41421356237309503
10
59.850000000000001
20
-21.149999999999991
10
68.850000000000009
20
-21.149999999999991
42
0.41421356237309503
10
69.350000000000009
20
-20.649999999999995
10
69.350000000000009
20
-16.649999999999995
42
0.41421356237309631
0
LINE
5
316
100
AcDbEntity
8
0
100
AcDbLine
10
69.350000000000009
20
-16.149999999999991
30
5.8653849316970978e-14
11
59.350000000000009
21
-21.149999999999991
31
-7.7390945343925494e-14
0
LINE
5
317
100
AcDbEntity
8
0
100
AcDbLine
10
59.350000000000009
20
-16.149999999999991
30
5.8653849316970978e-14
11
69.350000000000009
21
-21.149999999999991
31
5.8653849316970978e-14
0
LWPOLYLINE
5
318
100
AcDbEntity
8
0
100
AcDbPolyline
90
8
70
1
43
0.0
10
24.499999999999996
20
-99.159999999999997
42
0.41421356237308721
10
24.000000000000004
20
-99.660000000000011
10
24
20
-103.66
42
0.41421356237308721
10
24.499999999999996
20
-104.16
10
33.5
20
-104.16
42
0.41421356237308721
10
33.999999999999993
20
-103.66
10
33.999999999999993
20
-99.660000000000011
42
0.41421356237308721
10
33.5
20
-99.159999999999997
0
LINE
5
319
100
AcDbEntity
8
0
100
AcDbLine
10
34
20
-99.159999999999997
30
1.368059697456839e-13
11
24
21
-104.16
31
-1.6252355252777833e-13
6
DASHED
0
LINE
5
320
100
AcDbEntity
8
0
100
AcDbLine
10
24
20
-99.159999999999997
30
1.368059697456839e-13
11
34
21
-104.16
31
1.368059697456839e-13
6
DASHED
0
LWPOLYLINE
5
321
100
AcDbEntity
8
0
100
AcDbPolyline
90
8
70
1
43
0.0
10
9.4999999999999964
20
-99.159999999999997
42
0.41421356237308721
10
9.0000000000000036
20
-99.660000000000011
10
9
20
-103.66
42
0.41421356237308721
10
9.4999999999999964
20
-104.16
10
18.5
20
-104.16
42
0.41421356237308721
10
18.999999999999993
20
-103.66
10
18.999999999999993
20
-99.660000000000011
42
0.41421356237308721
10
18.5
20
-99.159999999999997
0
LINE
5
322
100
AcDbEntity
8
0
100
AcDbLine
10
19
20
-99.159999999999997
30
1.368059697456839e-13
11
9
21
-104.16
31
-1.6252355252777833e-13
6
DASHED
0
LINE
5
323
100
AcDbEntity
8
0
100
AcDbLine
10
9
20
-99.159999999999997
30
1.368059697456839e-13
11
19
21
-104.16
31
1.368059697456839e-13
6
DASHED
0
LWPOLYLINE
5
324
100
AcDbEntity
8
0
100
AcDbPolyline
90
8
70
1
43
0.0
10
24.499999999999996
20
-87.159999999999997
42
0.41421356237308721
10
24.000000000000004
20
-87.659999999999997
10
24
20
-91.659999999999982
42
0.41421356237308721
10
24.499999999999996
20
-92.159999999999997
10
33.5
20
-92.159999999999997
42
0.41421356237308721
10
33.999999999999993
20
-91.659999999999982
10
33.999999999999993
20
-87.659999999999997
42
0.41421356237308721
10
33.5
20
-87.159999999999997
0
LINE
5
325
100
AcDbEntity
8
0
100
AcDbLine
10
34
20
-87.159999999999997
30
1.368059697456839e-13
11
24
21
-92.159999999999997
31
-1.6252355252777833e-13
6
DASHED
0
LINE
5
326
100
AcDbEntity
8
0
100
AcDbLine
10
24
20
-87.159999999999997
30
1.368059697456839e-13
11
34
21
-92.159999999999997
31
1.368059697456839e-13
6
DASHED
0
LWPOLYLINE
5
327
100
AcDbEntity
8
0
100
AcDbPolyline
90
8
70
1
43
0.0
10
9.5
20
-87.159999999999997
42
0.41421356237308721
10
9.0000000000000053
20
-87.659999999999997
10
9.0000000000000018
20
-91.659999999999982
42
0.41421356237308721
10
9.5
20
-92.159999999999997
10
18.500000000000004
20
-92.159999999999997
42
0.41421356237308721
10
18.999999999999996
20
-91.659999999999982
10
18.999999999999996
20
-87.659999999999997
42
0.41421356237308721
10
18.500000000000004
20
-87.159999999999997
0
LINE
5
328
100
AcDbEntity
8
0
100
AcDbLine
10
19
20
-87.159999999999997
30
1.368059697456839e-13
11
9.0000000000000018
21
-92.159999999999997
31
-1.6252355252777833e-13
6
DASHED
0
LINE
5
329
100
AcDbEntity
8
0
100
AcDbLine
10
9.0000000000000018
20
-87.159999999999997
30
1.368059697456839e-13
11
19
21
-92.159999999999997
31
1.368059697456839e-13
6
DASHED
0
ARC
5
330
100
AcDbEntity
8
0
100
AcDbCircle
10
24.500000000000011
20
-75.659999999999997
30
1.0687301751833575e-13
40
0.50000000000000711
210
1.7378368102921619e-27
220
-5.9865904454695457e-14
230
1
100
AcDbArc
50
90.000000000001634
51
180
0
LINE
5
331
100
AcDbEntity
8
0
100
AcDbLine
10
24.000000000000004
20
-75.659999999999997
30
1.0687301751833663e-13
11
24
21
-79.659999999999982
31
-1.3259060030043167e-13
0
ARC
5
332
100
AcDbEntity
8
0
100
AcDbCircle
10
33.499999999999986
20
-75.659999999999997
30
1.368059697456839e-13
40
0.50000000000000711
210
3.1554436208840024e-29
220
-8.407790785948963e-43
230
1
100
AcDbArc
50
0
51
89.99999999999838
0
LINE
5
333
100
AcDbEntity
8
0
100
AcDbLine
10
33.999999999999993
20
-79.659999999999982
30
1.3680596974568367e-13
11
33.999999999999993
21
-75.659999999999997
31
1.3680596974568387e-13
0
LINE
5
334
100
AcDbEntity
8
0
100
AcDbLine
10
33.5
20
-75.159999999999997
30
1.368059697456839e-13
11
24.499999999999996
21
-75.159999999999997
31
1.368059697456839e-13
0
LINE
5
335
100
AcDbEntity
8
0
100
AcDbLine
10
24.499999999999996
20
-80.159999999999982
30
-1.4755707641410598e-13
11
33.5
21
-80.159999999999982
31
1.2183949363201084e-13
0
LINE
5
336
100
AcDbEntity
8
0
100
AcDbLine
10
34
20
-75.159999999999997
30
1.368059697456839e-13
11
24
21
-80.159999999999982
31
-1.6252355252777833e-13
6
DASHED
0
ARC
5
337
100
AcDbEntity
8
0
100
AcDbCircle
10
33.499999999999986
20
-79.659999999999982
30
1.2183949363201024e-13
40
0.49999999999999822
210
-2.9932952227346384e-14
220
4.0149450974862377e-28
230
1
100
AcDbArc
50
-89.99999999999838
51
0
0
ARC
5
338
100
AcDbEntity
8
0
100
AcDbCircle
10
24.500000000000011
20
-79.659999999999982
30
-1.1762412418675776e-13
40
0.50000000000001155
210
-2.9932952227347141e-14
220
-5.9865904454694295e-14
230
1
100
AcDbArc
50
180
51
269.99999999999835
0
LINE
5
339
100
AcDbEntity
8
0
100
AcDbLine
10
24
20
-75.159999999999997
30
1.368059697456839e-13
11
34
21
-80.159999999999982
31
1.368059697456839e-13
6
DASHED
0
LWPOLYLINE
5
340
100
AcDbEntity
8
0
100
AcDbPolyline
90
8
70
1
43
0.0
10
9.4999999999999964
20
-75.159999999999997
42
0.41421356237308721
10
9.0000000000000036
20
-75.659999999999997
10
9
20
-79.659999999999982
42
0.41421356237308721
10
9.4999999999999964
20
-80.159999999999982
10
18.5
20
-80.159999999999982
42
0.41421356237308721
10
18.999999999999993
20
-79.659999999999982
10
18.999999999999993
20
-75.659999999999997
42
0.41421356237308721
10
18.5
20
-75.159999999999997
0
LINE
5
341
100
AcDbEntity
8
0
100
AcDbLine
10
19
20
-75.159999999999997
30
1.368059697456839e-13
11
9
21
-80.159999999999982
31
-1.6252355252777833e-13
6
DASHED
0
LINE
5
342
100
AcDbEntity
8
0
100
AcDbLine
10
9
20
-75.159999999999997
30
1.368059697456839e-13
11
19
21
-80.159999999999982
31
1.368059697456839e-13
6
DASHED
0
LWPOLYLINE
5
343
100
AcDbEntity
8
0
100
AcDbPolyline
90
8
70
1
43
0.0
10
24.499999999999996
20
-63.159999999999989
42
0.41421356237308721
10
24.000000000000004
20
-63.659999999999997
10
24
20
-67.659999999999982
42
0.41421356237308721
10
24.499999999999996
20
-68.159999999999997
10
33.5
20
-68.159999999999997
42
0.41421356237308721
10
33.999999999999993
20
-67.659999999999982
10
33.999999999999993
20
-63.659999999999997
42
0.41421356237308721
10
33.5
20
-63.159999999999989
0
LINE
5
344
100
AcDbEntity
8
0
100
AcDbLine
10
34
20
-63.159999999999989
30
1.368059697456839e-13
11
24
21
-68.159999999999997
31
-1.6252355252777833e-13
6
DASHED
0
LINE
5
345
100
AcDbEntity
8
0
100
AcDbLine
10
24
20
-63.159999999999989
30
1.368059697456839e-13
11
34
21
-68.159999999999997
31
1.368059697456839e-13
6
DASHED
0
LWPOLYLINE
5
346
100
AcDbEntity
8
0
100
AcDbPolyline
90
8
70
1
43
0.0
10
9.4999999999999964
20
-63.159999999999989
42
0.41421356237308721
10
9.0000000000000036
20
-63.659999999999997
10
9
20
-67.659999999999982
42
0.41421356237308721
10
9.4999999999999964
20
-68.159999999999997
10
18.5
20
-68.159999999999997
42
0.41421356237308721
10
18.999999999999993
20
-67.659999999999982
10
18.999999999999993
20
-63.659999999999997
42
0.41421356237308721
10
18.5
20
-63.159999999999989
0
LINE
5
347
100
AcDbEntity
8
0
100
AcDbLine
10
19
20
-63.159999999999989
30
1.368059697456839e-13
11
9
21
-68.159999999999997
31
-1.6252355252777833e-13
6
DASHED
0
LINE
5
348
100
AcDbEntity
8
0
100
AcDbLine
10
9
20
-63.159999999999989
30
1.368059697456839e-13
11
19
21
-68.159999999999997
31
1.368059697456839e-13
6
DASHED
0
LINE
5
349
100
AcDbEntity
8
0
100
AcDbLine
10
208.49999999999997
20
-102.15999999999997
30
-2.3403209900963962e-14
11
198.49999999999997
21
-107.15999999999997
31
4.0915659128771107e-14
6
DASHED
0
LWPOLYLINE
5
350
100
AcDbEntity
8
0
100
AcDbPolyline
90
8
70
1
43
0.0
10
207.99999999999997
20
-102.15999999999995
10
199
20
-102.15999999999995
42
0.41421356237310542
10
198.49999999999997
20
-102.65999999999998
10
198.49999999999997
20
-106.65999999999997
42
0.41421356237310542
10
199
20
-107.16
10
207.99999999999997
20
-107.16
42
0.41421356237310542
10
208.49999999999997
20
-106.65999999999997
10
208.49999999999997
20
-102.65999999999998
42
0.41421356237310542
0
LINE
5
351
100
AcDbEntity
8
0
100
AcDbLine
10
198.49999999999997
20
-102.15999999999997
30
-2.3403209900963962e-14
11
208.49999999999997
21
-107.15999999999997
31
-2.3403209900963962e-14
6
DASHED
0
LINE
5
352
100
AcDbEntity
8
0
100
AcDbLine
10
193.49999999999997
20
-102.15999999999997
30
-2.3403209900963962e-14
11
183.49999999999997
21
-107.15999999999997
31
4.0915659128771107e-14
6
DASHED
0
LWPOLYLINE
5
353
100
AcDbEntity
8
0
100
AcDbPolyline
90
8
70
1
43
0.0
10
192.99999999999997
20
-102.15999999999995
10
184
20
-102.15999999999995
42
0.41421356237310542
10
183.49999999999997
20
-102.65999999999998
10
183.49999999999997
20
-106.65999999999997
42
0.41421356237310542
10
184
20
-107.16
10
192.99999999999997
20
-107.16
42
0.41421356237310542
10
193.49999999999997
20
-106.65999999999997
10
193.49999999999997
20
-102.65999999999998
42
0.41421356237310542
0
LINE
5
354
100
AcDbEntity
8
0
100
AcDbLine
10
183.49999999999997
20
-102.15999999999997
30
-2.3403209900963962e-14
11
193.49999999999997
21
-107.15999999999997
31
-2.3403209900963962e-14
6
DASHED
0
LINE
5
355
100
AcDbEntity
8
0
100
AcDbLine
10
223.49999999999997
20
-90.159999999999982
30
-2.3403209900963962e-14
11
213.49999999999997
21
-95.159999999999982
31
4.0915659128771107e-14
6
DASHED
0
LWPOLYLINE
5
356
100
AcDbEntity
8
0
100
AcDbPolyline
90
8
70
1
43
0.0
10
222.99999999999997
20
-90.15999999999994
10
214
20
-90.15999999999994
42
0.41421356237311585
10
213.49999999999997
20
-90.659999999999997
10
213.49999999999997
20
-94.659999999999968
42
0.41421356237309503
10
214
20
-95.159999999999982
10
222.99999999999997
20
-95.159999999999982
42
0.41421356237309503
10
223.49999999999997
20
-94.659999999999968
10
223.49999999999997
20
-90.659999999999997
42
0.41421356237311585
0
LINE
5
357
100
AcDbEntity
8
0
100
AcDbLine
10
213.49999999999997
20
-90.159999999999982
30
-2.3403209900963962e-14
11
223.49999999999997
21
-95.159999999999982
31
-2.3403209900963962e-14
6
DASHED
0
LINE
5
358
100
AcDbEntity
8
0
100
AcDbLine
10
208.49999999999997
20
-90.159999999999982
30
-2.3403209900963962e-14
11
198.49999999999997
21
-95.159999999999982
31
4.0915659128771107e-14
6
DASHED
0
LWPOLYLINE
5
359
100
AcDbEntity
8
0
100
AcDbPolyline
90
8
70
1
43
0.0
10
207.99999999999997
20
-90.15999999999994
10
199
20
-90.15999999999994
42
0.41421356237311585
10
198.49999999999997
20
-90.659999999999997
10
198.49999999999997
20
-94.659999999999968
42
0.41421356237309503
10
199
20
-95.159999999999982
10
207.99999999999997
20
-95.159999999999982
42
0.41421356237309503
10
208.49999999999997
20
-94.659999999999968
10
208.49999999999997
20
-90.659999999999997
42
0.41421356237311585
0
LINE
5
360
100
AcDbEntity
8
0
100
AcDbLine
10
198.49999999999997
20
-90.159999999999982
30
-2.3403209900963962e-14
11
208.49999999999997
21
-95.159999999999982
31
-2.3403209900963962e-14
6
DASHED
0
LINE
5
361
100
AcDbEntity
8
0
100
AcDbLine
10
193.49999999999997
20
-90.159999999999982
30
-2.3403209900963962e-14
11
183.49999999999997
21
-95.159999999999982
31
4.0915659128771107e-14
6
DASHED
0
LWPOLYLINE
5
362
100
AcDbEntity
8
0
100
AcDbPolyline
90
8
70
1
43
0.0
10
192.99999999999997
20
-90.15999999999994
10
184
20
-90.15999999999994
42
0.41421356237311585
10
183.49999999999997
20
-90.659999999999997
10
183.49999999999997
20
-94.659999999999968
42
0.41421356237309503
10
184
20
-95.159999999999982
10
192.99999999999997
20
-95.159999999999982
42
0.41421356237309503
10
193.49999999999997
20
-94.659999999999968
10
193.49999999999997
20
-90.659999999999997
42
0.41421356237311585
0
LINE
5
363
100
AcDbEntity
8
0
100
AcDbLine
10
183.49999999999997
20
-90.159999999999982
30
-2.3403209900963962e-14
11
193.49999999999997
21
-95.159999999999982
31
-2.3403209900963962e-14
6
DASHED
0
LINE
5
364
100
AcDbEntity
8
0
100
AcDbLine
10
223.49999999999997
20
-78.159999999999968
30
-2.3403209900963962e-14
11
213.49999999999997
21
-83.159999999999968
31
4.0915659128771107e-14
6
DASHED
0
LWPOLYLINE
5
365
100
AcDbEntity
8
0
100
AcDbPolyline
90
8
70
1
43
0.0
10
222.99999999999997
20
-78.159999999999954
10
214
20
-78.159999999999954
42
0.41421356237310542
10
213.49999999999997
20
-78.659999999999982
10
213.49999999999997
20
-82.659999999999968
42
0.41421356237310542
10
214
20
-83.159999999999997
10
222.99999999999997
20
-83.159999999999997
42
0.41421356237310542
10
223.49999999999997
20
-82.659999999999968
10
223.49999999999997
20
-78.659999999999982
42
0.41421356237310542
0
LINE
5
366
100
AcDbEntity
8
0
100
AcDbLine
10
213.49999999999997
20
-78.159999999999968
30
-2.3403209900963962e-14
11
223.49999999999997
21
-83.159999999999968
31
-2.3403209900963962e-14
6
DASHED
0
LINE
5
367
100
AcDbEntity
8
0
100
AcDbLine
10
208.49999999999997
20
-78.159999999999968
30
-2.3403209900963962e-14
11
198.49999999999997
21
-83.159999999999968
31
4.0915659128771107e-14
6
DASHED
0
LWPOLYLINE
5
368
100
AcDbEntity
8
0
100
AcDbPolyline
90
8
70
1
43
0.0
10
207.99999999999997
20
-78.159999999999954
10
199
20
-78.159999999999954
42
0.41421356237310542
10
198.49999999999997
20
-78.659999999999982
10
198.49999999999997
20
-82.659999999999968
42
0.41421356237310542
10
199
20
-83.159999999999997
10
207.99999999999997
20
-83.159999999999997
42
0.41421356237310542
10
208.49999999999997
20
-82.659999999999968
10
208.49999999999997
20
-78.659999999999982
42
0.41421356237310542
0
LINE
5
369
100
AcDbEntity
8
0
100
AcDbLine
10
198.49999999999997
20
-78.159999999999968
30
-2.3403209900963962e-14
11
208.49999999999997
21
-83.159999999999968
31
-2.3403209900963962e-14
6
DASHED
0
LINE
5
370
100
AcDbEntity
8
0
100
AcDbLine
10
193.49999999999997
20
-78.159999999999968
30
-2.3403209900963962e-14
11
183.49999999999997
21
-83.159999999999968
31
4.0915659128771107e-14
6
DASHED
0
LWPOLYLINE
5
371
100
AcDbEntity
8
0
100
AcDbPolyline
90
8
70
1
43
0.0
10
192.99999999999997
20
-78.159999999999954
10
184
20
-78.159999999999954
42
0.41421356237310542
10
183.49999999999997
20
-78.659999999999982
10
183.49999999999997
20
-82.659999999999968
42
0.41421356237310542
10
184
20
-83.159999999999997
10
192.99999999999997
20
-83.159999999999997
42
0.41421356237310542
10
193.49999999999997
20
-82.659999999999968
10
193.49999999999997
20
-78.659999999999982
42
0.41421356237310542
0
LINE
5
372
100
AcDbEntity
8
0
100
AcDbLine
10
183.49999999999997
20
-78.159999999999968
30
-2.3403209900963962e-14
11
193.49999999999997
21
-83.159999999999968
31
-2.3403209900963962e-14
6
DASHED
0
LINE
5
373
100
AcDbEntity
8
0
100
AcDbLine
10
223.49999999999997
20
-66.159999999999968
30
-2.3403209900963962e-14
11
213.49999999999997
21
-71.159999999999968
31
4.0915659128771107e-14
6
DASHED
0
LWPOLYLINE
5
374
100
AcDbEntity
8
0
100
AcDbPolyline
90
8
70
1
43
0.0
10
222.99999999999997
20
-66.159999999999954
10
214
20
-66.159999999999954
42
0.41421356237310542
10
213.49999999999997
20
-66.659999999999982
10
213.49999999999997
20
-70.659999999999968
42
0.41421356237310542
10
214
20
-71.159999999999982
10
222.99999999999997
20
-71.159999999999982
42
0.41421356237310542
10
223.49999999999997
20
-70.659999999999968
10
223.49999999999997
20
-66.659999999999982
42
0.41421356237310542
0
LINE
5
375
100
AcDbEntity
8
0
100
AcDbLine
10
213.49999999999997
20
-66.159999999999968
30
-2.3403209900963962e-14
11
223.49999999999997
21
-71.159999999999968
31
-2.3403209900963962e-14
6
DASHED
0
LINE
5
376
100
AcDbEntity
8
0
100
AcDbLine
10
208.49999999999997
20
-66.159999999999968
30
-2.3403209900963962e-14
11
198.49999999999997
21
-71.159999999999968
31
4.0915659128771107e-14
6
DASHED
0
LWPOLYLINE
5
377
100
AcDbEntity
8
0
100
AcDbPolyline
90
8
70
1
43
0.0
10
207.99999999999997
20
-66.159999999999954
10
199
20
-66.159999999999954
42
0.41421356237310542
10
198.49999999999997
20
-66.659999999999982
10
198.49999999999997
20
-70.659999999999968
42
0.41421356237310542
10
199
20
-71.159999999999982
10
207.99999999999997
20
-71.159999999999982
42
0.41421356237310542
10
208.49999999999997
20
-70.659999999999968
10
208.49999999999997
20
-66.659999999999982
42
0.41421356237310542
0
LINE
5
378
100
AcDbEntity
8
0
100
AcDbLine
10
198.49999999999997
20
-66.159999999999968
30
-2.3403209900963962e-14
11
208.49999999999997
21
-71.159999999999968
31
-2.3403209900963962e-14
6
DASHED
0
LINE
5
379
100
AcDbEntity
8
0
100
AcDbLine
10
193.49999999999997
20
-66.159999999999968
30
-2.3403209900963962e-14
11
183.49999999999997
21
-71.159999999999968
31
4.0915659128771107e-14
6
DASHED
0
LWPOLYLINE
5
380
100
AcDbEntity
8
0
100
AcDbPolyline
90
8
70
1
43
0.0
10
192.99999999999997
20
-66.159999999999954
10
184
20
-66.159999999999954
42
0.41421356237310542
10
183.49999999999997
20
-66.659999999999982
10
183.49999999999997
20
-70.659999999999968
42
0.41421356237310542
10
184
20
-71.159999999999982
10
192.99999999999997
20
-71.159999999999982
42
0.41421356237310542
10
193.49999999999997
20
-70.659999999999968
10
193.49999999999997
20
-66.659999999999982
42
0.41421356237310542
0
LINE
5
381
100
AcDbEntity
8
0
100
AcDbLine
10
183.49999999999997
20
-66.159999999999968
30
-2.3403209900963962e-14
11
193.49999999999997
21
-71.159999999999968
31
-2.3403209900963962e-14
6
DASHED
0
LWPOLYLINE
5
382
100
AcDbEntity
8
0
100
AcDbPolyline
90
8
70
1
43
0.0
10
86.850000000000009
20
-21.149999999999991
42
0.41421356237309503
10
87.350000000000009
20
-20.649999999999995
10
87.350000000000009
20
-16.649999999999995
42
0.41421356237309631
10
86.850000000000009
20
-16.149999999999991
10
77.849999999999994
20
-16.149999999999991
42
0.41421356237309631
10
77.350000000000009
20
-16.649999999999995
10
77.350000000000009
20
-20.649999999999995
42
0.41421356237309503
10
77.849999999999994
20
-21.149999999999991
0
LINE
5
383
100
AcDbEntity
8
0
100
AcDbLine
10
77.350000000000009
20
-16.149999999999991
30
5.8653849316970978e-14
11
87.350000000000009
21
-21.149999999999991
31
5.8653849316970978e-14
0
LINE
5
384
100
AcDbEntity
8
0
100
AcDbLine
10
87.350000000000009
20
-16.149999999999991
30
5.8653849316970978e-14
11
77.350000000000009
21
-21.149999999999991
31
-7.7390945343925494e-14
0
LWPOLYLINE
5
385
100
AcDbEntity
8
0
100
AcDbPolyline
90
8
70
1
43
0.0
10
104.85000000000001
20
-21.149999999999991
42
0.41421356237309503
10
105.34999999999999
20
-20.649999999999995
10
105.34999999999999
20
-16.649999999999995
42
0.41421356237309631
10
104.85000000000001
20
-16.149999999999991
10
95.850000000000009
20
-16.149999999999991
42
0.41421356237309631
10
95.349999999999994
20
-16.649999999999995
10
95.349999999999994
20
-20.649999999999995
42
0.41421356237309503
10
95.850000000000009
20
-21.149999999999991
0
LINE
5
386
100
AcDbEntity
8
0
100
AcDbLine
10
95.349999999999994
20
-16.149999999999991
30
5.8653849316970978e-14
11
105.34999999999999
21
-21.149999999999991
31
5.8653849316970978e-14
0
LINE
5
387
100
AcDbEntity
8
0
100
AcDbLine
10
105.34999999999999
20
-16.149999999999991
30
5.8653849316970978e-14
11
95.349999999999994
21
-21.149999999999991
31
-7.7390945343925494e-14
0
LWPOLYLINE
5
388
100
AcDbEntity
8
0
100
AcDbPolyline
90
8
70
1
43
0.0
10
122.84999999999999
20
-21.149999999999991
42
0.41421356237309503
10
123.35000000000001
20
-20.649999999999995
10
123.35000000000001
20
-16.649999999999995
42
0.41421356237309631
10
122.84999999999999
20
-16.149999999999991
10
113.85000000000002
20
-16.149999999999991
42
0.41421356237309631
10
113.35000000000001
20
-16.649999999999995
10
113.35000000000001
20
-20.649999999999995
42
0.41421356237309503
10
113.85000000000002
20
-21.149999999999991
0
LINE
5
389
100
AcDbEntity
8
0
100
AcDbLine
10
113.35000000000001
20
-16.149999999999991
30
5.8653849316970978e-14
11
123.35000000000001
21
-21.149999999999991
31
5.8653849316970978e-14
0
LINE
5
390
100
AcDbEntity
8
0
100
AcDbLine
10
123.35000000000001
20
-16.149999999999991
30
5.8653849316970978e-14
11
113.35000000000001
21
-21.149999999999991
31
-7.7390945343925494e-14
0
LWPOLYLINE
5
391
100
AcDbEntity
8
0
100
AcDbPolyline
90
8
70
1
43
0.0
10
140.85000000000002
20
-21.149999999999991
42
0.41421356237309503
10
141.35000000000002
20
-20.649999999999995
10
141.35000000000002
20
-16.649999999999995
42
0.41421356237309631
10
140.85000000000002
20
-16.149999999999991
10
131.84999999999999
20
-16.149999999999991
42
0.41421356237309631
10
131.35000000000002
20
-16.649999999999995
10
131.35000000000002
20
-20.649999999999995
42
0.41421356237309503
10
131.84999999999999
20
-21.149999999999991
0
LINE
5
392
100
AcDbEntity
8
0
100
AcDbLine
10
131.35000000000002
20
-16.149999999999991
30
5.8653849316970978e-14
11
141.35000000000002
21
-21.149999999999991
31
5.8653849316970978e-14
0
LINE
5
393
100
AcDbEntity
8
0
100
AcDbLine
10
141.35000000000002
20
-16.149999999999991
30
5.8653849316970978e-14
11
131.35000000000002
21
-21.149999999999991
31
-7.7390945343925494e-14
0
LWPOLYLINE
5
394
100
AcDbEntity
8
0
100
AcDbPolyline
90
8
70
1
43
0.0
10
158.85000000000002
20
-21.149999999999991
42
0.41421356237309503
10
159.34999999999999
20
-20.649999999999995
10
159.34999999999999
20
-16.649999999999995
42
0.41421356237309631
10
158.85000000000002
20
-16.149999999999991
10
149.84999999999999
20
-16.149999999999991
42
0.41421356237309631
10
149.34999999999999
20
-16.649999999999995
10
149.34999999999999
20
-20.649999999999995
42
0.41421356237309503
10
149.84999999999999
20
-21.149999999999991
0
LINE
5
395
100
AcDbEntity
8
0
100
AcDbLine
10
149.34999999999999
20
-16.149999999999991
30
5.8653849316970978e-14
11
159.34999999999999
21
-21.149999999999991
31
5.8653849316970978e-14
0
LINE
5
396
100
AcDbEntity
8
0
100
AcDbLine
10
159.34999999999999
20
-16.149999999999991
30
5.8653849316970978e-14
11
149.34999999999999
21
-21.149999999999991
31
-7.7390945343925494e-14
0
CIRCLE
5
397
100
AcDbEntity
8
0
100
AcDbCircle
10
248.50000000248357
20
-123.5
30
0
40
1.5000000000000022
210
0
220
0
230
1
0
CIRCLE
5
398
100
AcDbEntity
8
0
100
AcDbCircle
10
6.500000002483528
20
-6.4999999999999858
30
0
40
1.5000000000000022
210
0
220
0
230
1
0
CIRCLE
5
399
100
AcDbEntity
8
0
100
AcDbCircle
10
248.50000000248357
20
-6.4999999999999858
30
0
40
1.5000000000000022
210
0
220
0
230
1
0
CIRCLE
5
400
100
AcDbEntity
8
0
100
AcDbCircle
10
163.06294948188423
20
-26.999162854971747
30
0
40
2.5
210
0
220
0
230
1
0
CIRCLE
5
401
100
AcDbEntity
8
0
100
AcDbCircle
10
52.335949481884199
20
-9.9071628549717481
30
0
40
2.5
210
0
220
0
230
1
0
CIRCLE
5
402
100
AcDbEntity
8
0
100
AcDbCircle
10
163.06294948188423
20
-9.9071628549717481
30
0
40
2.5
210
0
220
0
230
1
0
CIRCLE
5
403
100
AcDbEntity
8
0
100
AcDbCircle
10
8.6349999999999802
20
-57.636272624594554
30
0
40
2.5000000000000022
210
0
220
0
230
1
0
LINE
5
404
100
AcDbEntity
8
0
100
AcDbLine
10
215.20327563235654
20
-97.249171281390034
30
6.5869068896692229e-15
11
221.79672436764344
21
-97.254828718609915
31
0
6
DASHED
0
LINE
5
405
100
AcDbEntity
8
0
100
AcDbLine
10
221.79672436764344
20
-97.254828718609915
30
0
11
221.794355590164
21
-100.01551562852298
31
-6.5869068896692229e-15
6
DASHED
0
LINE
5
406
100
AcDbEntity
8
0
100
AcDbLine
10
221.794355590164
20
-100.01551562852298
30
-6.5869068896692229e-15
11
215.20090685487699
21
-100.00985819130298
31
0
6
DASHED
0
LINE
5
407
100
AcDbEntity
8
0
100
AcDbLine
10
215.20090685487699
20
-100.00985819130298
30
0
11
215.20327563235654
21
-97.249171281390034
31
6.5869068896692229e-15
6
DASHED
0
CIRCLE
5
408
100
AcDbEntity
8
0
100
AcDbCircle
10
240.00000189438282
20
-67.998312560642432
30
1.3103720750876681e-14
40
6.8000000000000007
210
0
220
0
230
1
0
CIRCLE
5
409
100
AcDbEntity
8
0
100
AcDbCircle
10
240.00000189438279
20
-104.99831256064243
30
1.3103720750876681e-14
40
6.8000000000000007
210
0
220
0
230
1
0
CIRCLE
5
410
100
AcDbEntity
8
0
100
AcDbCircle
10
21.000000050291419
20
-43.000000282501176
30
-1.3899741170322461e-14
40
6.0000000000000009
210
0
220
0
230
1
0
LINE
5
411
100
AcDbEntity
8
0
100
AcDbLine
10
232.6500017677229
20
-86.598312523389581
30
0
11
247.35000202104266
21
-86.598312523389538
31
0
6
DASHED
0
LINE
5
412
100
AcDbEntity
8
0
100
AcDbLine
10
247.35000202104266
20
-86.598312523389538
30
0
11
247.35000202104266
21
-93.998312560647349
31
0
6
DASHED
0
LINE
5
413
100
AcDbEntity
8
0
100
AcDbLine
10
247.35000202104266
20
-93.998312560647349
30
0
11
232.6500017677229
21
-93.998312560647349
31
0
6
DASHED
0
LINE
5
414
100
AcDbEntity
8
0
100
AcDbLine
10
232.6500017677229
20
-93.998312560647349
30
0
11
232.6500017677229
21
-86.598312523389581
31
0
6
DASHED
0
LINE
5
415
100
AcDbEntity
8
0
100
AcDbLine
10
22.062585175186481
20
-118.12605873911596
30
-1.5602219634106448e-14
11
22.052438409563674
21
-120.92604036582436
31
-1.4462624589424852e-14
0
LINE
5
416
100
AcDbEntity
8
0
100
AcDbLine
10
22.052438409563674
20
-120.92604036582436
30
-1.4462624589424852e-14
11
22.959663090521254
21
-120.92932802889941
31
-1.4389533097314772e-14
0
SPLINE
5
417
100
AcDbEntity
8
0
100
AcDbSpline
70
0
71
2
72
6
73
3
74
0
42
0.000000001
43
0.0000000001
44
0.0000000001
40
0
40
0
40
0
40
1
40
1
40
1
10
22.959663090521254
20
-120.92932802889941
30
-1.4389533097314772e-14
10
23.475348511204817
20
-120.93119680512598
30
-1.4347986369532418e-14
10
23.632116471432852
20
-120.88974544731145
30
-1.4352470200245762e-14
0
SPLINE
5
418
100
AcDbEntity
8
0
100
AcDbSpline
70
0
71
2
72
6
73
3
74
0
42
0.000000001
43
0.0000000001
44
0.0000000001
40
0
40
0
40
0
40
1
40
1
40
1
10
23.632116471432852
20
-120.88974544731145
30
-1.4352470200245762e-14
10
23.87299809360918
20
-120.82758932321664
30
-1.4358734267898384e-14
10
24.036108353462502
20
-120.6171286661812
30
-1.4431551862809531e-14
0
SPLINE
5
419
100
AcDbEntity
8
0
100
AcDbSpline
70
0
71
2
72
6
73
3
74
0
42
0.000000001
43
0.0000000001
44
0.0000000001
40
0
40
0
40
0
40
1
40
1
40
1
10
24.036108353462502
20
-120.6171286661812
30
-1.4431551862809531e-14
10
24.199218613855827
20
-120.40666786013514
30
-1.4504369518368137e-14
10
24.200429858196365
20
-120.07242717447873
30
-1.4640405778560598e-14
0
SPLINE
5
420
100
AcDbEntity
8
0
100
AcDbSpline
70
0
71
2
72
6
73
3
74
0
42
0.000000001
43
0.0000000001
44
0.0000000001
40
0
40
0
40
0
40
1
40
1
40
1
10
24.200429858196365
20
-120.07242717447873
30
-1.4640405778560598e-14
10
24.201364246579644
20
-119.81458438963165
30
-1.474534802429386e-14
10
24.108413694120667
20
-119.63853026332791
30
-1.4824404137704679e-14
0
SPLINE
5
421
100
AcDbEntity
8
0
100
AcDbSpline
70
0
71
2
72
6
73
3
74
0
42
0.000000001
43
0.0000000001
44
0.0000000001
40
0
40
0
40
0
40
1
40
1
40
1
10
24.108413694120667
20
-119.63853026332791
30
-1.4824404137704679e-14
10
24.015463142201689
20
-119.46247598801355
30
-1.4903460311762961e-14
10
23.871625498323251
20
-119.36168118696941
30
-1.4955888905633352e-14
0
SPLINE
5
422
100
AcDbEntity
8
0
100
AcDbSpline
70
0
71
2
72
6
73
3
74
0
42
0.000000001
43
0.0000000001
44
0.0000000001
40
0
40
0
40
0
40
1
40
1
40
1
10
23.871625498323251
20
-119.36168118696941
30
-1.4955888905633352e-14
10
23.727787853904815
20
-119.26088653493591
30
-1.5008317438856282e-14
10
23.578929752709108
20
-119.22787754731247
30
-1.5033534785708539e-14
0
SPLINE
5
423
100
AcDbEntity
8
0
100
AcDbSpline
70
0
71
2
72
6
73
3
74
0
42
0.000000001
43
0.0000000001
44
0.0000000001
40
0
40
0
40
0
40
1
40
1
40
1
10
23.578929752709108
20
-119.22787754731247
30
-1.5033534785708539e-14
10
23.376620761785428
20
-119.18703498517709
30
-1.5066170084515034e-14
10
22.992721537459889
20
-119.18564378481534
30
-1.5097099321466832e-14
0
LINE
5
424
100
AcDbEntity
8
0
100
AcDbLine
10
22.992721537459889
20
-119.18564378481534
30
-1.5097099321466832e-14
11
22.624101863494083
21
-119.18430795553704
31
-1.5126797545684951e-14
0
LINE
5
425
100
AcDbEntity
8
0
100
AcDbLine
10
22.624101863494083
20
-119.18430795553702
30
-1.5126797545684955e-14
11
22.627929395307788
21
-118.12810747230873
31
-1.5556672093930553e-14
0
LINE
5
426
100
AcDbEntity
8
0
100
AcDbLine
10
22.627929395307788
20
-118.12810747230876
30
-1.5556672093930553e-14
11
22.062585175186481
21
-118.12605873911599
31
-1.5602219634106448e-14
0
LINE
5
427
100
AcDbEntity
8
0
100
AcDbLine
10
22.619499135432036
20
-120.45442244182284
30
-1.4609859805471568e-14
11
22.622378436091605
21
-119.6598846310316
31
-1.4933237410293319e-14
0
LINE
5
428
100
AcDbEntity
8
0
100
AcDbLine
10
22.622378436091601
20
-119.6598846310316
30
-1.4933237410293319e-14
11
22.931789777908122
21
-119.66100589709154
31
-1.4908309366420789e-14
0
SPLINE
5
429
100
AcDbEntity
8
0
100
AcDbSpline
70
0
71
2
72
6
73
3
74
0
42
0.000000001
43
0.0000000001
44
0.0000000001
40
0
40
0
40
0
40
1
40
1
40
1
10
22.931789777908122
20
-119.66100589709154
30
-1.4908309366420789e-14
10
23.266030314553888
20
-119.66221714089208
30
-1.4881380932858634e-14
10
23.378558029837954
20
-119.7065542852321
30
-1.4854423142174498e-14
0
SPLINE
5
430
100
AcDbEntity
8
0
100
AcDbSpline
70
0
71
2
72
6
73
3
74
0
42
0.000000001
43
0.0000000001
44
0.0000000001
40
0
40
0
40
0
40
1
40
1
40
1
10
23.378558029837954
20
-119.7065542852321
30
-1.4854423142174498e-14
10
23.491085596111382
20
-119.75089142903212
30
-1.4827465363495563e-14
10
23.554729676844591
20
-119.84471061630776
30
-1.478422036492629e-14
0
SPLINE
5
431
100
AcDbEntity
8
0
100
AcDbSpline
70
0
71
2
72
6
73
3
74
0
42
0.000000001
43
0.0000000001
44
0.0000000001
40
0
40
0
40
0
40
1
40
1
40
1
10
23.554729676844591
20
-119.84471061630776
30
-1.478422036492629e-14
10
23.618373757037805
20
-119.93852995259405
30
-1.4740975305709554e-14
10
23.617923866714744
20
-120.06267637377221
30
-1.4690447600441749e-14
0
SPLINE
5
432
100
AcDbEntity
8
0
100
AcDbSpline
70
0
71
2
72
6
73
3
74
0
42
0.000000001
43
0.0000000001
44
0.0000000001
40
0
40
0
40
0
40
1
40
1
40
1
10
23.617923866714744
20
-120.06267637377221
30
-1.4690447600441749e-14
10
23.617370154800213
20
-120.21547217539081
30
-1.4628259571523356e-14
10
23.527242809349012
20
-120.31446409635443
30
-1.4595069576733583e-14
0
SPLINE
5
433
100
AcDbEntity
8
0
100
AcDbSpline
70
0
71
2
72
6
73
3
74
0
42
0.000000001
43
0.0000000001
44
0.0000000001
40
0
40
0
40
0
40
1
40
1
40
1
10
23.527242809349012
20
-120.31446409635443
30
-1.4595069576733583e-14
10
23.43711531488718
20
-120.41345601677806
30
-1.4561879593949004e-14
10
23.299509234898323
20
-120.43778687131622
30
-1.4562853215892203e-14
0
SPLINE
5
434
100
AcDbEntity
8
0
100
AcDbSpline
70
0
71
2
72
6
73
3
74
0
42
0.000000001
43
0.0000000001
44
0.0000000001
40
0
40
0
40
0
40
1
40
1
40
1
10
23.299509234898323
20
-120.43778687131622
30
-1.4562853215892203e-14
10
23.198212924865452
20
-120.45651962457865
30
-1.456323513215501e-14
10
22.892621470638868
20
-120.45541220128959
30
-1.458785542284412e-14
0
LINE
5
435
100
AcDbEntity
8
0
100
AcDbLine
10
22.892621470638868
20
-120.45541220128959
30
-1.458785542284412e-14
11
22.619499135432033
21
-120.45442244182286
31
-1.4609859805471571e-14
0
SPLINE
5
436
100
AcDbEntity
8
0
100
AcDbSpline
70
0
71
2
72
6
73
3
74
0
42
0.000000001
43
0.0000000001
44
0.0000000001
40
0
40
0
40
0
40
1
40
1
40
1
10
24.645551689812439
20
-119.51823847470506
30
-1.4830915196799431e-14
10
24.644001296775752
20
-119.9460666298308
30
-1.4656788752216399e-14
10
24.77091570288886
20
-120.23684211832092
30
-1.4528321856784548e-14
0
SPLINE
5
437
100
AcDbEntity
8
0
100
AcDbSpline
70
0
71
2
72
6
73
3
74
0
42
0.000000001
43
0.0000000001
44
0.0000000001
40
0
40
0
40
0
40
1
40
1
40
1
10
24.77091570288886
20
-120.23684211832092
30
-1.4528321856784548e-14
10
24.86563784539949
20
-120.45110219119005
30
-1.4433564823226091e-14
10
25.030232016263358
20
-120.62168626144353
30
-1.4351070296192152e-14
0
SPLINE
5
438
100
AcDbEntity
8
0
100
AcDbSpline
70
0
71
2
72
6
73
3
74
0
42
0.000000001
43
0.0000000001
44
0.0000000001
40
0
40
0
40
0
40
1
40
1
40
1
10
25.030232016263358
20
-120.62168626144353
30
-1.4351070296192152e-14
10
25.194826486228486
20
-120.79227003475573
30
-1.4268575866442743e-14
10
25.391253300242454
20
-120.8751107449647
30
-1.421930046817006e-14
0
SPLINE
5
439
100
AcDbEntity
8
0
100
AcDbSpline
70
0
71
2
72
6
73
3
74
0
42
0.000000001
43
0.0000000001
44
0.0000000001
40
0
40
0
40
0
40
1
40
1
40
1
10
25.391253300242454
20
-120.8751107449647
30
-1.421930046817006e-14
10
25.652514531784455
20
-120.98683586523755
30
-1.4153133051418388e-14
10
25.994394992620723
20
-120.98807479511981
30
-1.41255890994842e-14
0
SPLINE
5
440
100
AcDbEntity
8
0
100
AcDbSpline
70
0
71
2
72
6
73
3
74
0
42
0.000000001
43
0.0000000001
44
0.0000000001
40
0
40
0
40
0
40
1
40
1
40
1
10
25.994394992620723
20
-120.98807479511981
30
-1.41255890994842e-14
10
26.613217676253758
20
-120.99031732723969
30
-1.407573301173914e-14
10
26.986093578571747
20
-120.60776416566496
30
-1.4202051354447111e-14
0
SPLINE
5
441
100
AcDbEntity
8
0
100
AcDbSpline
70
0
71
2
72
6
73
3
74
0
42
0.000000001
43
0.0000000001
44
0.0000000001
40
0
40
0
40
0
40
1
40
1
40
1
10
26.986093578571747
20
-120.60776416566496
30
-1.4202051354447111e-14
10
27.358969479809744
20
-120.22521130211152
30
-1.4328369575860153e-14
10
27.361447339574276
20
-119.54145038043897
30
-1.4606660887007425e-14
0
SPLINE
5
442
100
AcDbEntity
8
0
100
AcDbSpline
70
0
71
2
72
6
73
3
74
0
42
0.000000001
43
0.0000000001
44
0.0000000001
40
0
40
0
40
0
40
1
40
1
40
1
10
27.361447339574276
20
-119.54145038043897
30
-1.4606660887007425e-14
10
27.363904434372518
20
-118.8634195136673
30
-1.4882620060647621e-14
10
26.996672650031385
20
-118.4791391717323
30
-1.5068177034741048e-14
0
SPLINE
5
443
100
AcDbEntity
8
0
100
AcDbSpline
70
0
71
2
72
6
73
3
74
0
42
0.000000001
43
0.0000000001
44
0.0000000001
40
0
40
0
40
0
40
1
40
1
40
1
10
26.996672650031385
20
-118.4791391717323
30
-1.5068177034741048e-14
10
26.629440268567727
20
-118.09485912565862
30
-1.5253733935560333e-14
10
26.012527901256242
20
-118.09262351627417
30
-1.5303436116700698e-14
0
SPLINE
5
444
100
AcDbEntity
8
0
100
AcDbSpline
70
0
71
2
72
6
73
3
74
0
42
0.000000001
43
0.0000000001
44
0.0000000001
40
0
40
0
40
0
40
1
40
1
40
1
10
26.012527901256242
20
-118.09262351627417
30
-1.5303436116700698e-14
10
25.387975162722359
20
-118.09036021918801
30
-1.5353753852228674e-14
10
25.017974521867302
20
-118.47005858624483
30
-1.5228370827035442e-14
0
SPLINE
5
445
100
AcDbEntity
8
0
100
AcDbSpline
70
0
71
2
72
6
73
3
74
0
42
0.000000001
43
0.0000000001
44
0.0000000001
40
0
40
0
40
0
40
1
40
1
40
1
10
25.017974521867302
20
-118.47005858624483
30
-1.5228370827035442e-14
10
24.647974177953522
20
-118.8497572524029
30
-1.510298765653689e-14
10
24.645551689812439
20
-119.51823847470506
30
-1.4830915196799431e-14
0
SPLINE
5
446
100
AcDbEntity
8
0
100
AcDbSpline
70
0
71
2
72
6
73
3
74
0
42
0.000000001
43
0.0000000001
44
0.0000000001
40
0
40
0
40
0
40
1
40
1
40
1
10
25.228016301452108
20
-119.53944908773202
30
-1.4776209209193857e-14
10
25.229739729394588
20
-119.0638722632268
30
-1.4969769405232955e-14
10
25.450272888034689
20
-118.81924025944492
30
-1.5051962981608096e-14
0
SPLINE
5
447
100
AcDbEntity
8
0
100
AcDbSpline
70
0
71
2
72
6
73
3
74
0
42
0.000000001
43
0.0000000001
44
0.0000000001
40
0
40
0
40
0
40
1
40
1
40
1
10
25.450272888034689
20
-118.81924025944492
30
-1.5051962981608096e-14
10
25.67080604775478
20
-118.57460795764177
30
-1.5134156679278161e-14
10
26.00886647199048
20
-118.5758330442132
30
-1.5106920492532586e-14
0
SPLINE
5
448
100
AcDbEntity
8
0
100
AcDbSpline
70
0
71
2
72
6
73
3
74
0
42
0.000000001
43
0.0000000001
44
0.0000000001
40
0
40
0
40
0
40
1
40
1
40
1
10
26.00886647199048
20
-118.5758330442132
30
-1.5106920492532586e-14
10
26.346927194247453
20
-118.57705813186459
30
-1.5079684281776619e-14
10
26.562823597617257
20
-118.82136195369358
30
-1.4963107123053068e-14
0
SPLINE
5
449
100
AcDbEntity
8
0
100
AcDbSpline
70
0
71
2
72
6
73
3
74
0
42
0.000000001
43
0.0000000001
44
0.0000000001
40
0
40
0
40
0
40
1
40
1
40
1
10
26.562823597617257
20
-118.82136195369358
30
-1.4963107123053068e-14
10
26.778720299008327
20
-119.06566577660259
30
-1.4846529940319127e-14
10
26.776955343293256
20
-119.55270211486697
30
-1.4648305711855729e-14
0
SPLINE
5
450
100
AcDbEntity
8
0
100
AcDbSpline
70
0
71
2
72
6
73
3
74
0
42
0.000000001
43
0.0000000001
44
0.0000000001
40
0
40
0
40
0
40
1
40
1
40
1
10
26.776955343293256
20
-119.55270211486697
30
-1.4648305711855729e-14
10
26.775211152004474
20
-120.03400854724113
30
-1.4452413560251948e-14
10
26.563303773973203
20
-120.27007721054372
30
-1.4373025511888772e-14
0
SPLINE
5
451
100
AcDbEntity
8
0
100
AcDbSpline
70
0
71
2
72
6
73
3
74
0
42
0.000000001
43
0.0000000001
44
0.0000000001
40
0
40
0
40
0
40
1
40
1
40
1
10
26.563303773973203
20
-120.27007721054372
30
-1.4373025511888772e-14
10
26.351396396481917
20
-120.50614572483566
30
-1.4293637524173058e-14
10
26.001875862444518
20
-120.50487910833168
30
-1.4321797006484475e-14
0
SPLINE
5
452
100
AcDbEntity
8
0
100
AcDbSpline
70
0
71
2
72
6
73
3
74
0
42
0.000000001
43
0.0000000001
44
0.0000000001
40
0
40
0
40
0
40
1
40
1
40
1
10
26.001875862444518
20
-120.50487910833168
30
-1.4321797006484475e-14
10
25.652355924449644
20
-120.50361249398767
30
-1.4349956440775114e-14
10
25.439310258727502
20
-120.26313894061175
30
-1.4464748113932204e-14
0
SPLINE
5
453
100
AcDbEntity
8
0
100
AcDbSpline
70
0
71
2
72
6
73
3
74
0
42
0.000000001
43
0.0000000001
44
0.0000000001
40
0
40
0
40
0
40
1
40
1
40
1
10
25.439310258727502
20
-120.26313894061175
30
-1.4464748113932204e-14
10
25.226265188507902
20
-120.02266553840647
30
-1.4579539678421048e-14
10
25.228016301452108
20
-119.53944908773202
30
-1.4776209209193857e-14
0
LINE
5
454
100
AcDbEntity
8
0
100
AcDbLine
10
28.298561239686201
20
-118.14865709724535
30
-1.509981179084104e-14
11
27.619933102750593
21
-120.94621623527266
31
-1.4014073637294147e-14
0
LINE
5
455
100
AcDbEntity
8
0
100
AcDbLine
10
27.619933102750593
20
-120.94621623527267
30
-1.4014073637294151e-14
11
28.198646892184009
21
-120.94831341802846
31
-1.3967448963977589e-14
0
LINE
5
456
100
AcDbEntity
8
0
100
AcDbLine
10
28.198646892184009
20
-120.94831341802846
30
-1.3967448963977588e-14
11
28.627714987079187
21
-119.02652673939997
31
-1.4716233653022363e-14
0
LINE
5
457
100
AcDbEntity
8
0
100
AcDbLine
10
28.627714987079187
20
-119.02652673939996
30
-1.4716233653022363e-14
11
29.132610972534415
21
-120.95169798117453
31
-1.3892203184577077e-14
0
LINE
5
458
100
AcDbEntity
8
0
100
AcDbLine
10
29.132610972534412
20
-120.95169798117453
30
-1.3892203184577077e-14
11
29.804911784405252
21
-120.9541343110065
31
-1.3838038576274543e-14
0
LINE
5
459
100
AcDbEntity
8
0
100
AcDbLine
10
29.804911784405252
20
-120.9541343110065
30
-1.3838038576274543e-14
11
30.302855816682847
21
-119.00012798233504
31
-1.4594498523406177e-14
0
LINE
5
460
100
AcDbEntity
8
0
100
AcDbLine
10
30.30285581668285
20
-119.00012798233504
30
-1.4594498523406177e-14
11
30.725506630717476
21
-120.95747042580454
31
-1.3763869903003011e-14
0
LINE
5
461
100
AcDbEntity
8
0
100
AcDbLine
10
30.725506630717476
20
-120.95747042580454
30
-1.3763869903003012e-14
11
31.294670030628208
21
-120.95953299920319
31
-1.3718014666668377e-14
0
LINE
5
462
100
AcDbEntity
8
0
100
AcDbLine
10
31.294670030628208
20
-120.95953299920319
30
-1.3718014666668377e-14
11
30.624876507221575
21
-118.1570873582011
31
-1.4912389802008953e-14
0
LINE
5
463
100
AcDbEntity
8
0
100
AcDbLine
10
30.624876507221572
20
-118.15708735820111
30
-1.4912389802008953e-14
11
30.025152814506303
21
-118.15491403831558
31
-1.4960707159852504e-14
0
LINE
5
464
100
AcDbEntity
8
0
100
AcDbLine
10
30.025152814506306
20
-118.15491403831558
30
-1.4960707159852504e-14
11
29.45986248307911
21
-120.24619437002579
31
-1.4153663649272055e-14
0
LINE
5
465
100
AcDbEntity
8
0
100
AcDbLine
10
29.45986248307911
20
-120.24619437002579
30
-1.4153663649272055e-14
11
28.911654166439654
21
-118.15087886547892
31
-1.5050417326868514e-14
0
LINE
5
466
100
AcDbEntity
8
0
100
AcDbLine
10
28.911654166439654
20
-118.15087886547892
30
-1.5050417326868514e-14
11
28.298561239686201
21
-118.14865709724535
31
-1.5099811790841043e-14
0
LINE
5
467
100
AcDbEntity
8
0
100
AcDbLine
10
31.686806151286898
20
-118.16093565174114
30
-1.4826834344987283e-14
11
31.676659385664095
21
-120.96091727844953
31
-1.3687239300305691e-14
0
LINE
5
468
100
AcDbEntity
8
0
100
AcDbLine
10
31.676659385664095
20
-120.96091727844953
30
-1.3687239300305691e-14
11
33.752770898479064
21
-120.96844083386378
31
-1.3519975235026518e-14
0
LINE
5
469
100
AcDbEntity
8
0
100
AcDbLine
10
33.752770898479064
20
-120.96844083386375
30
-1.3519975235026518e-14
11
33.754487404226118
21
-120.49477417666947
31
-1.3712757991249129e-14
0
LINE
5
470
100
AcDbEntity
8
0
100
AcDbLine
10
33.754487404226118
20
-120.49477417666948
30
-1.3712757991249126e-14
11
32.243719850763846
21
-120.48929935350301
31
-1.3834474537361499e-14
0
LINE
5
471
100
AcDbEntity
8
0
100
AcDbLine
10
32.243719850763846
20
-120.48929935350301
30
-1.38344745373615e-14
11
32.24596930453913
21
-119.86856665156969
31
-1.4087113306290358e-14
0
LINE
5
472
100
AcDbEntity
8
0
100
AcDbLine
10
32.24596930453913
20
-119.86856665156969
30
-1.4087113306290358e-14
11
33.651690321804814
21
-119.87366079988739
31
-1.3973859942709021e-14
0
LINE
5
473
100
AcDbEntity
8
0
100
AcDbLine
10
33.651690321804814
20
-119.87366079988739
30
-1.397385994270902e-14
11
33.653399906436434
21
-119.40190401198274
31
-1.4165865380410068e-14
0
LINE
5
474
100
AcDbEntity
8
0
100
AcDbLine
10
33.653399906436434
20
-119.40190401198274
30
-1.4165865380410068e-14
11
32.24767888917075
21
-119.39680986366504
31
-1.4279118743991404e-14
0
LINE
5
475
100
AcDbEntity
8
0
100
AcDbLine
10
32.24767888917075
20
-119.39680986366506
30
-1.4279118743991404e-14
11
32.250440525467987
21
-118.6347413209042
31
-1.4589281327471971e-14
0
LINE
5
476
100
AcDbEntity
8
0
100
AcDbLine
10
32.250440525467987
20
-118.63474132090418
30
-1.4589281327471975e-14
11
33.814687399253124
21
-118.64040994610271
31
-1.4463256164760561e-14
0
LINE
5
477
100
AcDbEntity
8
0
100
AcDbLine
10
33.814687399253131
20
-118.64040994610271
30
-1.4463256164760561e-14
11
33.816396984424742
21
-118.16865300918742
31
-1.4655261663109073e-14
0
LINE
5
478
100
AcDbEntity
8
0
100
AcDbLine
10
33.816396984424742
20
-118.16865300918742
30
-1.4655261663109073e-14
11
31.686806151286902
21
-118.16093565174113
31
-1.4826834344987283e-14
0
LINE
5
479
100
AcDbEntity
8
0
100
AcDbLine
10
34.391289545172519
20
-118.1707363443124
30
-1.4608944851022688e-14
11
34.38114277954972
21
-120.9707179710208
31
-1.3469349806341096e-14
0
LINE
5
480
100
AcDbEntity
8
0
100
AcDbLine
10
34.38114277954972
20
-120.9707179710208
30
-1.3469349806341096e-14
11
35.571039179415031
21
-120.97502999927474
31
-1.3373484575656705e-14
0
SPLINE
5
481
100
AcDbEntity
8
0
100
AcDbSpline
70
0
71
2
72
6
73
3
74
0
42
0.000000001
43
0.0000000001
44
0.0000000001
40
0
40
0
40
0
40
1
40
1
40
1
10
35.571039179415038
20
-120.97502999927474
30
-1.3373484575656705e-14
10
36.019877088811981
20
-120.97665652890116
30
-1.3337323486565999e-14
10
36.223559535358156
20
-120.90195076492549
30
-1.3351640951422323e-14
0
SPLINE
5
482
100
AcDbEntity
8
0
100
AcDbSpline
70
0
71
2
72
6
73
3
74
0
42
0.000000001
43
0.0000000001
44
0.0000000001
40
0
40
0
40
0
40
1
40
1
40
1
10
36.223559535358156
20
-120.90195076492549
30
-1.3351640951422323e-14
10
36.427241981904317
20
-120.8272450009498
30
-1.3365958416278644e-14
10
36.550177445520795
20
-120.63478342280985
30
-1.3434622638755061e-14
0
SPLINE
5
483
100
AcDbEntity
8
0
100
AcDbSpline
70
0
71
2
72
6
73
3
74
0
42
0.000000001
43
0.0000000001
44
0.0000000001
40
0
40
0
40
0
40
1
40
1
40
1
10
36.550177445520795
20
-120.63478342280985
30
-1.3434622638755061e-14
10
36.67311410176233
20
-120.4423216999792
30
-1.3503286825837376e-14
10
36.674013882948444
20
-120.19402870861227
30
-1.3604342297020442e-14
0
SPLINE
5
484
100
AcDbEntity
8
0
100
AcDbSpline
70
0
71
2
72
6
73
3
74
0
42
0.000000001
43
0.0000000001
44
0.0000000001
40
0
40
0
40
0
40
1
40
1
40
1
10
36.674013882948444
20
-120.19402870861227
30
-1.3604342297020442e-14
10
36.675155912894667
20
-119.87888760991616
30
-1.3732605008112508e-14
10
36.490634446632676
20
-119.67289686428114
30
-1.3831096283191661e-14
0
SPLINE
5
485
100
AcDbEntity
8
0
100
AcDbSpline
70
0
71
2
72
6
73
3
74
0
42
0.000000001
43
0.0000000001
44
0.0000000001
40
0
40
0
40
0
40
1
40
1
40
1
10
36.490634446632676
20
-119.67289686428114
30
-1.3831096283191661e-14
10
36.306114171915752
20
-119.46690627197671
30
-1.3929587401581791e-14
10
35.937687850250128
20
-119.4120918658087
30
-1.3981051490131177e-14
0
SPLINE
5
486
100
AcDbEntity
8
0
100
AcDbSpline
70
0
71
2
72
6
73
3
74
0
42
0.000000001
43
0.0000000001
44
0.0000000001
40
0
40
0
40
0
40
1
40
1
40
1
10
35.937687850250128
20
-119.4120918658087
30
-1.3981051490131177e-14
10
36.121430052151119
20
-119.30579946629202
30
-1.4009810872663492e-14
10
36.24126560824439
20
-119.17826559631777
30
-1.4052276022275808e-14
0
SPLINE
5
487
100
AcDbEntity
8
0
100
AcDbSpline
70
0
71
2
72
6
73
3
74
0
42
0.000000001
43
0.0000000001
44
0.0000000001
40
0
40
0
40
0
40
1
40
1
40
1
10
36.24126560824439
20
-119.17826559631777
30
-1.4052276022275808e-14
10
36.361101164337654
20
-119.05073172634353
30
-1.4094741171888124e-14
10
36.564738914413581
20
-118.72486448326273
30
-1.4211357105973007e-14
0
LINE
5
488
100
AcDbEntity
8
0
100
AcDbLine
10
36.564738914413581
20
-118.72486448326273
30
-1.4211357105973007e-14
11
36.908598894183307
21
-118.17985874273134
31
-1.4406135227030042e-14
0
LINE
5
489
100
AcDbEntity
8
0
100
AcDbLine
10
36.908598894183299
20
-118.17985874273134
30
-1.4406135227030042e-14
11
36.2324780457119
21
-118.17740856958852
31
-1.4460607600521191e-14
0
LINE
5
490
100
AcDbEntity
8
0
100
AcDbLine
10
36.2324780457119
20
-118.17740856958852
30
-1.4460607600521188e-14
11
35.821541105591869
21
-118.78520027947906
31
-1.4245562659973759e-14
0
SPLINE
5
491
100
AcDbEntity
8
0
100
AcDbSpline
70
0
71
2
72
6
73
3
74
0
42
0.000000001
43
0.0000000001
44
0.0000000001
40
0
40
0
40
0
40
1
40
1
40
1
10
35.821541105591876
20
-118.78520027947906
30
-1.4245562659973762e-14
10
35.602624401198753
20
-119.11101215363635
30
-1.4130177690601771e-14
10
35.52209861047281
20
-119.19571414004753
30
-1.4102048420033885e-14
0
SPLINE
5
492
100
AcDbEntity
8
0
100
AcDbSpline
70
0
71
2
72
6
73
3
74
0
42
0.000000001
43
0.0000000001
44
0.0000000001
40
0
40
0
40
0
40
1
40
1
40
1
10
35.52209861047281
20
-119.19571414004753
30
-1.4102048420033885e-14
10
35.441572820286858
20
-119.28041597744809
30
-1.4073919210113457e-14
10
35.351691035412848
20
-119.31160478139242
30
-1.4068325156822391e-14
0
SPLINE
5
493
100
AcDbEntity
8
0
100
AcDbSpline
70
0
71
2
72
6
73
3
74
0
42
0.000000001
43
0.0000000001
44
0.0000000001
40
0
40
0
40
0
40
1
40
1
40
1
10
35.351691035412848
20
-119.31160478139242
30
-1.4068325156822391e-14
10
35.261809249998841
20
-119.34279373434737
30
-1.4062731042883864e-14
10
35.066995131922866
20
-119.34208775357334
30
-1.407842644323304e-14
0
LINE
5
494
100
AcDbEntity
8
0
100
AcDbLine
10
35.066995131922866
20
-119.34208775357334
30
-1.407842644323304e-14
11
34.952397610161057
21
-119.34167246720746
31
-1.4087659110766784e-14
0
LINE
5
495
100
AcDbEntity
8
0
100
AcDbLine
10
34.952397610161057
20
-119.34167246720746
30
-1.4087659110766785e-14
11
34.956633504525229
21
-118.17278507656019
31
-1.4563397331855889e-14
0
LINE
5
496
100
AcDbEntity
8
0
100
AcDbLine
10
34.956633504525229
20
-118.17278507656019
30
-1.4563397331855889e-14
11
34.391289545172526
21
-118.1707363443124
31
-1.4608944851022688e-14
0
LINE
5
497
100
AcDbEntity
8
0
100
AcDbLine
10
34.950778003810044
20
-119.78859991127221
30
-1.3905759238378283e-14
11
35.369056812487521
21
-119.79011569873173
31
-1.387206017475493e-14
0
SPLINE
5
498
100
AcDbEntity
8
0
100
AcDbSpline
70
0
71
2
72
6
73
3
74
0
42
0.000000001
43
0.0000000001
44
0.0000000001
40
0
40
0
40
0
40
1
40
1
40
1
10
35.369056812487521
20
-119.79011569873173
30
-1.387206017475493e-14
10
35.775874915320756
20
-119.7915899540987
30
-1.3839284454718204e-14
10
35.87697742602154
20
-119.82633577610598
30
-1.3817136710139719e-14
0
SPLINE
5
499
100
AcDbEntity
8
0
100
AcDbSpline
70
0
71
2
72
6
73
3
74
0
42
0.000000001
43
0.0000000001
44
0.0000000001
40
0
40
0
40
0
40
1
40
1
40
1
10
35.87697742602154
20
-119.82633577610598
30
-1.3817136710139719e-14
10
35.978079936722331
20
-119.86108159811326
30
-1.3794988965561236e-14
10
36.035074156104237
20
-119.94532691728537
30
-1.3756169221953994e-14
0
SPLINE
5
500
100
AcDbEntity
8
0
100
AcDbSpline
70
0
71
2
72
6
73
3
74
0
42
0.000000001
43
0.0000000001
44
0.0000000001
40
0
40
0
40
0
40
1
40
1
40
1
10
36.035074156104237
20
-119.94532691728537
30
-1.3756169221953994e-14
10
36.09206837548615
20
-120.02957223645748
30
-1.3717349478346748e-14
10
36.091611563507662
20
-120.15562867593593
30
-1.3666044393909922e-14
0
SPLINE
5
501
100
AcDbEntity
8
0
100
AcDbSpline
70
0
71
2
72
6
73
3
74
0
42
0.000000001
43
0.0000000001
44
0.0000000001
40
0
40
0
40
0
40
1
40
1
40
1
10
36.091611563507662
20
-120.15562867593593
30
-1.3666044393909922e-14
10
36.091099379905728
20
-120.29696481478473
30
-1.3608520458063286e-14
10
36.015340968761883
20
-120.38359397192416
30
-1.3579229222514045e-14
0
SPLINE
5
502
100
AcDbEntity
8
0
100
AcDbSpline
70
0
71
2
72
6
73
3
74
0
42
0.000000001
43
0.0000000001
44
0.0000000001
40
0
40
0
40
0
40
1
40
1
40
1
10
36.015340968761883
20
-120.38359397192416
30
-1.3579229222514045e-14
10
35.939583749703118
20
-120.47022313338354
30
-1.3549937890923242e-14
10
35.801984143797796
20
-120.49264411701209
30
-1.3551688867403588e-14
0
SPLINE
5
503
100
AcDbEntity
8
0
100
AcDbSpline
70
0
71
2
72
6
73
3
74
0
42
0.000000001
43
0.0000000001
44
0.0000000001
40
0
40
0
40
0
40
1
40
1
40
1
10
35.801984143797796
20
-120.49264411701209
30
-1.3551688867403588e-14
10
35.73319126196057
20
-120.5019447395367
30
-1.3553341674165324e-14
10
35.389401080845282
20
-120.50069888907899
30
-1.3581039484683429e-14
0
LINE
5
504
100
AcDbEntity
8
0
100
AcDbLine
10
35.389401080845282
20
-120.50069888907899
30
-1.3581039484683429e-14
11
34.94820324464947
21
-120.49910004607428
31
-1.3616585043396905e-14
0
LINE
5
505
100
AcDbEntity
8
0
100
AcDbLine
10
34.94820324464947
20
-120.49910004607429
30
-1.3616585043396905e-14
11
34.950778003810051
21
-119.78859991127223
31
-1.3905759238378283e-14
0
LINE
5
506
100
AcDbEntity
8
0
100
AcDbLine
10
10.591771688847263
20
-106.28744207789305
30
-1.5447250487082834e-14
11
9.6047001748934413
21
-109.09231774097272
31
-1.4541456380281289e-14
0
LINE
5
507
100
AcDbEntity
8
0
100
AcDbLine
10
9.6047001748934413
20
-109.09231774097273
30
-1.4541456380281289e-14
11
10.217789639299358
21
-109.08931030255613
31
-1.4466029208605452e-14
0
LINE
5
508
100
AcDbEntity
8
0
100
AcDbLine
10
10.217789639299358
20
-109.0893103025561
30
-1.4466029208605452e-14
11
10.916210441550076
21
-107.01355366938806
31
-1.5140367375405099e-14
0
LINE
5
509
100
AcDbEntity
8
0
100
AcDbLine
10
10.916210441550078
20
-107.01355366938806
30
-1.5140367375405099e-14
11
11.612042815285228
21
-109.08247095722822
31
-1.42944970264849e-14
0
LINE
5
510
100
AcDbEntity
8
0
100
AcDbLine
10
11.612042815285228
20
-109.08247095722825
30
-1.42944970264849e-14
11
12.211762783444547
21
-109.07952910130645
31
-1.4220714677216166e-14
0
LINE
5
511
100
AcDbEntity
8
0
100
AcDbLine
10
12.211762783444545
20
-109.07952910130645
30
-1.4220714677216166e-14
11
11.195311449215685
21
-106.28448148442885
31
-1.5372998196411663e-14
0
LINE
5
512
100
AcDbEntity
8
0
100
AcDbLine
10
11.195311449215685
20
-106.28448148442885
30
-1.5372998196411659e-14
11
10.591771688847263
21
-106.28744207789305
31
-1.5447250487082834e-14
0
SPLINE
5
513
100
AcDbEntity
8
0
100
AcDbSpline
70
0
71
2
72
6
73
3
74
0
42
0.000000001
43
0.0000000001
44
0.0000000001
40
0
40
0
40
0
40
1
40
1
40
1
10
12.659376191426917
20
-107.66012664811572
30
-1.4685567816519588e-14
10
12.661474840763443
20
-108.08795246513455
30
-1.4528351959730755e-14
10
12.790864681657933
20
-108.37763491240918
30
-1.4405926475917383e-14
0
SPLINE
5
514
100
AcDbEntity
8
0
100
AcDbSpline
70
0
71
2
72
6
73
3
74
0
42
0.000000001
43
0.0000000001
44
0.0000000001
40
0
40
0
40
0
40
1
40
1
40
1
10
12.790864681657933
20
-108.37763491240918
30
-1.4405926475917383e-14
10
12.887410822820922
20
-108.59107929798589
30
-1.4315569792353699e-14
10
13.053454232201901
20
-108.76025332312395
30
-1.4232779132087152e-14
0
SPLINE
5
515
100
AcDbEntity
8
0
100
AcDbSpline
70
0
71
2
72
6
73
3
74
0
42
0.000000001
43
0.0000000001
44
0.0000000001
40
0
40
0
40
0
40
1
40
1
40
1
10
13.053454232201901
20
-108.76025332312395
30
-1.4232779132087152e-14
10
13.219497342101342
20
-108.92942705170428
30
-1.4149988618000522e-14
10
13.416623865523189
20
-109.01058940475656
30
-1.4095606240322597e-14
0
SPLINE
5
516
100
AcDbEntity
8
0
100
AcDbSpline
70
0
71
2
72
6
73
3
74
0
42
0.000000001
43
0.0000000001
44
0.0000000001
40
0
40
0
40
0
40
1
40
1
40
1
10
13.416623865523189
20
-109.01058940475656
30
-1.4095606240322597e-14
10
13.678828508017054
20
-109.12008213995612
30
-1.4022706919470367e-14
10
14.020707100455789
20
-109.11840509464314
30
-1.3980646279414909e-14
0
SPLINE
5
517
100
AcDbEntity
8
0
100
AcDbSpline
70
0
71
2
72
6
73
3
74
0
42
0.000000001
43
0.0000000001
44
0.0000000001
40
0
40
0
40
0
40
1
40
1
40
1
10
14.020707100455789
20
-109.11840509464314
30
-1.3980646279414909e-14
10
14.639526402185183
20
-109.11536954918198
30
-1.3904514177303037e-14
10
15.009125314345116
20
-108.72965001215584
30
-1.3999884637862154e-14
0
SPLINE
5
518
100
AcDbEntity
8
0
100
AcDbSpline
70
0
71
2
72
6
73
3
74
0
42
0.000000001
43
0.0000000001
44
0.0000000001
40
0
40
0
40
0
40
1
40
1
40
1
10
15.009125314345116
20
-108.72965001215584
30
-1.3999884637862154e-14
10
15.378724824006223
20
-108.34393077022554
30
-1.4095254915576589e-14
10
15.375370733380304
20
-107.66017358534808
30
-1.4346519489568642e-14
0
SPLINE
5
519
100
AcDbEntity
8
0
100
AcDbSpline
70
0
71
2
72
6
73
3
74
0
42
0.000000001
43
0.0000000001
44
0.0000000001
40
0
40
0
40
0
40
1
40
1
40
1
10
15.375370733380304
20
-107.66017358534808
30
-1.4346519489568642e-14
10
15.372044750712623
20
-106.98214642405634
30
-1.4595678415580562e-14
10
15.001548761183841
20
-106.60101221361191
30
-1.4781750962652783e-14
0
SPLINE
5
520
100
AcDbEntity
8
0
100
AcDbSpline
70
0
71
2
72
6
73
3
74
0
42
0.000000001
43
0.0000000001
44
0.0000000001
40
0
40
0
40
0
40
1
40
1
40
1
10
15.001548761183841
20
-106.60101221361191
30
-1.4781750962652783e-14
10
14.631052773116959
20
-106.21987830118711
30
-1.4967823400209849e-14
10
14.014143181229846
20
-106.22290447879075
30
-1.5043720554535974e-14
0
SPLINE
5
521
100
AcDbEntity
8
0
100
AcDbSpline
70
0
71
2
72
6
73
3
74
0
42
0.000000001
43
0.0000000001
44
0.0000000001
40
0
40
0
40
0
40
1
40
1
40
1
10
14.014143181229846
20
-106.22290447879075
30
-1.5043720554535974e-14
10
13.38959415393434
20
-106.22596813074827
30
-1.5120557573334599e-14
10
13.022845751827759
20
-106.60880845518543
30
-1.5025887569844513e-14
0
SPLINE
5
522
100
AcDbEntity
8
0
100
AcDbSpline
70
0
71
2
72
6
73
3
74
0
42
0.000000001
43
0.0000000001
44
0.0000000001
40
0
40
0
40
0
40
1
40
1
40
1
10
13.022845751827759
20
-106.60880845518543
30
-1.5025887569844513e-14
10
12.656097053163439
20
-106.99164907910414
30
-1.4931217493504028e-14
10
12.659376191426917
20
-107.66012664811572
30
-1.4685567816519588e-14
0
SPLINE
5
523
100
AcDbEntity
8
0
100
AcDbSpline
70
0
71
2
72
6
73
3
74
0
42
0.000000001
43
0.0000000001
44
0.0000000001
40
0
40
0
40
0
40
1
40
1
40
1
10
13.24200052414839
20
-107.67636859499378
30
-1.4606881628073364e-14
10
13.239667650597974
20
-107.20079436954487
30
-1.4781643894272341e-14
10
13.458106298674055
20
-106.95429031610799
30
-1.4844810181165846e-14
0
SPLINE
5
524
100
AcDbEntity
8
0
100
AcDbSpline
70
0
71
2
72
6
73
3
74
0
42
0.000000001
43
0.0000000001
44
0.0000000001
40
0
40
0
40
0
40
1
40
1
40
1
10
13.458106298674055
20
-106.95429031610799
30
-1.4844810181165846e-14
10
13.676544945288235
20
-106.70778596465144
30
-1.4907976577574513e-14
10
14.014603820022778
20
-106.70612765651539
30
-1.4866385869755305e-14
0
SPLINE
5
525
100
AcDbEntity
8
0
100
AcDbSpline
70
0
71
2
72
6
73
3
74
0
42
0.000000001
43
0.0000000001
44
0.0000000001
40
0
40
0
40
0
40
1
40
1
40
1
10
14.014603820022778
20
-106.70612765651539
30
-1.4866385869755305e-14
10
14.352662396737678
20
-106.70446934984125
30
-1.4824795198600856e-14
10
14.570634637162247
20
-106.94692288508575
30
-1.4708638772806349e-14
0
SPLINE
5
526
100
AcDbEntity
8
0
100
AcDbSpline
70
0
71
2
72
6
73
3
74
0
42
0.000000001
43
0.0000000001
44
0.0000000001
40
0
40
0
40
0
40
1
40
1
40
1
10
14.570634637162247
20
-106.94692288508575
30
-1.4708638772806349e-14
10
14.788606877586815
20
-107.18937642033026
30
-1.4592482347011843e-14
10
14.790995964129898
20
-107.6764100969114
30
-1.4413509003882923e-14
0
SPLINE
5
527
100
AcDbEntity
8
0
100
AcDbSpline
70
0
71
2
72
6
73
3
74
0
42
0.000000001
43
0.0000000001
44
0.0000000001
40
0
40
0
40
0
40
1
40
1
40
1
10
14.790995964129898
20
-107.6764100969114
30
-1.4413509003882923e-14
10
14.793356943445698
20
-108.1577138989166
30
-1.4236641253976551e-14
10
14.583470724705235
20
-108.39558135326965
30
-1.4175575844992798e-14
0
SPLINE
5
528
100
AcDbEntity
8
0
100
AcDbSpline
70
0
71
2
72
6
73
3
74
0
42
0.000000001
43
0.0000000001
44
0.0000000001
40
0
40
0
40
0
40
1
40
1
40
1
10
14.583470724705235
20
-108.39558135326965
30
-1.4175575844992798e-14
10
14.373584505233822
20
-108.63344865861286
30
-1.4114510490766623e-14
10
14.024066477386693
20
-108.6351631782797
30
-1.4157510995294574e-14
0
SPLINE
5
529
100
AcDbEntity
8
0
100
AcDbSpline
70
0
71
2
72
6
73
3
74
0
42
0.000000001
43
0.0000000001
44
0.0000000001
40
0
40
0
40
0
40
1
40
1
40
1
10
14.024066477386693
20
-108.6351631782797
30
-1.4157510995294574e-14
10
13.674548151519925
20
-108.6368776994084
30
-1.4200511536487284e-14
10
13.459459511786287
20
-108.39822997762974
30
-1.4314911793375907e-14
0
SPLINE
5
530
100
AcDbEntity
8
0
100
AcDbSpline
70
0
71
2
72
6
73
3
74
0
42
0.000000001
43
0.0000000001
44
0.0000000001
40
0
40
0
40
0
40
1
40
1
40
1
10
13.459459511786287
20
-108.39822997762974
30
-1.4314911793375907e-14
10
13.244370872783598
20
-108.1595824048609
30
-1.4429311995506947e-14
10
13.24200052414839
20
-107.67636859499378
30
-1.4606881628073364e-14
0
LINE
5
531
100
AcDbEntity
8
0
100
AcDbLine
10
15.805897427483835
20
-106.26186479600216
30
-1.4805767016789255e-14
11
16.769942566288329
21
-107.71827212262008
31
-1.4151124159378584e-14
0
LINE
5
532
100
AcDbEntity
8
0
100
AcDbLine
10
16.769942566288329
20
-107.71827212262008
30
-1.4151124159378584e-14
11
15.909399424984485
21
-109.06139077870904
31
-1.3765801830154678e-14
0
LINE
5
533
100
AcDbEntity
8
0
100
AcDbLine
10
15.909399424984485
20
-109.06139077870905
30
-1.3765801830154678e-14
11
16.570237111558228
21
-109.05814911699224
31
-1.3684500290120286e-14
0
LINE
5
534
100
AcDbEntity
8
0
100
AcDbLine
10
16.570237111558228
20
-109.05814911699223
30
-1.3684500290120286e-14
11
17.127345778070044
21
-108.15581476168416
31
-1.3945991731115582e-14
0
LINE
5
535
100
AcDbEntity
8
0
100
AcDbLine
10
17.127345778070044
20
-108.15581476168416
30
-1.3945991731115582e-14
11
17.681819964444692
21
-109.05269637776067
31
-1.3547744472993617e-14
0
LINE
5
536
100
AcDbEntity
8
0
100
AcDbLine
10
17.681819964444692
20
-109.05269637776067
30
-1.3547744472993617e-14
11
18.336928521491597
21
-109.04948281961639
31
-1.3467147776316456e-14
0
LINE
5
537
100
AcDbEntity
8
0
100
AcDbLine
10
18.336928521491597
20
-109.04948281961639
30
-1.3467147776316456e-14
11
17.45932641787314
21
-107.69388058406578
31
-1.4074018398053506e-14
0
LINE
5
538
100
AcDbEntity
8
0
100
AcDbLine
10
17.459326417873136
20
-107.69388058406578
30
-1.4074018398053506e-14
11
18.409140094816014
21
-106.24909489460921
31
-1.4485495273458945e-14
0
LINE
5
539
100
AcDbEntity
8
0
100
AcDbLine
10
18.409140094816014
20
-106.24909489460921
30
-1.4485495273458948e-14
11
17.727293215820097
21
-106.25243961445386
31
-1.4569381532454598e-14
0
LINE
5
540
100
AcDbEntity
8
0
100
AcDbLine
10
17.727293215820097
20
-106.25243961445386
30
-1.4569381532454598e-14
11
17.111314270838257
21
-107.22382215536869
31
-1.4289907434559339e-14
0
LINE
5
541
100
AcDbEntity
8
0
100
AcDbLine
10
17.111314270838253
20
-107.22382215536871
30
-1.4289907434559339e-14
11
16.483924886795194
21
-106.25853881187254
31
-1.4722350653365092e-14
0
LINE
5
542
100
AcDbEntity
8
0
100
AcDbLine
10
16.483924886795197
20
-106.25853881187254
30
-1.4722350653365092e-14
11
15.805897427483837
21
-106.26186479600216
31
-1.4805767016789258e-14
0
LINE
5
543
100
AcDbEntity
8
0
100
AcDbLine
10
9.5177127978077358
20
-94.247500274183281
30
-1.4067356039885574e-14
11
9.5177127978073131
21
-96.573830518724449
31
-1.5077475447649938e-14
0
LINE
5
544
100
AcDbEntity
8
0
100
AcDbLine
10
9.5177127978073131
20
-96.573830518724449
30
-1.5077475447649938e-14
11
8.6868805716054212
21
-96.573830518724449
31
-1.5077475447649938e-14
0
LINE
5
545
100
AcDbEntity
8
0
100
AcDbLine
10
8.6868805716054212
20
-96.573830518724449
30
-1.5077475447649938e-14
11
8.6868805716053359
21
-97.04750028610421
31
-1.5283148320632723e-14
0
LINE
5
546
100
AcDbEntity
8
0
100
AcDbLine
10
8.6868805716053359
20
-97.04750028610421
30
-1.5283148320632723e-14
11
10.911982934759628
21
-97.04750028610421
31
-1.5283148320632723e-14
0
LINE
5
547
100
AcDbEntity
8
0
100
AcDbLine
10
10.911982934759628
20
-97.04750028610421
30
-1.5283148320632723e-14
11
10.911982934759713
21
-96.573830518724449
31
-1.5077475447649938e-14
0
LINE
5
548
100
AcDbEntity
8
0
100
AcDbLine
10
10.911982934759713
20
-96.573830518724449
30
-1.5077475447649938e-14
11
10.08306069283352
21
-96.573830518724449
31
-1.5077475447649938e-14
0
LINE
5
549
100
AcDbEntity
8
0
100
AcDbLine
10
10.08306069283352
20
-96.573830518724449
30
-1.5077475447649938e-14
11
10.083060692833943
21
-94.247500274183281
31
-1.4067356039885574e-14
0
LINE
5
550
100
AcDbEntity
8
0
100
AcDbLine
10
10.083060692833943
20
-94.247500274183281
30
-1.4067356039885574e-14
11
9.5177127978077358
21
-94.247500274183281
31
-1.4067356039885574e-14
0
LINE
5
551
100
AcDbEntity
8
0
100
AcDbLine
10
11.460141222761642
20
-97.04750028610421
30
-1.5283148320632723e-14
11
12.025489192293655
21
-97.04750028610421
31
-1.5283148320632723e-14
0
LINE
5
552
100
AcDbEntity
8
0
100
AcDbLine
10
12.025489192293655
20
-97.04750028610421
30
-1.5283148320632723e-14
11
12.02548919229393
21
-95.530992720129021
31
-1.4624663254719319e-14
0
SPLINE
5
553
100
AcDbEntity
8
0
100
AcDbSpline
70
0
71
2
72
6
73
3
74
0
42
0.000000001
43
0.0000000001
44
0.0000000001
40
0
40
0
40
0
40
1
40
1
40
1
10
12.02548919229393
20
-95.530992720129021
30
-1.4624663254719319e-14
10
12.025489192293996
20
-95.170010600091942
30
-1.4467920657162069e-14
10
12.046498637484447
20
-95.063052747251518
30
-1.4421478324556696e-14
0
SPLINE
5
554
100
AcDbEntity
8
0
100
AcDbSpline
70
0
71
2
72
6
73
3
74
0
42
0.000000001
43
0.0000000001
44
0.0000000001
40
0
40
0
40
0
40
1
40
1
40
1
10
12.046498637484447
20
-95.063052747251518
30
-1.4421478324556696e-14
10
12.082788031386302
20
-94.891156527997978
30
-1.4346839004710873e-14
10
12.219350021170561
20
-94.787063572408684
30
-1.4301640643515582e-14
0
SPLINE
5
555
100
AcDbEntity
8
0
100
AcDbSpline
70
0
71
2
72
6
73
3
74
0
42
0.000000001
43
0.0000000001
44
0.0000000001
40
0
40
0
40
0
40
1
40
1
40
1
10
12.219350021170561
20
-94.787063572408684
30
-1.4301640643515582e-14
10
12.355912010954819
20
-94.682970914842613
30
-1.4256442411725411e-14
10
12.5927468946447
20
-94.682970914842613
30
-1.4256442411725411e-14
0
SPLINE
5
556
100
AcDbEntity
8
0
100
AcDbSpline
70
0
71
2
72
6
73
3
74
0
42
0.000000001
43
0.0000000001
44
0.0000000001
40
0
40
0
40
0
40
1
40
1
40
1
10
12.5927468946447
20
-94.682970914842613
30
-1.4256442411725411e-14
10
12.833401840018235
20
-94.682970914842613
30
-1.4256442411725411e-14
10
12.955639045523588
20
-94.781333777906426
30
-1.4299152700695419e-14
0
SPLINE
5
557
100
AcDbEntity
8
0
100
AcDbSpline
70
0
71
2
72
6
73
3
74
0
42
0.000000001
43
0.0000000001
44
0.0000000001
40
0
40
0
40
0
40
1
40
1
40
1
10
12.955639045523588
20
-94.781333777906426
30
-1.4299152700695419e-14
10
13.077876549052165
20
-94.879696640970238
30
-1.4341862989665428e-14
10
13.102706055926225
20
-95.022943589689262
30
-1.4404062466005322e-14
0
SPLINE
5
558
100
AcDbEntity
8
0
100
AcDbSpline
70
0
71
2
72
6
73
3
74
0
42
0.000000001
43
0.0000000001
44
0.0000000001
40
0
40
0
40
0
40
1
40
1
40
1
10
13.102706055926225
20
-95.022943589689262
30
-1.4404062466005322e-14
10
13.127535562800283
20
-95.166190538408287
30
-1.4466261942345215e-14
10
13.127535562800222
20
-95.498523536922463
30
-1.4610564761099094e-14
0
LINE
5
559
100
AcDbEntity
8
0
100
AcDbLine
10
13.127535562800222
20
-95.498523536922463
30
-1.4610564761099094e-14
11
13.127535562799942
21
-97.04750028610421
31
-1.5283148320632723e-14
0
LINE
5
560
100
AcDbEntity
8
0
100
AcDbLine
10
13.127535562799942
20
-97.04750028610421
30
-1.5283148320632723e-14
11
13.692883532331955
21
-97.04750028610421
31
-1.5283148320632723e-14
0
LINE
5
561
100
AcDbEntity
8
0
100
AcDbLine
10
13.692883532331955
20
-97.04750028610421
30
-1.5283148320632723e-14
11
13.692883532332221
21
-95.576831821205147
31
-1.4644567120793417e-14
0
SPLINE
5
562
100
AcDbEntity
8
0
100
AcDbSpline
70
0
71
2
72
6
73
3
74
0
42
0.000000001
43
0.0000000001
44
0.0000000001
40
0
40
0
40
0
40
1
40
1
40
1
10
13.692883532332223
20
-95.576831821205147
30
-1.4644567120793417e-14
10
13.692883532332312
20
-95.072602603437431
30
-1.4425624982193715e-14
10
13.647044580267838
20
-94.864416990282066
30
-1.4335228389208253e-14
0
SPLINE
5
563
100
AcDbEntity
8
0
100
AcDbSpline
70
0
71
2
72
6
73
3
74
0
42
0.000000001
43
0.0000000001
44
0.0000000001
40
0
40
0
40
0
40
1
40
1
40
1
10
13.647044580267838
20
-94.864416990282066
30
-1.4335228389208253e-14
10
13.601205330180138
20
-94.656231377126701
30
-1.4244831796222788e-14
10
13.478012960242264
20
-94.512984726430901
30
-1.4182632449288017e-14
0
SPLINE
5
564
100
AcDbEntity
8
0
100
AcDbSpline
70
0
71
2
72
6
73
3
74
0
42
0.000000001
43
0.0000000001
44
0.0000000001
40
0
40
0
40
0
40
1
40
1
40
1
10
13.478012960242264
20
-94.512984726430901
30
-1.4182632449288017e-14
10
13.354820590304396
20
-94.369737777711876
30
-1.4120432972948123e-14
10
13.148545007990872
20
-94.284744534494408
30
-1.4083527927026868e-14
0
SPLINE
5
565
100
AcDbEntity
8
0
100
AcDbSpline
70
0
71
2
72
6
73
3
74
0
42
0.000000001
43
0.0000000001
44
0.0000000001
40
0
40
0
40
0
40
1
40
1
40
1
10
13.148545007990872
20
-94.284744534494408
30
-1.4083527927026868e-14
10
12.942269425677351
20
-94.199751291276939
30
-1.404662288110561e-14
10
12.609936576174787
20
-94.199751291276939
30
-1.404662288110561e-14
0
SPLINE
5
566
100
AcDbEntity
8
0
100
AcDbSpline
70
0
71
2
72
6
73
3
74
0
42
0.000000001
43
0.0000000001
44
0.0000000001
40
0
40
0
40
0
40
1
40
1
40
1
10
12.609936576174787
20
-94.199751291276939
30
-1.404662288110561e-14
10
12.208845298575453
20
-94.199751291276939
30
-1.404662288110561e-14
10
12.001614551829372
20
-94.292384359838493
30
-1.4086845227255456e-14
0
SPLINE
5
567
100
AcDbEntity
8
0
100
AcDbSpline
70
0
71
2
72
6
73
3
74
0
42
0.000000001
43
0.0000000001
44
0.0000000001
40
0
40
0
40
0
40
1
40
1
40
1
10
12.001614551829372
20
-94.292384359838493
30
-1.4086845227255456e-14
10
11.794384103106516
20
-94.385017428400047
30
-1.4127067573405304e-14
10
11.674056630419722
20
-94.533039305212029
30
-1.4191340378563704e-14
0
SPLINE
5
568
100
AcDbEntity
8
0
100
AcDbSpline
70
0
71
2
72
6
73
3
74
0
42
0.000000001
43
0.0000000001
44
0.0000000001
40
0
40
0
40
0
40
1
40
1
40
1
10
11.674056630419722
20
-94.533039305212029
30
-1.4191340378563704e-14
10
11.553729157732928
20
-94.681060884000786
30
-1.4255613054316984e-14
10
11.515530031012471
20
-94.843407545091637
30
-1.432610584593091e-14
0
SPLINE
5
569
100
AcDbEntity
8
0
100
AcDbSpline
70
0
71
2
72
6
73
3
74
0
42
0.000000001
43
0.0000000001
44
0.0000000001
40
0
40
0
40
0
40
1
40
1
40
1
10
11.515530031012471
20
-94.843407545091637
30
-1.432610584593091e-14
10
11.460141222761999
20
-95.084062192441948
30
-1.4430600867834039e-14
10
11.460141222761912
20
-95.55391234517289
30
-1.463461522010765e-14
0
LINE
5
570
100
AcDbEntity
8
0
100
AcDbLine
10
11.460141222761912
20
-95.55391234517289
30
-1.463461522010765e-14
11
11.460141222761642
21
-97.04750028610421
31
-1.5283148320632723e-14
0
LINE
5
571
100
AcDbEntity
8
0
100
AcDbLine
10
14.481696765708012
20
-94.247500274183281
30
-1.4067356039885574e-14
11
14.481696765707504
21
-97.04750028610421
31
-1.5283148320632723e-14
0
LINE
5
572
100
AcDbEntity
8
0
100
AcDbLine
10
14.481696765707504
20
-97.04750028610421
30
-1.5283148320632723e-14
11
15.031764786528122
21
-97.04750028610421
31
-1.5283148320632723e-14
0
LINE
5
573
100
AcDbEntity
8
0
100
AcDbLine
10
15.031764786528122
20
-97.04750028610421
30
-1.5283148320632723e-14
11
16.17774037628066
21
-95.177650425436028
31
-1.4471237957390658e-14
0
LINE
5
574
100
AcDbEntity
8
0
100
AcDbLine
10
16.17774037628066
20
-95.177650425436028
30
-1.4471237957390658e-14
11
16.177740376280319
21
-97.04750028610421
31
-1.5283148320632723e-14
0
LINE
5
575
100
AcDbEntity
8
0
100
AcDbLine
10
16.177740376280319
20
-97.04750028610421
30
-1.5283148320632723e-14
11
16.702978890226852
21
-97.04750028610421
31
-1.5283148320632723e-14
0
LINE
5
576
100
AcDbEntity
8
0
100
AcDbLine
10
16.702978890226852
20
-97.04750028610421
30
-1.5283148320632723e-14
11
16.70297889022736
21
-94.247500274183281
31
-1.4067356039885574e-14
0
LINE
5
577
100
AcDbEntity
8
0
100
AcDbLine
10
16.70297889022736
20
-94.247500274183281
30
-1.4067356039885574e-14
11
16.135721485899968
21
-94.247500274183281
31
-1.4067356039885574e-14
0
LINE
5
578
100
AcDbEntity
8
0
100
AcDbLine
10
16.135721485899968
20
-94.247500274183281
30
-1.4067356039885574e-14
11
15.006935279654215
21
-96.073421213628777
31
-1.4860191959164529e-14
0
LINE
5
579
100
AcDbEntity
8
0
100
AcDbLine
10
15.006935279654215
20
-96.073421213628777
30
-1.4860191959164529e-14
11
15.006935279654545
21
-94.247500274183281
31
-1.4067356039885574e-14
0
LINE
5
580
100
AcDbEntity
8
0
100
AcDbLine
10
15.006935279654545
20
-94.247500274183281
30
-1.4067356039885574e-14
11
14.481696765708012
21
-94.247500274183281
31
-1.4067356039885574e-14
0
LINE
5
581
100
AcDbEntity
8
0
100
AcDbLine
10
17.487972657965702
20
-94.247500274183281
30
-1.4067356039885574e-14
11
17.487972657965194
21
-97.04750028610421
31
-1.5283148320632723e-14
0
LINE
5
582
100
AcDbEntity
8
0
100
AcDbLine
10
17.487972657965194
20
-97.04750028610421
30
-1.5283148320632723e-14
11
19.564098398970138
21
-97.04750028610421
31
-1.5283148320632723e-14
0
LINE
5
583
100
AcDbEntity
8
0
100
AcDbLine
10
19.564098398970138
20
-97.04750028610421
30
-1.5283148320632723e-14
11
19.564098398970227
21
-96.573830518724449
31
-1.5077475447649938e-14
0
LINE
5
584
100
AcDbEntity
8
0
100
AcDbLine
10
19.564098398970224
20
-96.573830518724449
30
-1.5077475447649938e-14
11
18.053320329474069
21
-96.573830518724449
31
-1.5077475447649938e-14
0
LINE
5
585
100
AcDbEntity
8
0
100
AcDbLine
10
18.053320329474069
20
-96.573830518724449
30
-1.5077475447649938e-14
11
18.053320329474182
21
-95.953093740942009
31
-1.4807944383510406e-14
0
LINE
5
586
100
AcDbEntity
8
0
100
AcDbLine
10
18.053320329474182
20
-95.953093740942009
30
-1.4807944383510406e-14
11
19.459049980925293
21
-95.953093740942009
31
-1.4807944383510406e-14
0
LINE
5
587
100
AcDbEntity
8
0
100
AcDbLine
10
19.459049980925293
20
-95.953093740942009
30
-1.4807944383510406e-14
11
19.459049980925379
21
-95.481333855392464
31
-1.460310080323349e-14
0
LINE
5
588
100
AcDbEntity
8
0
100
AcDbLine
10
19.459049980925379
20
-95.481333855392464
30
-1.460310080323349e-14
11
18.053320329474268
21
-95.481333855392464
31
-1.460310080323349e-14
0
LINE
5
589
100
AcDbEntity
8
0
100
AcDbLine
10
18.053320329474268
20
-95.481333855392464
30
-1.460310080323349e-14
11
18.053320329474406
21
-94.719260308744438
31
-1.4272199684865051e-14
0
LINE
5
590
100
AcDbEntity
8
0
100
AcDbLine
10
18.053320329474406
20
-94.719260308744438
30
-1.4272199684865051e-14
11
19.617576878355937
21
-94.719260308744438
31
-1.4272199684865051e-14
0
LINE
5
591
100
AcDbEntity
8
0
100
AcDbLine
10
19.617576878355937
20
-94.719260308744438
30
-1.4272199684865051e-14
11
19.617576878356026
21
-94.247500274183281
31
-1.4067356039885576e-14
0
LINE
5
592
100
AcDbEntity
8
0
100
AcDbLine
10
19.617576878356022
20
-94.247500274183281
30
-1.4067356039885574e-14
11
17.487972657965702
21
-94.247500274183281
31
-1.4067356039885574e-14
0
LINE
5
593
100
AcDbEntity
8
0
100
AcDbLine
10
23.449999932944785
20
-94.315000129938142
30
0
11
23.449999932944785
21
-97.11500014185907
31
0
0
LINE
5
594
100
AcDbEntity
8
0
100
AcDbLine
10
23.449999932944785
20
-97.11500014185907
30
0
11
24.357230570912371
21
-97.11500014185907
31
0
0
SPLINE
5
595
100
AcDbEntity
8
0
100
AcDbSpline
70
0
71
2
72
6
73
3
74
0
42
0.000000001
43
0.0000000001
44
0.0000000001
40
0
40
0
40
0
40
1
40
1
40
1
10
24.357230570912371
20
-97.11500014185907
30
0
10
24.872919377684603
20
-97.11500014185907
30
0
10
25.029536095261584
20
-97.072980953454987
30
0
0
SPLINE
5
596
100
AcDbEntity
8
0
100
AcDbSpline
70
0
71
2
72
6
73
3
74
0
42
0.000000001
43
0.0000000001
44
0.0000000001
40
0
40
0
40
0
40
1
40
1
40
1
10
25.029536095261584
20
-97.072980953454987
30
0
10
25.270190891623507
20
-97.009952319860474
30
0
10
25.432537403702746
20
-96.798901958465592
30
0
0
SPLINE
5
597
100
AcDbEntity
8
0
100
AcDbSpline
70
0
71
2
72
6
73
3
74
0
42
0.000000001
43
0.0000000001
44
0.0000000001
40
0
40
0
40
0
40
1
40
1
40
1
10
25.432537403702746
20
-96.798901958465592
30
0
10
25.594883915781985
20
-96.587851448059098
30
0
10
25.594883915781985
20
-96.253608567714707
30
0
0
SPLINE
5
598
100
AcDbEntity
8
0
100
AcDbSpline
70
0
71
2
72
6
73
3
74
0
42
0.000000001
43
0.0000000001
44
0.0000000001
40
0
40
0
40
0
40
1
40
1
40
1
10
25.594883915781985
20
-96.253608567714707
30
0
10
25.594883915781985
20
-95.995764089822785
30
0
10
25.501295980811129
20
-95.820047957897202
30
0
0
SPLINE
5
599
100
AcDbEntity
8
0
100
AcDbSpline
70
0
71
2
72
6
73
3
74
0
42
0.000000001
43
0.0000000001
44
0.0000000001
40
0
40
0
40
0
40
1
40
1
40
1
10
25.501295980811129
20
-95.820047957897202
30
0
10
25.407708045840273
20
-95.644331676960007
30
0
10
25.263506081700335
20
-95.544058783054368
30
0
0
SPLINE
5
600
100
AcDbEntity
8
0
100
AcDbSpline
70
0
71
2
72
6
73
3
74
0
42
0.000000001
43
0.0000000001
44
0.0000000001
40
0
40
0
40
0
40
1
40
1
40
1
10
25.263506081700335
20
-95.544058783054368
30
0
10
25.119304117560397
20
-95.44378603816034
30
0
10
24.970327374339114
20
-95.41131670594217
30
0
0
SPLINE
5
601
100
AcDbEntity
8
0
100
AcDbSpline
70
0
71
2
72
6
73
3
74
0
42
0.000000001
43
0.0000000001
44
0.0000000001
40
0
40
0
40
0
40
1
40
1
40
1
10
24.970327374339114
20
-95.41131670594217
30
0
10
24.767871704697619
20
-95.371207548379914
30
0
10
24.383969959616671
20
-95.371207548379914
30
0
0
LINE
5
602
100
AcDbEntity
8
0
100
AcDbLine
10
24.383969959616671
20
-95.371207548379914
30
0
11
24.015347865223895
21
-95.371207548379914
31
0
0
LINE
5
603
100
AcDbEntity
8
0
100
AcDbLine
10
24.015347865223895
20
-95.371207548379914
30
0
11
24.015347865223895
21
-94.315000129938142
31
0
0
LINE
5
604
100
AcDbEntity
8
0
100
AcDbLine
10
24.015347865223895
20
-94.315000129938142
30
0
11
23.449999932944785
21
-94.315000129938142
31
0
0
LINE
5
605
100
AcDbEntity
8
0
100
AcDbLine
10
24.015347865223895
20
-96.64133037447931
30
0
11
24.015347865223895
21
-95.846787346601502
31
0
0
LINE
5
606
100
AcDbEntity
8
0
100
AcDbLine
10
24.015347865223895
20
-95.846787346601502
30
0
11
24.324761238694201
21
-95.846787346601502
31
0
0
SPLINE
5
607
100
AcDbEntity
8
0
100
AcDbSpline
70
0
71
2
72
6
73
3
74
0
42
0.000000001
43
0.0000000001
44
0.0000000001
40
0
40
0
40
0
40
1
40
1
40
1
10
24.324761238694201
20
-95.846787346601502
30
0
10
24.65900397002698
20
-95.846787346601502
30
0
10
24.771691617369662
20
-95.890716416835801
30
0
0
SPLINE
5
608
100
AcDbEntity
8
0
100
AcDbSpline
70
0
71
2
72
6
73
3
74
0
42
0.000000001
43
0.0000000001
44
0.0000000001
40
0
40
0
40
0
40
1
40
1
40
1
10
24.771691617369662
20
-95.890716416835801
30
0
10
24.884379115700732
20
-95.9346454870701
30
0
10
24.948362764716158
20
-96.028233422040955
30
0
0
SPLINE
5
609
100
AcDbEntity
8
0
100
AcDbSpline
70
0
71
2
72
6
73
3
74
0
42
0.000000001
43
0.0000000001
44
0.0000000001
40
0
40
0
40
0
40
1
40
1
40
1
10
24.948362764716158
20
-96.028233422040955
30
0
10
25.012346413731585
20
-96.121821506023423
30
0
10
25.012346413731585
20
-96.245968742370621
30
0
0
SPLINE
5
610
100
AcDbEntity
8
0
100
AcDbSpline
70
0
71
2
72
6
73
3
74
0
42
0.000000001
43
0.0000000001
44
0.0000000001
40
0
40
0
40
0
40
1
40
1
40
1
10
25.012346413731585
20
-96.245968742370621
30
0
10
25.012346413731585
20
-96.398765547275559
30
0
10
24.922578391432772
20
-96.498083425760285
30
0
0
SPLINE
5
611
100
AcDbEntity
8
0
100
AcDbSpline
70
0
71
2
72
6
73
3
74
0
42
0.000000001
43
0.0000000001
44
0.0000000001
40
0
40
0
40
0
40
1
40
1
40
1
10
24.922578391432772
20
-96.498083425760285
30
0
10
24.832810220122347
20
-96.597401304245011
30
0
10
24.695293214917193
20
-96.622230662107484
30
0
0
SPLINE
5
612
100
AcDbEntity
8
0
100
AcDbSpline
70
0
71
2
72
6
73
3
74
0
42
0.000000001
43
0.0000000001
44
0.0000000001
40
0
40
0
40
0
40
1
40
1
40
1
10
24.695293214917193
20
-96.622230662107484
30
0
10
24.594065454602251
20
-96.64133037447931
30
0
10
24.288471993803988
20
-96.64133037447931
30
0
0
LINE
5
613
100
AcDbEntity
8
0
100
AcDbLine
10
24.288471993803988
20
-96.64133037447931
30
0
11
24.015347865223895
21
-96.64133037447931
31
0
0
LINE
5
614
100
AcDbEntity
8
0
100
AcDbLine
10
26.248090174794207
20
-94.315000129938142
30
0
11
26.248090174794207
21
-97.11500014185907
31
0
0
LINE
5
615
100
AcDbEntity
8
0
100
AcDbLine
10
26.248090174794207
20
-97.11500014185907
30
0
11
27.437994685769091
21
-97.11500014185907
31
0
0
SPLINE
5
616
100
AcDbEntity
8
0
100
AcDbSpline
70
0
71
2
72
6
73
3
74
0
42
0.000000001
43
0.0000000001
44
0.0000000001
40
0
40
0
40
0
40
1
40
1
40
1
10
27.437994685769091
20
-97.11500014185907
30
0
10
27.886835244297991
20
-97.11500014185907
30
0
10
28.090245631337176
20
-97.039556754827515
30
0
0
SPLINE
5
617
100
AcDbEntity
8
0
100
AcDbSpline
70
0
71
2
72
6
73
3
74
0
42
0.000000001
43
0.0000000001
44
0.0000000001
40
0
40
0
40
0
40
1
40
1
40
1
10
28.090245631337176
20
-97.039556754827515
30
0
10
28.293656614422808
20
-96.96411336779596
30
0
10
28.415893819928179
20
-96.771207554340378
30
0
0
SPLINE
5
618
100
AcDbEntity
8
0
100
AcDbSpline
70
0
71
2
72
6
73
3
74
0
42
0.000000001
43
0.0000000001
44
0.0000000001
40
0
40
0
40
0
40
1
40
1
40
1
10
28.415893819928179
20
-96.771207554340378
30
0
10
28.53813102543355
20
-96.578301591873185
30
0
10
28.53813102543355
20
-96.330006970167176
30
0
0
SPLINE
5
619
100
AcDbEntity
8
0
100
AcDbSpline
70
0
71
2
72
6
73
3
74
0
42
0.000000001
43
0.0000000001
44
0.0000000001
40
0
40
0
40
0
40
1
40
1
40
1
10
28.53813102543355
20
-96.330006970167176
30
0
10
28.53813102543355
20
-96.014863802194611
30
0
10
28.352864888310442
20
-95.809543086290375
30
0
0
SPLINE
5
620
100
AcDbEntity
8
0
100
AcDbSpline
70
0
71
2
72
6
73
3
74
0
42
0.000000001
43
0.0000000001
44
0.0000000001
40
0
40
0
40
0
40
1
40
1
40
1
10
28.352864888310442
20
-95.809543086290375
30
0
10
28.167598751187334
20
-95.604222519397752
30
0
10
27.79897680580617
20
-95.55074359297754
30
0
0
SPLINE
5
621
100
AcDbEntity
8
0
100
AcDbSpline
70
0
71
2
72
6
73
3
74
0
42
0.000000001
43
0.0000000001
44
0.0000000001
40
0
40
0
40
0
40
1
40
1
40
1
10
27.79897680580617
20
-95.55074359297754
30
0
10
27.982333210110674
20
-95.44378603816034
30
0
10
28.101705518364916
20
-95.315818740129487
30
0
0
SPLINE
5
622
100
AcDbEntity
8
0
100
AcDbSpline
70
0
71
2
72
6
73
3
74
0
42
0.000000001
43
0.0000000001
44
0.0000000001
40
0
40
0
40
0
40
1
40
1
40
1
10
28.101705518364916
20
-95.315818740129487
30
0
10
28.221077826619158
20
-95.187851442098633
30
0
10
28.423533943295489
20
-94.861248387098328
30
0
0
LINE
5
623
100
AcDbEntity
8
0
100
AcDbLine
10
28.423533943295489
20
-94.861248387098328
30
0
11
28.765416648983965
21
-94.315000129938142
31
0
0
LINE
5
624
100
AcDbEntity
8
0
100
AcDbLine
10
28.765416648983965
20
-94.315000129938142
30
0
11
28.089290764927874
21
-94.315000129938142
31
0
0
LINE
5
625
100
AcDbEntity
8
0
100
AcDbLine
10
28.089290764927874
20
-94.315000129938142
30
0
11
27.680559661984454
21
-94.924277020692841
31
0
0
SPLINE
5
626
100
AcDbEntity
8
0
100
AcDbSpline
70
0
71
2
72
6
73
3
74
0
42
0.000000001
43
0.0000000001
44
0.0000000001
40
0
40
0
40
0
40
1
40
1
40
1
10
27.680559661984454
20
-94.924277020692841
30
0
10
27.462824192643176
20
-95.250880075693146
30
0
10
27.382605877518664
20
-95.335873318910615
30
0
0
SPLINE
5
627
100
AcDbEntity
8
0
100
AcDbSpline
70
0
71
2
72
6
73
3
74
0
42
0.000000001
43
0.0000000001
44
0.0000000001
40
0
40
0
40
0
40
1
40
1
40
1
10
27.382605877518664
20
-95.335873318910615
30
0
10
27.302387562394152
20
-95.420866413116471
30
0
10
27.212619689106951
20
-95.452380729913727
30
0
0
SPLINE
5
628
100
AcDbEntity
8
0
100
AcDbSpline
70
0
71
2
72
6
73
3
74
0
42
0.000000001
43
0.0000000001
44
0.0000000001
40
0
40
0
40
0
40
1
40
1
40
1
10
27.212619689106951
20
-95.452380729913727
30
0
10
27.122851517796526
20
-95.483895195722596
30
0
10
26.928035524487505
20
-95.483895195722596
30
0
0
LINE
5
629
100
AcDbEntity
8
0
100
AcDbLine
10
26.928035524487505
20
-95.483895195722596
30
0
11
26.81343814432622
21
-95.483895195722596
31
0
0
LINE
5
630
100
AcDbEntity
8
0
100
AcDbLine
10
26.81343814432622
20
-95.483895195722596
30
0
11
26.81343814432622
21
-94.315000129938142
31
0
0
LINE
5
631
100
AcDbEntity
8
0
100
AcDbLine
10
26.81343814432622
20
-94.315000129938142
30
0
11
26.248090174794207
21
-94.315000129938142
31
0
0
LINE
5
632
100
AcDbEntity
8
0
100
AcDbLine
10
26.81343814432622
20
-95.930825574398057
30
0
11
27.231719103455553
21
-95.930825574398057
31
0
0
SPLINE
5
633
100
AcDbEntity
8
0
100
AcDbSpline
70
0
71
2
72
6
73
3
74
0
42
0.000000001
43
0.0000000001
44
0.0000000001
40
0
40
0
40
0
40
1
40
1
40
1
10
27.231719103455553
20
-95.930825574398057
30
0
10
27.63854047358037
20
-95.930825574398057
30
0
10
27.739768233895312
20
-95.965204788446442
30
0
0
SPLINE
5
634
100
AcDbEntity
8
0
100
AcDbSpline
70
0
71
2
72
6
73
3
74
0
42
0.000000001
43
0.0000000001
44
0.0000000001
40
0
40
0
40
0
40
1
40
1
40
1
10
27.739768233895312
20
-95.965204788446442
30
0
10
27.840995994210253
20
-95.999584002494828
30
0
10
27.898294833302508
20
-96.083622230291382
30
0
0
SPLINE
5
635
100
AcDbEntity
8
0
100
AcDbSpline
70
0
71
2
72
6
73
3
74
0
42
0.000000001
43
0.0000000001
44
0.0000000001
40
0
40
0
40
0
40
1
40
1
40
1
10
27.898294833302508
20
-96.083622230291382
30
0
10
27.955593672394762
20
-96.167660458087937
30
0
10
27.955593672394762
20
-96.293717725276963
30
0
0
SPLINE
5
636
100
AcDbEntity
8
0
100
AcDbSpline
70
0
71
2
72
6
73
3
74
0
42
0.000000001
43
0.0000000001
44
0.0000000001
40
0
40
0
40
0
40
1
40
1
40
1
10
27.955593672394762
20
-96.293717725276963
30
0
10
27.955593672394762
20
-96.435054792165772
30
0
10
27.880150285363207
20
-96.521957917213456
30
0
0
SPLINE
5
637
100
AcDbEntity
8
0
100
AcDbSpline
70
0
71
2
72
6
73
3
74
0
42
0.000000001
43
0.0000000001
44
0.0000000001
40
0
40
0
40
0
40
1
40
1
40
1
10
27.880150285363207
20
-96.521957917213456
30
0
10
27.804706898331652
20
-96.60886104226114
30
0
10
27.667189744114886
20
-96.631780518293397
30
0
0
SPLINE
5
638
100
AcDbEntity
8
0
100
AcDbSpline
70
0
71
2
72
6
73
3
74
0
42
0.000000001
43
0.0000000001
44
0.0000000001
40
0
40
0
40
0
40
1
40
1
40
1
10
27.667189744114886
20
-96.631780518293397
30
0
10
27.598431316018115
20
-96.64133037447931
30
0
10
27.254638579487811
20
-96.64133037447931
30
0
0
LINE
5
639
100
AcDbEntity
8
0
100
AcDbLine
10
27.254638579487811
20
-96.64133037447931
30
0
11
26.81343814432622
21
-96.64133037447931
31
0
0
LINE
5
640
100
AcDbEntity
8
0
100
AcDbLine
10
26.81343814432622
20
-96.64133037447931
30
0
11
26.81343814432622
21
-95.930825574398057
31
0
0
SPLINE
5
641
100
AcDbEntity
8
0
100
AcDbSpline
70
0
71
2
72
6
73
3
74
0
42
0.000000001
43
0.0000000001
44
0.0000000001
40
0
40
0
40
0
40
1
40
1
40
1
10
29.143587854504595
20
-95.697810454368607
30
0
10
29.143587854504595
20
-96.125641418695466
30
0
10
29.271554854512225
20
-96.415955079793946
30
0
0
SPLINE
5
642
100
AcDbEntity
8
0
100
AcDbSpline
70
0
71
2
72
6
73
3
74
0
42
0.000000001
43
0.0000000001
44
0.0000000001
40
0
40
0
40
0
40
1
40
1
40
1
10
29.271554854512225
20
-96.415955079793946
30
0
10
29.367052820324908
20
-96.629870487451569
30
0
10
29.532264378666888
20
-96.799856973886506
30
0
0
SPLINE
5
643
100
AcDbEntity
8
0
100
AcDbSpline
70
0
71
2
72
6
73
3
74
0
42
0.000000001
43
0.0000000001
44
0.0000000001
40
0
40
0
40
0
40
1
40
1
40
1
10
29.532264378666888
20
-96.799856973886506
30
0
10
29.697475937008868
20
-96.969843162298218
30
0
10
29.894201663136492
20
-97.051971508264558
30
0
0
SPLINE
5
644
100
AcDbEntity
8
0
100
AcDbSpline
70
0
71
2
72
6
73
3
74
0
42
0.000000001
43
0.0000000001
44
0.0000000001
40
0
40
0
40
0
40
1
40
1
40
1
10
29.894201663136492
20
-97.051971508264558
30
0
10
30.155866053700457
20
-97.162749124765412
30
0
10
30.497748759388934
20
-97.162749124765412
30
0
0
SPLINE
5
645
100
AcDbEntity
8
0
100
AcDbSpline
70
0
71
2
72
6
73
3
74
0
42
0.000000001
43
0.0000000001
44
0.0000000001
40
0
40
0
40
0
40
1
40
1
40
1
10
30.497748759388934
20
-97.162749124765412
30
0
10
31.116575506329546
20
-97.162749124765412
30
0
10
31.488062646985064
20
-96.778847230672852
30
0
0
SPLINE
5
646
100
AcDbEntity
8
0
100
AcDbSpline
70
0
71
2
72
6
73
3
74
0
42
0.000000001
43
0.0000000001
44
0.0000000001
40
0
40
0
40
0
40
1
40
1
40
1
10
31.488062646985064
20
-96.778847230672852
30
0
10
31.859549787640582
20
-96.394945634603516
30
0
10
31.859549787640582
20
-95.711180223226563
30
0
0
SPLINE
5
647
100
AcDbEntity
8
0
100
AcDbSpline
70
0
71
2
72
6
73
3
74
0
42
0.000000001
43
0.0000000001
44
0.0000000001
40
0
40
0
40
0
40
1
40
1
40
1
10
31.859549787640582
20
-95.711180223226563
30
0
10
31.859549787640582
20
-95.033144606351868
30
0
10
31.490927246212969
20
-94.650197876691834
30
0
0
SPLINE
5
648
100
AcDbEntity
8
0
100
AcDbSpline
70
0
71
2
72
6
73
3
74
0
42
0.000000001
43
0.0000000001
44
0.0000000001
40
0
40
0
40
0
40
1
40
1
40
1
10
31.490927246212969
20
-94.650197876691834
30
0
10
31.122305300831805
20
-94.2672511470318
30
0
10
30.505388882756243
20
-94.2672511470318
30
0
0
SPLINE
5
649
100
AcDbEntity
8
0
100
AcDbSpline
70
0
71
2
72
6
73
3
74
0
42
0.000000001
43
0.0000000001
44
0.0000000001
40
0
40
0
40
0
40
1
40
1
40
1
10
30.505388882756243
20
-94.2672511470318
30
0
10
29.880831745266924
20
-94.2672511470318
30
0
10
29.51220979988576
20
-94.648288143873231
30
0
0
SPLINE
5
650
100
AcDbEntity
8
0
100
AcDbSpline
70
0
71
2
72
6
73
3
74
0
42
0.000000001
43
0.0000000001
44
0.0000000001
40
0
40
0
40
0
40
1
40
1
40
1
10
29.51220979988576
20
-94.648288143873231
30
0
10
29.143587854504595
20
-95.029324842691437
30
0
10
29.143587854504595
20
-95.697810454368607
30
0
0
SPLINE
5
651
100
AcDbEntity
8
0
100
AcDbSpline
70
0
71
2
72
6
73
3
74
0
42
0.000000001
43
0.0000000001
44
0.0000000001
40
0
40
0
40
0
40
1
40
1
40
1
10
29.726125505566607
20
-95.716910166740433
30
0
10
29.726125505566607
20
-95.241330219507233
30
0
10
29.945771005749712
20
-94.995900644063966
30
0
0
SPLINE
5
652
100
AcDbEntity
8
0
100
AcDbSpline
70
0
71
2
72
6
73
3
74
0
42
0.000000001
43
0.0000000001
44
0.0000000001
40
0
40
0
40
0
40
1
40
1
40
1
10
29.945771005749712
20
-94.995900644063966
30
0
10
30.16541590988637
20
-94.750470770597474
30
0
10
30.503478553891192
20
-94.750470770597474
30
0
0
SPLINE
5
653
100
AcDbEntity
8
0
100
AcDbSpline
70
0
71
2
72
6
73
3
74
0
42
0.000000001
43
0.0000000001
44
0.0000000001
40
0
40
0
40
0
40
1
40
1
40
1
10
30.503478553891192
20
-94.750470770597474
30
0
10
30.841541793942461
20
-94.750470770597474
30
0
10
31.058321502804766
20
-94.993990613222138
30
0
0
SPLINE
5
654
100
AcDbEntity
8
0
100
AcDbSpline
70
0
71
2
72
6
73
3
74
0
42
0.000000001
43
0.0000000001
44
0.0000000001
40
0
40
0
40
0
40
1
40
1
40
1
10
31.058321502804766
20
-94.993990613222138
30
0
10
31.275102403759966
20
-95.237510455846802
30
0
10
31.275102403759966
20
-95.724549992084519
30
0
0
SPLINE
5
655
100
AcDbEntity
8
0
100
AcDbSpline
70
0
71
2
72
6
73
3
74
0
42
0.000000001
43
0.0000000001
44
0.0000000001
40
0
40
0
40
0
40
1
40
1
40
1
10
31.275102403759966
20
-95.724549992084519
30
0
10
31.275102403759966
20
-96.205859584808366
30
0
10
31.064051893353472
20
-96.442694617509858
30
0
0
SPLINE
5
656
100
AcDbEntity
8
0
100
AcDbSpline
70
0
71
2
72
6
73
3
74
0
42
0.000000001
43
0.0000000001
44
0.0000000001
40
0
40
0
40
0
40
1
40
1
40
1
10
31.064051893353472
20
-96.442694617509858
30
0
10
30.853001382946978
20
-96.679529501199738
30
0
10
30.503478553891192
20
-96.679529501199738
30
0
0
SPLINE
5
657
100
AcDbEntity
8
0
100
AcDbSpline
70
0
71
2
72
6
73
3
74
0
42
0.000000001
43
0.0000000001
44
0.0000000001
40
0
40
0
40
0
40
1
40
1
40
1
10
30.503478553891192
20
-96.679529501199738
30
0
10
30.153956320881854
20
-96.679529501199738
30
0
10
29.940040615201006
20
-96.439829571247117
30
0
0
SPLINE
5
658
100
AcDbEntity
8
0
100
AcDbSpline
70
0
71
2
72
6
73
3
74
0
42
0.000000001
43
0.0000000001
44
0.0000000001
40
0
40
0
40
0
40
1
40
1
40
1
10
29.940040615201006
20
-96.439829571247117
30
0
10
29.726125505566607
20
-96.200129790306107
30
0
10
29.726125505566607
20
-95.716910166740433
30
0
0
LINE
5
659
100
AcDbEntity
8
0
100
AcDbLine
10
34.279467371106158
20
-95.344468010664002
30
0
11
34.82762625515462
21
-95.170661760568635
31
0
0
SPLINE
5
660
100
AcDbEntity
8
0
100
AcDbSpline
70
0
71
2
72
6
73
3
74
0
42
0.000000001
43
0.0000000001
44
0.0000000001
40
0
40
0
40
0
40
1
40
1
40
1
10
34.82762625515462
20
-95.170661760568635
30
0
10
34.701568391919146
20
-94.712271643877045
30
0
10
34.408389833569537
20
-94.489761246442811
30
0
0
SPLINE
5
661
100
AcDbEntity
8
0
100
AcDbSpline
70
0
71
2
72
6
73
3
74
0
42
0.000000001
43
0.0000000001
44
0.0000000001
40
0
40
0
40
0
40
1
40
1
40
1
10
34.408389833569537
20
-94.489761246442811
30
0
10
34.115211275219927
20
-94.2672511470318
30
0
10
33.6644606858492
20
-94.2672511470318
30
0
0
SPLINE
5
662
100
AcDbEntity
8
0
100
AcDbSpline
70
0
71
2
72
6
73
3
74
0
42
0.000000001
43
0.0000000001
44
0.0000000001
40
0
40
0
40
0
40
1
40
1
40
1
10
33.6644606858492
20
-94.2672511470318
30
0
10
33.10675313770772
20
-94.2672511470318
30
0
10
32.747680452466021
20
-94.648288143873231
30
0
0
SPLINE
5
663
100
AcDbEntity
8
0
100
AcDbSpline
70
0
71
2
72
6
73
3
74
0
42
0.000000001
43
0.0000000001
44
0.0000000001
40
0
40
0
40
0
40
1
40
1
40
1
10
32.747680452466021
20
-94.648288143873231
30
0
10
32.38860836327077
20
-95.029324842691437
30
0
10
32.38860836327077
20
-95.690170629024522
30
0
0
SPLINE
5
664
100
AcDbEntity
8
0
100
AcDbSpline
70
0
71
2
72
6
73
3
74
0
42
0.000000001
43
0.0000000001
44
0.0000000001
40
0
40
0
40
0
40
1
40
1
40
1
10
32.38860836327077
20
-95.690170629024522
30
0
10
32.38860836327077
20
-96.389215691089646
30
0
10
32.749590781331072
20
-96.775982333421723
30
0
0
SPLINE
5
665
100
AcDbEntity
8
0
100
AcDbSpline
70
0
71
2
72
6
73
3
74
0
42
0.000000001
43
0.0000000001
44
0.0000000001
40
0
40
0
40
0
40
1
40
1
40
1
10
32.749590781331072
20
-96.775982333421723
30
0
10
33.110572603344927
20
-97.162749124765412
30
0
10
33.698840644955645
20
-97.162749124765412
30
0
0
SPLINE
5
666
100
AcDbEntity
8
0
100
AcDbSpline
70
0
71
2
72
6
73
3
74
0
42
0.000000001
43
0.0000000001
44
0.0000000001
40
0
40
0
40
0
40
1
40
1
40
1
10
33.698840644955645
20
-97.162749124765412
30
0
10
34.212619569897662
20
-97.162749124765412
30
0
10
34.533492830395708
20
-96.859065545797364
30
0
0
SPLINE
5
667
100
AcDbEntity
8
0
100
AcDbSpline
70
0
71
2
72
6
73
3
74
0
42
0.000000001
43
0.0000000001
44
0.0000000001
40
0
40
0
40
0
40
1
40
1
40
1
10
34.533492830395708
20
-96.859065545797364
30
0
10
34.724488762021075
20
-96.679529501199738
30
0
10
34.81998613178731
20
-96.343376739025132
30
0
0
LINE
5
668
100
AcDbEntity
8
0
100
AcDbLine
10
34.81998613178731
20
-96.343376739025132
30
0
11
34.260367658734332
21
-96.209679497480408
31
0
0
SPLINE
5
669
100
AcDbEntity
8
0
100
AcDbSpline
70
0
71
2
72
6
73
3
74
0
42
0.000000001
43
0.0000000001
44
0.0000000001
40
0
40
0
40
0
40
1
40
1
40
1
10
34.260367658734332
20
-96.209679497480408
30
0
10
34.210709837079058
20
-96.427414817810075
30
0
10
34.05313780605794
20
-96.553472234010712
30
0
0
SPLINE
5
670
100
AcDbEntity
8
0
100
AcDbSpline
70
0
71
2
72
6
73
3
74
0
42
0.000000001
43
0.0000000001
44
0.0000000001
40
0
40
0
40
0
40
1
40
1
40
1
10
34.05313780605794
20
-96.553472234010712
30
0
10
33.895565775036822
20
-96.679529501199738
30
0
10
33.670191076397906
20
-96.679529501199738
30
0
0
SPLINE
5
671
100
AcDbEntity
8
0
100
AcDbSpline
70
0
71
2
72
6
73
3
74
0
42
0.000000001
43
0.0000000001
44
0.0000000001
40
0
40
0
40
0
40
1
40
1
40
1
10
33.670191076397906
20
-96.679529501199738
30
0
10
33.358867672085772
20
-96.679529501199738
30
0
10
33.165006545186053
20
-96.456064237356202
30
0
0
SPLINE
5
672
100
AcDbEntity
8
0
100
AcDbSpline
70
0
71
2
72
6
73
3
74
0
42
0.000000001
43
0.0000000001
44
0.0000000001
40
0
40
0
40
0
40
1
40
1
40
1
10
33.165006545186053
20
-96.456064237356202
30
0
10
32.971146014332781
20
-96.232599122524277
30
0
10
32.971146014332781
20
-95.732189817428605
30
0
0
SPLINE
5
673
100
AcDbEntity
8
0
100
AcDbSpline
70
0
71
2
72
6
73
3
74
0
42
0.000000001
43
0.0000000001
44
0.0000000001
40
0
40
0
40
0
40
1
40
1
40
1
10
32.971146014332781
20
-95.732189817428605
30
0
10
32.971146014332781
20
-95.201221061944977
30
0
10
33.162141945958147
20
-94.975846065282838
30
0
0
SPLINE
5
674
100
AcDbEntity
8
0
100
AcDbSpline
70
0
71
2
72
6
73
3
74
0
42
0.000000001
43
0.0000000001
44
0.0000000001
40
0
40
0
40
0
40
1
40
1
40
1
10
33.162141945958147
20
-94.975846065282838
30
0
10
33.353137281537066
20
-94.750470770597474
30
0
10
33.658731487393389
20
-94.750470770597474
30
0
0
SPLINE
5
675
100
AcDbEntity
8
0
100
AcDbSpline
70
0
71
2
72
6
73
3
74
0
42
0.000000001
43
0.0000000001
44
0.0000000001
40
0
40
0
40
0
40
1
40
1
40
1
10
33.658731487393389
20
-94.750470770597474
30
0
10
33.884106186032305
20
-94.750470770597474
30
0
10
34.046452549099932
20
-94.893717719316498
30
0
0
SPLINE
5
676
100
AcDbEntity
8
0
100
AcDbSpline
70
0
71
2
72
6
73
3
74
0
42
0.000000001
43
0.0000000001
44
0.0000000001
40
0
40
0
40
0
40
1
40
1
40
1
10
34.046452549099932
20
-94.893717719316498
30
0
10
34.208798912167559
20
-95.036964668035523
30
0
10
34.279467371106158
20
-95.344468010664002
30
0
0
LINE
5
677
100
AcDbEntity
8
0
100
AcDbLine
10
9.9573867107151095
20
-82.257956991270177
30
-1.4926503186092137e-14
11
9.9520625943826388
21
-85.057951941362489
31
-3.002526517291701e-17
0
LINE
5
678
100
AcDbEntity
8
0
100
AcDbLine
10
9.9520625943826388
20
-85.057951941362489
30
-3.0025265172916024e-17
11
10.859291592262375
21
-85.059677013304054
31
-3.0025265172916024e-17
0
SPLINE
5
679
100
AcDbEntity
8
0
100
AcDbSpline
70
0
71
2
72
6
73
3
74
0
42
0.000000001
43
0.0000000001
44
0.0000000001
40
0
40
0
40
0
40
1
40
1
40
1
10
10.859291592262375
20
-85.059677013304054
30
-3.0025265172916024e-17
10
11.374979466774484
20
-85.06065758015653
30
-3.0025265172916024e-17
10
11.531675799451225
20
-85.018936269721877
30
-2.5357451861986504e-16
0
SPLINE
5
680
100
AcDbEntity
8
0
100
AcDbSpline
70
0
71
2
72
6
73
3
74
0
42
0.000000001
43
0.0000000001
44
0.0000000001
40
0
40
0
40
0
40
1
40
1
40
1
10
11.531675799451225
20
-85.018936269721877
30
-2.5357451861986504e-16
10
11.772450007821282
20
-84.956365347972536
30
-5.888976060230812e-16
10
11.935197532365191
20
-84.745624065153905
30
-1.7117215472144314e-15
0
SPLINE
5
681
100
AcDbEntity
8
0
100
AcDbSpline
70
0
71
2
72
6
73
3
74
0
42
0.000000001
43
0.0000000001
44
0.0000000001
40
0
40
0
40
0
40
1
40
1
40
1
10
11.935197532365191
20
-84.745624065153905
30
-1.7117215472144314e-15
10
12.09794505719244
20
-84.53488263332396
30
-2.8345462811729882e-15
10
12.098580610039111
20
-84.200640357222483
30
-4.6127754476288884e-15
0
SPLINE
5
682
100
AcDbEntity
8
0
100
AcDbSpline
70
0
71
2
72
6
73
3
74
0
42
0.000000001
43
0.0000000001
44
0.0000000001
40
0
40
0
40
0
40
1
40
1
40
1
10
12.098580610039111
20
-84.200640357222483
30
-4.6127754476288884e-15
10
12.099070893607017
20
-83.942796345460778
30
-5.9845520746271419e-15
10
12.005817246796864
20
-83.766902576533013
30
-6.9193918847823614e-15
0
SPLINE
5
683
100
AcDbEntity
8
0
100
AcDbSpline
70
0
71
2
72
6
73
3
74
0
42
0.000000001
43
0.0000000001
44
0.0000000001
40
0
40
0
40
0
40
1
40
1
40
1
10
12.005817246796864
20
-83.766902576533013
30
-6.9193918847823614e-15
10
11.912563600270051
20
-83.59100865859395
30
-7.8542324877047865e-15
10
11.768552562728507
20
-83.49046175023652
30
-8.3877013961949988e-15
0
SPLINE
5
684
100
AcDbEntity
8
0
100
AcDbSpline
70
0
71
2
72
6
73
3
74
0
42
0.000000001
43
0.0000000001
44
0.0000000001
40
0
40
0
40
0
40
1
40
1
40
1
10
11.768552562728507
20
-83.49046175023652
30
-8.3877013961949988e-15
10
11.62454152490362
20
-83.389914990890446
30
-8.9211695119180039e-15
10
11.475626790466611
20
-83.357162442545786
30
-9.0939119006450452e-15
0
SPLINE
5
685
100
AcDbEntity
8
0
100
AcDbSpline
70
0
71
2
72
6
73
3
74
0
42
0.000000001
43
0.0000000001
44
0.0000000001
40
0
40
0
40
0
40
1
40
1
40
1
10
11.475626790466611
20
-83.357162442545786
30
-9.0939119006450452e-15
10
11.273247753187919
20
-83.31666839408814
30
-9.3072994640411298e-15
10
10.889346702122982
20
-83.315938416394445
30
-9.3072994640411298e-15
0
LINE
5
686
100
AcDbEntity
8
0
100
AcDbLine
10
10.889346702122982
20
-83.315938416394445
30
-9.3072994640411298e-15
11
10.520725274123725
21
-83.315237492499833
31
-9.3072994640411298e-15
0
LINE
5
687
100
AcDbEntity
8
0
100
AcDbLine
10
10.520725274123723
20
-83.315237492499833
30
-9.3072994640411298e-15
11
10.522733620960532
21
-82.259031983465519
31
-1.4926503186092137e-14
0
LINE
5
688
100
AcDbEntity
8
0
100
AcDbLine
10
10.522733620960532
20
-82.259031983465519
30
-1.4926503186092137e-14
11
9.9573867107151095
21
-82.257956991270177
31
-1.4926503186092137e-14
0
LINE
5
689
100
AcDbEntity
8
0
100
AcDbLine
10
10.518310173533049
20
-84.585358022476356
30
-2.5500292657224738e-15
11
10.51982097335218
21
-83.790816430970182
31
-6.7771337734407074e-15
0
LINE
5
690
100
AcDbEntity
8
0
100
AcDbLine
10
10.519820973352179
20
-83.79081643097021
30
-6.7771337734407074e-15
11
10.829233787466251
21
-83.791404771251692
31
-6.7771337734407074e-15
0
SPLINE
5
691
100
AcDbEntity
8
0
100
AcDbSpline
70
0
71
2
72
6
73
3
74
0
42
0.000000001
43
0.0000000001
44
0.0000000001
40
0
40
0
40
0
40
1
40
1
40
1
10
10.829233787466251
20
-83.791404771251692
30
-6.7771337734407074e-15
10
11.163475914556383
20
-83.792040323815016
30
-6.7771337734407074e-15
10
11.276079828368754
20
-83.836183586827786
30
-6.5434236227101011e-15
0
SPLINE
5
692
100
AcDbEntity
8
0
100
AcDbSpline
70
0
71
2
72
6
73
3
74
0
42
0.000000001
43
0.0000000001
44
0.0000000001
40
0
40
0
40
0
40
1
40
1
40
1
10
11.276079828368754
20
-83.836183586827786
30
-6.5434236227101011e-15
10
11.388683593169786
20
-83.880326849557207
30
-6.3097134719794933e-15
10
11.452489171854769
20
-83.974036278336342
30
-5.8118096859001007e-15
0
SPLINE
5
693
100
AcDbEntity
8
0
100
AcDbSpline
70
0
71
2
72
6
73
3
74
0
42
0.000000001
43
0.0000000001
44
0.0000000001
40
0
40
0
40
0
40
1
40
1
40
1
10
11.452489171854769
20
-83.974036278336342
30
-5.8118096859001007e-15
10
11.51629475025641
20
-84.067745856126834
30
-5.3139051070535017e-15
10
11.516058687997177
20
-84.191892868041151
30
-4.6534206222979326e-15
0
SPLINE
5
694
100
AcDbEntity
8
0
100
AcDbSpline
70
0
71
2
72
6
73
3
74
0
42
0.000000001
43
0.0000000001
44
0.0000000001
40
0
40
0
40
0
40
1
40
1
40
1
10
11.516058687997177
20
-84.191892868041151
30
-4.6534206222979326e-15
10
11.515768149439648
20
-84.344689396720653
30
-3.8405155433826383e-15
10
11.425811439445708
20
-84.443836404447637
30
-3.3121274799178596e-15
0
SPLINE
5
695
100
AcDbEntity
8
0
100
AcDbSpline
70
0
71
2
72
6
73
3
74
0
42
0.000000001
43
0.0000000001
44
0.0000000001
40
0
40
0
40
0
40
1
40
1
40
1
10
11.425811439445708
20
-84.443836404447637
30
-3.3121274799178596e-15
10
11.335854580440428
20
-84.542983411891285
30
-2.7837394164530797e-15
10
11.198290611556112
20
-84.56755124039222
30
-2.6516429951622905e-15
0
SPLINE
5
696
100
AcDbEntity
8
0
100
AcDbSpline
70
0
71
2
72
6
73
3
74
0
42
0.000000001
43
0.0000000001
44
0.0000000001
40
0
40
0
40
0
40
1
40
1
40
1
10
11.198290611556112
20
-84.56755124039222
30
-2.6516429951622905e-15
10
11.097026716708104
20
-84.586458436675059
30
-2.5500292657224738e-15
10
10.791433808360456
20
-84.585877359843352
30
-2.5500292657224738e-15
0
LINE
5
697
100
AcDbEntity
8
0
100
AcDbLine
10
10.791433808360456
20
-84.585877359843352
30
-2.5500292657224738e-15
11
10.518310173533049
21
-84.585358022476356
31
-2.5500292657224738e-15
0
LINE
5
698
100
AcDbEntity
8
0
100
AcDbLine
10
12.849059659971365
20
-82.263455430893018
30
-1.4926503186092137e-14
11
12.843735543638893
21
-85.06345038098533
31
-3.002526517291701e-17
0
LINE
5
699
100
AcDbEntity
8
0
100
AcDbLine
10
12.843735543638893
20
-85.06345038098533
30
-3.0025265172916024e-17
11
14.03363790350925
21
-85.065712948847491
31
-3.0025265172916024e-17
0
SPLINE
5
700
100
AcDbEntity
8
0
100
AcDbSpline
70
0
71
2
72
6
73
3
74
0
42
0.000000001
43
0.0000000001
44
0.0000000001
40
0
40
0
40
0
40
1
40
1
40
1
10
14.03363790350925
20
-85.065712948847491
30
-3.0025265172916024e-17
10
14.482477352603333
20
-85.066566405187288
30
-3.0025265172916024e-17
10
14.686031421308904
20
-84.991509934446512
30
-4.3139695960513096e-16
0
SPLINE
5
701
100
AcDbEntity
8
0
100
AcDbSpline
70
0
71
2
72
6
73
3
74
0
42
0.000000001
43
0.0000000001
44
0.0000000001
40
0
40
0
40
0
40
1
40
1
40
1
10
14.686031421308904
20
-84.991509934446512
30
-4.3139695960513096e-16
10
14.889584893969108
20
-84.916453462572349
30
-8.327686540373459e-16
10
15.012188683133012
20
-84.723780428243799
30
-1.8590605035815182e-15
0
SPLINE
5
702
100
AcDbEntity
8
0
100
AcDbSpline
70
0
71
2
72
6
73
3
74
0
42
0.000000001
43
0.0000000001
44
0.0000000001
40
0
40
0
40
0
40
1
40
1
40
1
10
15.012188683133012
20
-84.723780428243799
30
-1.8590605035815182e-15
10
15.134793068625626
20
-84.531107246037251
30
-2.8853531458928963e-15
10
15.135265193427436
20
-84.282813073197246
30
-4.2063229081712417e-15
0
SPLINE
5
703
100
AcDbEntity
8
0
100
AcDbSpline
70
0
71
2
72
6
73
3
74
0
42
0.000000001
43
0.0000000001
44
0.0000000001
40
0
40
0
40
0
40
1
40
1
40
1
10
15.135265193427436
20
-84.282813073197246
30
-4.2063229081712417e-15
10
15.135864428741908
20
-83.967670474939226
30
-5.8829383451873257e-15
10
14.950989037746556
20
-83.761997852190689
30
-6.975279594527702e-15
0
SPLINE
5
704
100
AcDbEntity
8
0
100
AcDbSpline
70
0
71
2
72
6
73
3
74
0
42
0.000000001
43
0.0000000001
44
0.0000000001
40
0
40
0
40
0
40
1
40
1
40
1
10
14.950989037746556
20
-83.761997852190689
30
-6.975279594527702e-15
10
14.766113646467861
20
-83.556325378453494
30
-8.0676200511008727e-15
10
14.397594056060088
20
-83.502145625100979
30
-8.3521370665513863e-15
0
SPLINE
5
705
100
AcDbEntity
8
0
100
AcDbSpline
70
0
71
2
72
6
73
3
74
0
42
0.000000001
43
0.0000000001
44
0.0000000001
40
0
40
0
40
0
40
1
40
1
40
1
10
14.397594056060088
20
-83.502145625100979
30
-8.3521370665513863e-15
10
14.581152909441853
20
-83.395536909230245
30
-8.9211695119180039e-15
10
14.700768625910353
20
-83.267796825981009
30
-9.6019773767753011e-15
0
SPLINE
5
706
100
AcDbEntity
8
0
100
AcDbSpline
70
0
71
2
72
6
73
3
74
0
42
0.000000001
43
0.0000000001
44
0.0000000001
40
0
40
0
40
0
40
1
40
1
40
1
10
14.700768625910353
20
-83.267796825981009
30
-9.6019773767753011e-15
10
14.820384342378855
20
-83.140056742731772
30
-1.0282785241632598e-14
10
15.023460522957599
20
-82.813839241284356
30
-1.2020369233419457e-14
0
LINE
5
707
100
AcDbEntity
8
0
100
AcDbLine
10
15.023460522957599
20
-82.813839241284356
30
-1.2020369233419457e-14
11
15.366381285325893
21
-82.268242051375765
31
-1.4926503186092137e-14
0
LINE
5
708
100
AcDbEntity
8
0
100
AcDbLine
10
15.366381285325893
20
-82.268242051375765
30
-1.4926503186092137e-14
11
14.690257219612789
21
-82.266956419349555
31
-1.4926503186092137e-14
0
LINE
5
709
100
AcDbEntity
8
0
100
AcDbLine
10
14.690257219612793
20
-82.266956419349555
30
-1.4926503186092137e-14
11
14.280367737729547
21
-82.875455017547068
31
-1.1685046146016239e-14
0
SPLINE
5
710
100
AcDbEntity
8
0
100
AcDbSpline
70
0
71
2
72
6
73
3
74
0
42
0.000000001
43
0.0000000001
44
0.0000000001
40
0
40
0
40
0
40
1
40
1
40
1
10
14.280367737729547
20
-82.875455017547068
30
-1.1685046146016237e-14
10
14.06201193408512
20
-83.201643465195403
30
-9.947462154229382e-15
10
13.981632151867366
20
-83.286484022033903
30
-9.4952835950772595e-15
0
SPLINE
5
711
100
AcDbEntity
8
0
100
AcDbSpline
70
0
71
2
72
6
73
3
74
0
42
0.000000001
43
0.0000000001
44
0.0000000001
40
0
40
0
40
0
40
1
40
1
40
1
10
13.981632151867366
20
-83.286484022033903
30
-9.4952835950772595e-15
10
13.901252369932955
20
-83.371324429861048
30
-9.0431058286923426e-15
10
13.811424437373617
20
-83.402667998192214
30
-8.8754442849907338e-15
0
SPLINE
5
712
100
AcDbEntity
8
0
100
AcDbSpline
70
0
71
2
72
6
73
3
74
0
42
0.000000001
43
0.0000000001
44
0.0000000001
40
0
40
0
40
0
40
1
40
1
40
1
10
13.811424437373617
20
-83.402667998192214
30
-8.8754442849907338e-15
10
13.721596802553623
20
-83.434011716101409
30
-8.7077819485219193e-15
10
13.526781161432162
20
-83.433641279313065
30
-8.7077819485219193e-15
0
LINE
5
713
100
AcDbEntity
8
0
100
AcDbLine
10
13.526781161432162
20
-83.433641279313065
30
-8.7077819485219193e-15
11
13.412183988439555
21
-83.433423375819928
31
-8.7077819485219193e-15
0
LINE
5
714
100
AcDbEntity
8
0
100
AcDbLine
10
13.412183988439551
20
-83.433423375819928
30
-8.7077819485219193e-15
11
13.414406607469619
21
-82.264530423159215
31
-1.4926503186092137e-14
0
LINE
5
715
100
AcDbEntity
8
0
100
AcDbLine
10
13.414406607469619
20
-82.264530423159215
30
-1.4926503186092137e-14
11
12.849059659971363
21
-82.263455430893018
31
-1.4926503186092137e-14
0
LINE
5
716
100
AcDbEntity
8
0
100
AcDbLine
10
13.411334163682962
20
-83.880352946536462
30
-6.3300360593140158e-15
11
13.829614366645682
21
-83.881148295278095
31
-6.3300360593140158e-15
0
SPLINE
5
717
100
AcDbEntity
8
0
100
AcDbSpline
70
0
71
2
72
6
73
3
74
0
42
0.000000001
43
0.0000000001
44
0.0000000001
40
0
40
0
40
0
40
1
40
1
40
1
10
13.829614366645682
20
-83.881148295278095
30
-6.3300360593140158e-15
10
14.236435001320483
20
-83.88192185395377
30
-6.3300360593140158e-15
10
14.337597207588352
20
-83.916493487412168
30
-6.1471327733033168e-15
0
SPLINE
5
718
100
AcDbEntity
8
0
100
AcDbSpline
70
0
71
2
72
6
73
3
74
0
42
0.000000001
43
0.0000000001
44
0.0000000001
40
0
40
0
40
0
40
1
40
1
40
1
10
14.337597207588352
20
-83.916493487412168
30
-6.1471327733033168e-15
10
14.438759413856221
20
-83.951065120870553
30
-5.9642294872926203e-15
10
14.495898353185561
20
-84.035212148773041
30
-5.5171317731659286e-15
0
SPLINE
5
719
100
AcDbEntity
8
0
100
AcDbSpline
70
0
71
2
72
6
73
3
74
0
42
0.000000001
43
0.0000000001
44
0.0000000001
40
0
40
0
40
0
40
1
40
1
40
1
10
14.495898353185561
20
-84.035212148773041
30
-5.5171317731659286e-15
10
14.553037292514901
20
-84.119359176675545
30
-5.070034059039237e-15
10
14.552797598389111
20
-84.245416215978764
30
-4.3993878842328038e-15
0
SPLINE
5
720
100
AcDbEntity
8
0
100
AcDbSpline
70
0
71
2
72
6
73
3
74
0
42
0.000000001
43
0.0000000001
44
0.0000000001
40
0
40
0
40
0
40
1
40
1
40
1
10
14.552797598389111
20
-84.245416215978764
30
-4.3993878842328038e-15
10
14.552528850180897
20
-84.386753027359006
30
-3.6474505673210761e-15
10
14.47692035584079
20
-84.473512541958073
30
-3.1851111108852944e-15
0
SPLINE
5
721
100
AcDbEntity
8
0
100
AcDbSpline
70
0
71
2
72
6
73
3
74
0
42
0.000000001
43
0.0000000001
44
0.0000000001
40
0
40
0
40
0
40
1
40
1
40
1
10
14.47692035584079
20
-84.473512541958073
30
-3.1851111108852944e-15
10
14.401311861500684
20
-84.560272056557153
30
-2.7227716544495143e-15
10
14.263751375188241
20
-84.582930006397248
30
-2.6008361304423819e-15
0
SPLINE
5
722
100
AcDbEntity
8
0
100
AcDbSpline
70
0
71
2
72
6
73
3
74
0
42
0.000000001
43
0.0000000001
44
0.0000000001
40
0
40
0
40
0
40
1
40
1
40
1
10
14.263751375188241
20
-84.582930006397248
30
-2.6008361304423819e-15
10
14.194974912626577
20
-84.592349103223071
30
-2.5500292657224738e-15
10
13.85118279760338
20
-84.591695391610301
30
-2.5500292657224738e-15
0
LINE
5
723
100
AcDbEntity
8
0
100
AcDbLine
10
13.85118279760338
20
-84.591695391610301
30
-2.5500292657224738e-15
11
13.409983160042138
21
-84.590856462170038
31
-2.5500292657224738e-15
0
LINE
5
724
100
AcDbEntity
8
0
100
AcDbLine
10
13.409983160042138
20
-84.590856462170038
30
-2.5500292657224738e-15
11
13.411334163682962
21
-83.880352946536462
31
-6.3300360593140165e-15
0
LINE
5
725
100
AcDbEntity
8
0
100
AcDbLine
10
15.952737938056478
20
-82.269356993040702
30
-1.4926503186092137e-14
11
15.947413821724005
21
-85.069351943133015
31
-3.002526517291701e-17
0
LINE
5
726
100
AcDbEntity
8
0
100
AcDbLine
10
15.947413821724009
20
-85.069351943133015
30
-3.0025265172916024e-17
11
18.023535809517298
21
-85.073299634175484
31
-3.0025265172916024e-17
0
LINE
5
727
100
AcDbEntity
8
0
100
AcDbLine
10
18.023535809517295
20
-85.073299634175484
30
-3.0025265172916024e-17
11
18.024436478422285
21
-84.599630723093995
31
-2.5500292657224734e-15
0
LINE
5
728
100
AcDbEntity
8
0
100
AcDbLine
10
18.024436478422285
20
-84.599630723094009
30
-2.5500292657224738e-15
11
16.513661140104567
21
-84.596758023751036
31
-2.5500292657224738e-15
0
LINE
5
729
100
AcDbEntity
8
0
100
AcDbLine
10
16.513661140104567
20
-84.596758023751036
30
-2.5500292657224738e-15
11
16.5148414525341
21
-83.976022368134011
31
-5.8524548605691448e-15
0
LINE
5
730
100
AcDbEntity
8
0
100
AcDbLine
10
16.514841452534096
20
-83.976022368133997
30
-5.8524548605691448e-15
11
17.920569158758241
21
-83.978695322183256
31
-5.8524548605691448e-15
0
LINE
5
731
100
AcDbEntity
8
0
100
AcDbLine
10
17.920569158758244
20
-83.978695322183256
30
-5.8524548605691448e-15
11
17.921466196080019
21
-83.506936289479313
31
-8.3622979638350455e-15
0
LINE
5
732
100
AcDbEntity
8
0
100
AcDbLine
10
17.921466196080019
20
-83.506936289479313
30
-8.3622979638350455e-15
11
16.515738489855874
21
-83.504263335430053
31
-8.3622979638350455e-15
0
LINE
5
733
100
AcDbEntity
8
0
100
AcDbLine
10
16.51573848985587
20
-83.504263335430053
30
-8.3622979638350455e-15
11
16.517187550493617
21
-82.7421908684328
31
-1.2416660875593444e-14
0
LINE
5
734
100
AcDbEntity
8
0
100
AcDbLine
10
16.51718755049362
20
-82.7421908684328
30
-1.2416660875593444e-14
11
18.081441271518536
21
-82.745165255505881
31
-1.2416660875593444e-14
0
LINE
5
735
100
AcDbEntity
8
0
100
AcDbLine
10
18.081441271518536
20
-82.745165255505896
30
-1.2416660875593444e-14
11
18.082338308556967
21
-82.273406371813294
31
-1.4926503186092137e-14
0
LINE
5
736
100
AcDbEntity
8
0
100
AcDbLine
10
18.082338308556967
20
-82.27340637181328
30
-1.4926503186092137e-14
11
15.952737938056478
21
-82.269356993040702
31
-1.4926503186092137e-14
0
LINE
5
737
100
AcDbEntity
8
0
100
AcDbLine
10
23.749999940395355
20
-71.136050304174404
30
0
11
24.300068128854036
21
-71.189529379606228
31
0
0
SPLINE
5
738
100
AcDbEntity
8
0
100
AcDbSpline
70
0
71
2
72
6
73
3
74
0
42
0.000000001
43
0.0000000001
44
0.0000000001
40
0
40
0
40
0
40
1
40
1
40
1
10
24.300068128854036
20
-71.189529379606228
30
0
10
24.349727068096399
20
-70.912585040330868
30
0
10
24.501568857580423
20
-70.782708009481411
30
0
0
SPLINE
5
739
100
AcDbEntity
8
0
100
AcDbSpline
70
0
71
2
72
6
73
3
74
0
42
0.000000001
43
0.0000000001
44
0.0000000001
40
0
40
0
40
0
40
1
40
1
40
1
10
24.501568857580423
20
-70.782708009481411
30
0
10
24.653410647064447
20
-70.65283068060873
30
0
10
24.911255124956369
20
-70.65283068060873
30
0
0
SPLINE
5
740
100
AcDbEntity
8
0
100
AcDbSpline
70
0
71
2
72
6
73
3
74
0
42
0.000000001
43
0.0000000001
44
0.0000000001
40
0
40
0
40
0
40
1
40
1
40
1
10
24.911255124956369
20
-70.65283068060873
30
0
10
25.184379104524851
20
-70.65283068060873
30
0
10
25.322851274162531
20
-70.768383225202541
30
0
0
SPLINE
5
741
100
AcDbEntity
8
0
100
AcDbSpline
70
0
71
2
72
6
73
3
74
0
42
0.000000001
43
0.0000000001
44
0.0000000001
40
0
40
0
40
0
40
1
40
1
40
1
10
25.322851274162531
20
-70.768383225202541
30
0
10
25.461323294788599
20
-70.883935769796352
30
0
10
25.461323294788599
20
-71.038642605543117
30
0
0
SPLINE
5
742
100
AcDbEntity
8
0
100
AcDbSpline
70
0
71
2
72
6
73
3
74
0
42
0.000000001
43
0.0000000001
44
0.0000000001
40
0
40
0
40
0
40
1
40
1
40
1
10
25.461323294788599
20
-71.038642605543117
30
0
10
25.461323294788599
20
-71.137960335016231
30
0
10
25.403069440275431
20
-71.207673927545528
30
0
0
SPLINE
5
743
100
AcDbEntity
8
0
100
AcDbSpline
70
0
71
2
72
6
73
3
74
0
42
0.000000001
43
0.0000000001
44
0.0000000001
40
0
40
0
40
0
40
1
40
1
40
1
10
25.403069440275431
20
-71.207673927545528
30
0
10
25.344815734773874
20
-71.277387222051601
30
0
10
25.199658904224634
20
-71.328956266641597
30
0
0
SPLINE
5
744
100
AcDbEntity
8
0
100
AcDbSpline
70
0
71
2
72
6
73
3
74
0
42
0.000000001
43
0.0000000001
44
0.0000000001
40
0
40
0
40
0
40
1
40
1
40
1
10
25.199658904224634
20
-71.328956266641597
30
0
10
25.100341025739908
20
-71.363335480689983
30
0
10
24.746998582035303
20
-71.451193472146969
30
0
0
SPLINE
5
745
100
AcDbEntity
8
0
100
AcDbSpline
70
0
71
2
72
6
73
3
74
0
42
0.000000001
43
0.0000000001
44
0.0000000001
40
0
40
0
40
0
40
1
40
1
40
1
10
24.746998582035303
20
-71.451193472146969
30
0
10
24.292428303509951
20
-71.563881268501262
30
0
10
24.109072271734476
20
-71.728137811422329
30
0
0
SPLINE
5
746
100
AcDbEntity
8
0
100
AcDbSpline
70
0
71
2
72
6
73
3
74
0
42
0.000000001
43
0.0000000001
44
0.0000000001
40
0
40
0
40
0
40
1
40
1
40
1
10
24.109072271734476
20
-71.728137811422329
30
0
10
23.851227775216103
20
-71.959242751598339
30
0
10
23.851227775216103
20
-72.291575750112514
30
0
0
SPLINE
5
747
100
AcDbEntity
8
0
100
AcDbSpline
70
0
71
2
72
6
73
3
74
0
42
0.000000001
43
0.0000000001
44
0.0000000001
40
0
40
0
40
0
40
1
40
1
40
1
10
23.851227775216103
20
-72.291575750112514
30
0
10
23.851227775216103
20
-72.505491157770138
30
0
10
23.972510170191526
20
-72.691712012290935
30
0
0
SPLINE
5
748
100
AcDbEntity
8
0
100
AcDbSpline
70
0
71
2
72
6
73
3
74
0
42
0.000000001
43
0.0000000001
44
0.0000000001
40
0
40
0
40
0
40
1
40
1
40
1
10
23.972510170191526
20
-72.691712012290935
30
0
10
24.093792546540499
20
-72.877932866811733
30
0
10
24.322032663971186
20
-72.975340863466243
30
0
0
SPLINE
5
749
100
AcDbEntity
8
0
100
AcDbSpline
70
0
71
2
72
6
73
3
74
0
42
0.000000001
43
0.0000000001
44
0.0000000001
40
0
40
0
40
0
40
1
40
1
40
1
10
24.322032663971186
20
-72.975340863466243
30
0
10
24.550272855907679
20
-73.072748860120754
30
0
10
24.873055849224329
20
-73.072748860120754
30
0
0
SPLINE
5
750
100
AcDbEntity
8
0
100
AcDbSpline
70
0
71
2
72
6
73
3
74
0
42
0.000000001
43
0.0000000001
44
0.0000000001
40
0
40
0
40
0
40
1
40
1
40
1
10
24.873055849224329
20
-73.072748860120754
30
0
10
25.400204543024302
20
-73.072748860120754
30
0
10
25.666643861681223
20
-72.841643770933132
30
0
0
SPLINE
5
751
100
AcDbEntity
8
0
100
AcDbSpline
70
0
71
2
72
6
73
3
74
0
42
0.000000001
43
0.0000000001
44
0.0000000001
40
0
40
0
40
0
40
1
40
1
40
1
10
25.666643861681223
20
-72.841643770933132
30
0
10
25.933083180338144
20
-72.610538830757122
30
0
10
25.946452800184488
20
-72.224727054834347
30
0
0
LINE
5
752
100
AcDbEntity
8
0
100
AcDbLine
10
25.946452800184488
20
-72.224727054834347
30
0
11
25.381104979664087
21
-72.199897696971874
31
0
0
SPLINE
5
753
100
AcDbEntity
8
0
100
AcDbSpline
70
0
71
2
72
6
73
3
74
0
42
0.000000001
43
0.0000000001
44
0.0000000001
40
0
40
0
40
0
40
1
40
1
40
1
10
25.381104979664087
20
-72.199897696971874
30
0
10
25.344815734773874
20
-72.415722986459713
30
0
10
25.22544327750802
20
-72.510265936851482
30
0
0
SPLINE
5
754
100
AcDbEntity
8
0
100
AcDbSpline
70
0
71
2
72
6
73
3
74
0
42
0.000000001
43
0.0000000001
44
0.0000000001
40
0
40
0
40
0
40
1
40
1
40
1
10
25.22544327750802
20
-72.510265936851482
30
0
10
25.106070820242167
20
-72.604809036254863
30
0
10
24.867326054722071
20
-72.604809036254863
30
0
0
SPLINE
5
755
100
AcDbEntity
8
0
100
AcDbSpline
70
0
71
2
72
6
73
3
74
0
42
0.000000001
43
0.0000000001
44
0.0000000001
40
0
40
0
40
0
40
1
40
1
40
1
10
24.867326054722071
20
-72.604809036254863
30
0
10
24.620941314846277
20
-72.604809036254863
30
0
10
24.481514278799295
20
-72.50358112692831
30
0
0
SPLINE
5
756
100
AcDbEntity
8
0
100
AcDbSpline
70
0
71
2
72
6
73
3
74
0
42
0.000000001
43
0.0000000001
44
0.0000000001
40
0
40
0
40
0
40
1
40
1
40
1
10
24.481514278799295
20
-72.50358112692831
30
0
10
24.391746181994677
20
-72.43864246249197
30
0
10
24.391746181994677
20
-72.329774876832943
30
0
0
SPLINE
5
757
100
AcDbEntity
8
0
100
AcDbSpline
70
0
71
2
72
6
73
3
74
0
42
0.000000001
43
0.0000000001
44
0.0000000001
40
0
40
0
40
0
40
1
40
1
40
1
10
24.391746181994677
20
-72.329774876832943
30
0
10
24.391746181994677
20
-72.230456998348217
30
0
10
24.475784409791231
20
-72.159788539409618
30
0
0
SPLINE
5
758
100
AcDbEntity
8
0
100
AcDbSpline
70
0
71
2
72
6
73
3
74
0
42
0.000000001
43
0.0000000001
44
0.0000000001
40
0
40
0
40
0
40
1
40
1
40
1
10
24.475784409791231
20
-72.159788539409618
30
0
10
24.582742113620043
20
-72.070020368099193
30
0
10
24.995293203741312
20
-71.972612520456295
30
0
0
SPLINE
5
759
100
AcDbEntity
8
0
100
AcDbSpline
70
0
71
2
72
6
73
3
74
0
42
0.000000001
43
0.0000000001
44
0.0000000001
40
0
40
0
40
0
40
1
40
1
40
1
10
24.995293203741312
20
-71.972612520456295
30
0
10
25.407844368368387
20
-71.875204672813396
30
0
10
25.605525109916925
20
-71.771111866235714
30
0
0
SPLINE
5
760
100
AcDbEntity
8
0
100
AcDbSpline
70
0
71
2
72
6
73
3
74
0
42
0.000000001
43
0.0000000001
44
0.0000000001
40
0
40
0
40
0
40
1
40
1
40
1
10
25.605525109916925
20
-71.771111866235714
30
0
10
25.803205851465464
20
-71.667019059658031
30
0
10
25.914938483387232
20
-71.48652785062788
30
0
0
SPLINE
5
761
100
AcDbEntity
8
0
100
AcDbSpline
70
0
71
2
72
6
73
3
74
0
42
0.000000001
43
0.0000000001
44
0.0000000001
40
0
40
0
40
0
40
1
40
1
40
1
10
25.914938483387232
20
-71.48652785062788
30
0
10
26.026671115309
20
-71.30603679060934
30
0
10
26.026671115309
20
-71.040552338361721
30
0
0
SPLINE
5
762
100
AcDbEntity
8
0
100
AcDbSpline
70
0
71
2
72
6
73
3
74
0
42
0.000000001
43
0.0000000001
44
0.0000000001
40
0
40
0
40
0
40
1
40
1
40
1
10
26.026671115309
20
-71.040552338361721
30
0
10
26.026671115309
20
-70.799897392988186
30
0
10
25.892974022775888
20
-70.589802047014217
30
0
0
SPLINE
5
763
100
AcDbEntity
8
0
100
AcDbSpline
70
0
71
2
72
6
73
3
74
0
42
0.000000001
43
0.0000000001
44
0.0000000001
40
0
40
0
40
0
40
1
40
1
40
1
10
25.892974022775888
20
-70.589802047014217
30
0
10
25.759276930242777
20
-70.379706701040249
30
0
10
25.514802072197199
20
-70.277523776292782
30
0
0
SPLINE
5
764
100
AcDbEntity
8
0
100
AcDbSpline
70
0
71
2
72
6
73
3
74
0
42
0.000000001
43
0.0000000001
44
0.0000000001
40
0
40
0
40
0
40
1
40
1
40
1
10
25.514802072197199
20
-70.277523776292782
30
0
10
25.270327363163233
20
-70.175340851545315
30
0
10
24.905525181442499
20
-70.175340851545315
30
0
0
SPLINE
5
765
100
AcDbEntity
8
0
100
AcDbSpline
70
0
71
2
72
6
73
3
74
0
42
0.000000001
43
0.0000000001
44
0.0000000001
40
0
40
0
40
0
40
1
40
1
40
1
10
24.905525181442499
20
-70.175340851545315
30
0
10
24.374556574970484
20
-70.175340851545315
30
0
10
24.089972633868456
20
-70.420770725011806
30
0
0
SPLINE
5
766
100
AcDbEntity
8
0
100
AcDbSpline
70
0
71
2
72
6
73
3
74
0
42
0.000000001
43
0.0000000001
44
0.0000000001
40
0
40
0
40
0
40
1
40
1
40
1
10
24.089972633868456
20
-70.420770725011806
30
0
10
23.805388748645782
20
-70.666200300455074
30
0
10
23.749999940395355
20
-71.136050304174404
30
0
0
LINE
5
767
100
AcDbEntity
8
0
100
AcDbLine
10
26.689427081495523
20
-70.224999865293483
30
0
11
26.689427081495523
21
-73.024999877214412
31
0
0
LINE
5
768
100
AcDbEntity
8
0
100
AcDbLine
10
26.689427081495523
20
-73.024999877214412
30
0
11
28.765552524477243
21
-73.024999877214412
31
0
0
LINE
5
769
100
AcDbEntity
8
0
100
AcDbLine
10
28.765552524477243
20
-73.024999877214412
30
0
11
28.765552524477243
21
-72.551330109834652
31
0
0
LINE
5
770
100
AcDbEntity
8
0
100
AcDbLine
10
28.765552524477243
20
-72.551330109834652
30
0
11
27.254775051027536
21
-72.551330109834652
31
0
0
LINE
5
771
100
AcDbEntity
8
0
100
AcDbLine
10
27.254775051027536
20
-72.551330109834652
30
0
11
27.254775051027536
21
-71.930593332052212
31
0
0
LINE
5
772
100
AcDbEntity
8
0
100
AcDbLine
10
27.254775051027536
20
-71.930593332052212
30
0
11
28.660504702478647
21
-71.930593332052212
31
0
0
LINE
5
773
100
AcDbEntity
8
0
100
AcDbLine
10
28.660504702478647
20
-71.930593332052212
30
0
11
28.660504702478647
21
-71.458833446502666
31
0
0
LINE
5
774
100
AcDbEntity
8
0
100
AcDbLine
10
28.660504702478647
20
-71.458833446502666
30
0
11
27.254775051027536
21
-71.458833446502666
31
0
0
LINE
5
775
100
AcDbEntity
8
0
100
AcDbLine
10
27.254775051027536
20
-71.458833446502666
30
0
11
27.254775051027536
21
-70.696759899854641
31
0
0
LINE
5
776
100
AcDbEntity
8
0
100
AcDbLine
10
27.254775051027536
20
-70.696759899854641
30
0
11
28.819031599909067
21
-70.696759899854641
31
0
0
LINE
5
777
100
AcDbEntity
8
0
100
AcDbLine
10
28.819031599909067
20
-70.696759899854641
30
0
11
28.819031599909067
21
-70.224999865293483
31
0
0
LINE
5
778
100
AcDbEntity
8
0
100
AcDbLine
10
28.819031599909067
20
-70.224999865293483
30
0
11
26.689427081495523
21
-70.224999865293483
31
0
0
LINE
5
779
100
AcDbEntity
8
0
100
AcDbLine
10
29.491337422281504
20
-70.224999865293483
30
0
11
29.491337422281504
21
-73.024999877214412
31
0
0
LINE
5
780
100
AcDbEntity
8
0
100
AcDbLine
10
29.491337422281504
20
-73.024999877214412
30
0
11
30.041405443102121
21
-73.024999877214412
31
0
0
LINE
5
781
100
AcDbEntity
8
0
100
AcDbLine
10
30.041405443102121
20
-73.024999877214412
30
0
11
31.187381032854319
21
-71.15515001654623
31
0
0
LINE
5
782
100
AcDbEntity
8
0
100
AcDbLine
10
31.187381032854319
20
-71.15515001654623
30
0
11
31.187381032854319
21
-73.024999877214412
31
0
0
LINE
5
783
100
AcDbEntity
8
0
100
AcDbLine
10
31.187381032854319
20
-73.024999877214412
30
0
11
31.7126201428473
21
-73.024999877214412
31
0
0
LINE
5
784
100
AcDbEntity
8
0
100
AcDbLine
10
31.7126201428473
20
-73.024999877214412
30
0
11
31.7126201428473
21
-70.224999865293483
31
0
0
LINE
5
785
100
AcDbEntity
8
0
100
AcDbLine
10
31.7126201428473
20
-70.224999865293483
30
0
11
31.145362142473459
21
-70.224999865293483
31
0
0
LINE
5
786
100
AcDbEntity
8
0
100
AcDbLine
10
31.145362142473459
20
-70.224999865293483
30
0
11
30.016575936228037
21
-72.050920804738979
31
0
0
LINE
5
787
100
AcDbEntity
8
0
100
AcDbLine
10
30.016575936228037
20
-72.050920804738979
30
0
11
30.016575936228037
21
-70.224999865293483
31
0
0
LINE
5
788
100
AcDbEntity
8
0
100
AcDbLine
10
30.016575936228037
20
-70.224999865293483
30
0
11
29.491337422281504
21
-70.224999865293483
31
0
0
LINE
5
789
100
AcDbEntity
8
0
100
AcDbLine
10
32.495702389627695
20
-73.024999877214412
30
0
11
33.528990034013987
21
-73.024999877214412
31
0
0
SPLINE
5
790
100
AcDbEntity
8
0
100
AcDbSpline
70
0
71
2
72
6
73
3
74
0
42
0.000000001
43
0.0000000001
44
0.0000000001
40
0
40
0
40
0
40
1
40
1
40
1
10
33.528990034013987
20
-73.024999877214412
30
0
10
33.878512267023325
20
-73.024999877214412
30
0
10
34.061869267374277
20
-72.971521099805813
30
0
0
SPLINE
5
791
100
AcDbEntity
8
0
100
AcDbSpline
70
0
71
2
72
6
73
3
74
0
42
0.000000001
43
0.0000000001
44
0.0000000001
40
0
40
0
40
0
40
1
40
1
40
1
10
34.061869267374277
20
-72.971521099805813
30
0
10
34.308253411203623
20
-72.898942610025387
30
0
10
34.483970288187265
20
-72.713676621913891
30
0
0
SPLINE
5
792
100
AcDbEntity
8
0
100
AcDbSpline
70
0
71
2
72
6
73
3
74
0
42
0.000000001
43
0.0000000001
44
0.0000000001
40
0
40
0
40
0
40
1
40
1
40
1
10
34.483970288187265
20
-72.713676621913891
30
0
10
34.659685973078012
20
-72.528410484790783
30
0
10
34.751363877207041
20
-72.260061284303646
30
0
0
SPLINE
5
793
100
AcDbEntity
8
0
100
AcDbSpline
70
0
71
2
72
6
73
3
74
0
42
0.000000001
43
0.0000000001
44
0.0000000001
40
0
40
0
40
0
40
1
40
1
40
1
10
34.751363877207041
20
-72.260061284303646
30
0
10
34.843041781336069
20
-71.991712083816509
30
0
10
34.843041781336069
20
-71.598260482549648
30
0
0
SPLINE
5
794
100
AcDbEntity
8
0
100
AcDbSpline
70
0
71
2
72
6
73
3
74
0
42
0.000000001
43
0.0000000001
44
0.0000000001
40
0
40
0
40
0
40
1
40
1
40
1
10
34.843041781336069
20
-71.598260482549648
30
0
10
34.843041781336069
20
-71.252557864189129
30
0
10
34.757094267755747
20
-71.002353211641292
30
0
0
SPLINE
5
795
100
AcDbEntity
8
0
100
AcDbSpline
70
0
71
2
72
6
73
3
74
0
42
0.000000001
43
0.0000000001
44
0.0000000001
40
0
40
0
40
0
40
1
40
1
40
1
10
34.757094267755747
20
-71.002353211641292
30
0
10
34.652045849710703
20
-70.696759899854641
30
0
10
34.45723045244813
20
-70.507673701047878
30
0
0
SPLINE
5
796
100
AcDbEntity
8
0
100
AcDbSpline
70
0
71
2
72
6
73
3
74
0
42
0.000000001
43
0.0000000001
44
0.0000000001
40
0
40
0
40
0
40
1
40
1
40
1
10
34.45723045244813
20
-70.507673701047878
30
0
10
34.310163144022226
20
-70.364426752328853
30
0
10
34.059958342462778
20
-70.284208735227566
30
0
0
SPLINE
5
797
100
AcDbEntity
8
0
100
AcDbSpline
70
0
71
2
72
6
73
3
74
0
42
0.000000001
43
0.0000000001
44
0.0000000001
40
0
40
0
40
0
40
1
40
1
40
1
10
34.059958342462778
20
-70.284208735227566
30
0
10
33.872783068567514
20
-70.224999865293483
30
0
10
33.559549931436777
20
-70.224999865293483
30
0
0
LINE
5
798
100
AcDbEntity
8
0
100
AcDbLine
10
33.559549931436777
20
-70.224999865293483
30
0
11
32.495702389627695
21
-70.224999865293483
31
0
0
LINE
5
799
100
AcDbEntity
8
0
100
AcDbLine
10
32.495702389627695
20
-70.224999865293483
30
0
11
32.495702389627695
21
-73.024999877214412
31
0
0
LINE
5
800
100
AcDbEntity
8
0
100
AcDbLine
10
33.061050061136484
20
-72.551330109834652
30
0
11
33.061050061136484
21
-70.696759899854641
31
0
0
LINE
5
801
100
AcDbEntity
8
0
100
AcDbLine
10
33.061050061136484
20
-70.696759899854641
30
0
11
33.483151081949472
21
-70.696759899854641
31
0
0
SPLINE
5
802
100
AcDbEntity
8
0
100
AcDbSpline
70
0
71
2
72
6
73
3
74
0
42
0.000000001
43
0.0000000001
44
0.0000000001
40
0
40
0
40
0
40
1
40
1
40
1
10
33.483151081949472
20
-70.696759899854641
30
0
10
33.719986561685801
20
-70.696759899854641
30
0
10
33.825033787637949
20
-70.723499139547329
30
0
0
SPLINE
5
803
100
AcDbEntity
8
0
100
AcDbSpline
70
0
71
2
72
6
73
3
74
0
42
0.000000001
43
0.0000000001
44
0.0000000001
40
0
40
0
40
0
40
1
40
1
40
1
10
33.825033787637949
20
-70.723499139547329
30
0
10
33.962551239877939
20
-70.757878502607326
30
0
10
34.053274277597666
20
-70.840006550550441
30
0
0
SPLINE
5
804
100
AcDbEntity
8
0
100
AcDbSpline
70
0
71
2
72
6
73
3
74
0
42
0.000000001
43
0.0000000001
44
0.0000000001
40
0
40
0
40
0
40
1
40
1
40
1
10
34.053274277597666
20
-70.840006550550441
30
0
10
34.143997315317392
20
-70.922134896516781
30
0
10
34.201295260339975
20
-71.110265930891018
30
0
0
SPLINE
5
805
100
AcDbEntity
8
0
100
AcDbSpline
70
0
71
2
72
6
73
3
74
0
42
0.000000001
43
0.0000000001
44
0.0000000001
40
0
40
0
40
0
40
1
40
1
40
1
10
34.201295260339975
20
-71.110265930891018
30
0
10
34.258594397455454
20
-71.298396965265255
30
0
10
34.258594397455454
20
-71.623089989423733
30
0
0
SPLINE
5
806
100
AcDbEntity
8
0
100
AcDbSpline
70
0
71
2
72
6
73
3
74
0
42
0.000000001
43
0.0000000001
44
0.0000000001
40
0
40
0
40
0
40
1
40
1
40
1
10
34.258594397455454
20
-71.623089989423733
30
0
10
34.258594397455454
20
-71.94778301358221
30
0
10
34.201295260339975
20
-72.121589263677578
30
0
0
SPLINE
5
807
100
AcDbEntity
8
0
100
AcDbSpline
70
0
71
2
72
6
73
3
74
0
42
0.000000001
43
0.0000000001
44
0.0000000001
40
0
40
0
40
0
40
1
40
1
40
1
10
34.201295260339975
20
-72.121589263677578
30
0
10
34.143997315317392
20
-72.295395513772945
30
0
10
34.040859822183847
20
-72.392803510427456
30
0
0
SPLINE
5
808
100
AcDbEntity
8
0
100
AcDbSpline
70
0
71
2
72
6
73
3
74
0
42
0.000000001
43
0.0000000001
44
0.0000000001
40
0
40
0
40
0
40
1
40
1
40
1
10
34.040859822183847
20
-72.392803510427456
30
0
10
33.937721136957407
20
-72.490211358070354
30
0
10
33.779194239526987
20
-72.52459057211874
30
0
0
SPLINE
5
809
100
AcDbEntity
8
0
100
AcDbSpline
70
0
71
2
72
6
73
3
74
0
42
0.000000001
43
0.0000000001
44
0.0000000001
40
0
40
0
40
0
40
1
40
1
40
1
10
33.779194239526987
20
-72.52459057211874
30
0
10
33.660777691751719
20
-72.551330109834652
30
0
10
33.315074924379587
20
-72.551330109834652
30
0
0
LINE
5
810
100
AcDbEntity
8
0
100
AcDbLine
10
33.315074924379587
20
-72.551330109834652
30
0
11
33.061050061136484
21
-72.551330109834652
31
0
0
LINE
5
811
100
AcDbEntity
8
0
100
AcDbLine
10
9.3503548497602136
20
-70.275115482578585
30
0
11
9.3504239998583891
21
-73.075115493645626
31
0
0
LINE
5
812
100
AcDbEntity
8
0
100
AcDbLine
10
9.3504239998583891
20
-73.075115493645626
30
0
11
10.25765463754931
21
-73.075093088261085
31
0
0
SPLINE
5
813
100
AcDbEntity
8
0
100
AcDbSpline
70
0
71
2
72
6
73
3
74
0
42
0.000000001
43
0.0000000001
44
0.0000000001
40
0
40
0
40
0
40
1
40
1
40
1
10
10.25765463754931
20
-73.075093088261099
30
0
10
10.773343444164279
20
-73.075080352573451
30
0
10
10.929959123968143
20
-73.033057296303795
30
0
0
SPLINE
5
814
100
AcDbEntity
8
0
100
AcDbSpline
70
0
71
2
72
6
73
3
74
0
42
0.000000001
43
0.0000000001
44
0.0000000001
40
0
40
0
40
0
40
1
40
1
40
1
10
10.929959123968143
20
-73.033057296303795
30
0
10
11.170612363672326
20
-72.970022719407112
30
0
10
11.332953663504505
20
-72.758968348692562
30
0
0
SPLINE
5
815
100
AcDbEntity
8
0
100
AcDbSpline
70
0
71
2
72
6
73
3
74
0
42
0.000000001
43
0.0000000001
44
0.0000000001
40
0
40
0
40
0
40
1
40
1
40
1
10
11.332953663504505
20
-72.758968348692562
30
0
10
11.495294963333
20
-72.547913828966401
30
0
10
11.495286708715895
20
-72.213670948723944
30
0
0
SPLINE
5
816
100
AcDbEntity
8
0
100
AcDbSpline
70
0
71
2
72
6
73
3
74
0
42
0.000000001
43
0.0000000001
44
0.0000000001
40
0
40
0
40
0
40
1
40
1
40
1
10
11.495286708715895
20
-72.213670948723944
30
0
10
11.495280340869151
20
-71.955826470910651
30
0
10
11.401688066359792
20
-71.780112650329272
30
0
0
SPLINE
5
817
100
AcDbEntity
8
0
100
AcDbSpline
70
0
71
2
72
6
73
3
74
0
42
0.000000001
43
0.0000000001
44
0.0000000001
40
0
40
0
40
0
40
1
40
1
40
1
10
11.401688066359792
20
-71.780112650329272
30
0
10
11.308095791846753
20
-71.604398680736296
30
0
10
11.163891351364922
20
-71.504129348139173
30
0
0
SPLINE
5
818
100
AcDbEntity
8
0
100
AcDbSpline
70
0
71
2
72
6
73
3
74
0
42
0.000000001
43
0.0000000001
44
0.0000000001
40
0
40
0
40
0
40
1
40
1
40
1
10
11.163891351364922
20
-71.504129348139173
30
0
10
11.019686910886772
20
-71.403860164553677
30
0
10
10.870709365833243
20
-71.371394511543485
30
0
0
SPLINE
5
819
100
AcDbEntity
8
0
100
AcDbSpline
70
0
71
2
72
6
73
3
74
0
42
0.000000001
43
0.0000000001
44
0.0000000001
40
0
40
0
40
0
40
1
40
1
40
1
10
10.870709365833243
20
-71.371394511543485
30
0
10
10.668252705699143
20
-71.331290353931664
30
0
10
10.284350960735267
20
-71.331299834945497
30
0
0
LINE
5
820
100
AcDbEntity
8
0
100
AcDbLine
10
10.284350960735267
20
-71.331299834945497
30
0
11
9.9157288664549057
21
-71.331308938606043
31
0
0
LINE
5
821
100
AcDbEntity
8
0
100
AcDbLine
10
9.9157288664549057
20
-71.331308938606043
30
0
11
9.9157027818669157
21
-70.275101520486373
31
0
0
LINE
5
822
100
AcDbEntity
8
0
100
AcDbLine
10
9.9157027818669157
20
-70.275101520486373
30
0
11
9.3503548497602136
21
-70.275115482578585
31
0
0
LINE
5
823
100
AcDbEntity
8
0
100
AcDbLine
10
9.9157602339969575
20
-72.601431764318107
30
0
11
9.9157406115940478
21
-71.806888736682609
31
0
0
LINE
5
824
100
AcDbEntity
8
0
100
AcDbLine
10
9.9157406115940478
20
-71.806888736682609
30
0
11
10.225153984969994
21
-71.806881095267812
31
0
0
SPLINE
5
825
100
AcDbEntity
8
0
100
AcDbSpline
70
0
71
2
72
6
73
3
74
0
42
0.000000001
43
0.0000000001
44
0.0000000001
40
0
40
0
40
0
40
1
40
1
40
1
10
10.225153984969994
20
-71.806881095267812
30
0
10
10.559396716200844
20
-71.806872840655799
30
0
10
10.672085448401843
20
-71.850799127890809
30
0
0
SPLINE
5
826
100
AcDbEntity
8
0
100
AcDbSpline
70
0
71
2
72
6
73
3
74
0
42
0.000000001
43
0.0000000001
44
0.0000000001
40
0
40
0
40
0
40
1
40
1
40
1
10
10.672085448401843
20
-71.850799127890809
30
0
10
10.78477403159123
20
-71.894725415129486
30
0
10
10.848759991878165
20
-71.988311769902225
30
0
0
SPLINE
5
827
100
AcDbEntity
8
0
100
AcDbSpline
70
0
71
2
72
6
73
3
74
0
42
0.000000001
43
0.0000000001
44
0.0000000001
40
0
40
0
40
0
40
1
40
1
40
1
10
10.848759991878165
20
-71.988311769902225
30
0
10
10.912745952168784
20
-72.081898273686562
30
0
10
10.912749018166476
20
-72.206045509995903
30
0
0
SPLINE
5
828
100
AcDbEntity
8
0
100
AcDbSpline
70
0
71
2
72
6
73
3
74
0
42
0.000000001
43
0.0000000001
44
0.0000000001
40
0
40
0
40
0
40
1
40
1
40
1
10
10.912749018166476
20
-72.206045509995903
30
0
10
10.912752791707197
20
-72.358842314854243
30
0
10
10.822987222236124
20
-72.458162410260996
30
0
0
SPLINE
5
829
100
AcDbEntity
8
0
100
AcDbSpline
70
0
71
2
72
6
73
3
74
0
42
0.000000001
43
0.0000000001
44
0.0000000001
40
0
40
0
40
0
40
1
40
1
40
1
10
10.822987222236124
20
-72.458162410260996
30
0
10
10.733221503753438
20
-72.557482505671416
30
0
10
10.595705111787552
20
-72.582315259709446
30
0
0
SPLINE
5
830
100
AcDbEntity
8
0
100
AcDbSpline
70
0
71
2
72
6
73
3
74
0
42
0.000000001
43
0.0000000001
44
0.0000000001
40
0
40
0
40
0
40
1
40
1
40
1
10
10.595705111787552
20
-72.582315259709446
30
0
10
10.494477823198828
20
-72.601417472042712
30
0
10
10.188884362493759
20
-72.601425019119176
30
0
0
LINE
5
831
100
AcDbEntity
8
0
100
AcDbLine
10
10.188884362493759
20
-72.601425019119176
30
0
11
9.9157602339969575
21
-72.601431764318122
31
0
0
LINE
5
832
100
AcDbEntity
8
0
100
AcDbLine
10
12.637394508675159
20
-70.275034304337368
30
0
11
11.968977898288413
21
-73.075050824635795
31
0
0
LINE
5
833
100
AcDbEntity
8
0
100
AcDbLine
10
11.968977898288415
20
-73.075050824635795
30
0
11
12.547695487490289
21
-73.0750365323604
31
0
0
LINE
5
834
100
AcDbEntity
8
0
100
AcDbLine
10
12.547695487490287
20
-73.0750365323604
30
0
11
12.969749008758987
21
-71.151697470469472
31
0
0
LINE
5
835
100
AcDbEntity
8
0
100
AcDbLine
10
12.969749008758988
20
-71.151697470469458
30
0
11
13.481665700141868
21
-73.075013466603039
31
0
0
LINE
5
836
100
AcDbEntity
8
0
100
AcDbLine
10
13.481665700141868
20
-73.075013466603039
30
0
11
14.153970926262831
21
-73.074996863044362
31
0
0
LINE
5
837
100
AcDbEntity
8
0
100
AcDbLine
10
14.153970926262831
20
-73.074996863044362
30
0
11
14.644782371745519
21
-71.11918647282485
31
0
0
LINE
5
838
100
AcDbEntity
8
0
100
AcDbLine
10
14.644782371745519
20
-71.11918647282485
30
0
11
15.07457122104892
21
-73.074974127476636
31
0
0
LINE
5
839
100
AcDbEntity
8
0
100
AcDbLine
10
15.07457122104892
20
-73.074974127476636
30
0
11
15.64373955011424
21
-73.074960071034141
31
0
0
LINE
5
840
100
AcDbEntity
8
0
100
AcDbLine
10
15.64373955011424
20
-73.074960071034141
30
0
11
14.963724454483671
21
-70.274976852224484
31
0
0
LINE
5
841
100
AcDbEntity
8
0
100
AcDbLine
10
14.963724454483671
20
-70.274976852224484
30
0
11
14.363997420097776
21
-70.27499166335879
31
0
0
LINE
5
842
100
AcDbEntity
8
0
100
AcDbLine
10
14.363997420097778
20
-70.27499166335879
30
0
11
13.806340973560555
21
-72.368320560648627
31
0
0
LINE
5
843
100
AcDbEntity
8
0
100
AcDbLine
10
13.806340973560555
20
-72.368320560648627
30
0
11
13.250491460926547
21
-70.275019163013411
31
0
0
LINE
5
844
100
AcDbEntity
8
0
100
AcDbLine
10
13.250491460926545
20
-70.275019163013411
30
0
11
12.637394508675159
21
-70.275034304337368
31
0
0
LINE
5
845
100
AcDbEntity
8
0
100
AcDbLine
10
16.214747865852956
20
-70.274945956375689
30
0
11
16.214817015951134
21
-73.074945967442744
31
0
0
LINE
5
846
100
AcDbEntity
8
0
100
AcDbLine
10
16.214817015951134
20
-73.074945967442744
30
0
11
17.404721824586371
21
-73.074916581007031
31
0
0
SPLINE
5
847
100
AcDbEntity
8
0
100
AcDbSpline
70
0
71
2
72
6
73
3
74
0
42
0.000000001
43
0.0000000001
44
0.0000000001
40
0
40
0
40
0
40
1
40
1
40
1
10
17.404721824586371
20
-73.074916581007031
30
0
10
17.853562084955172
20
-73.074905496241797
30
0
10
18.056970608747463
20
-72.999457085716912
30
0
0
SPLINE
5
848
100
AcDbEntity
8
0
100
AcDbSpline
70
0
71
2
72
6
73
3
74
0
42
0.000000001
43
0.0000000001
44
0.0000000001
40
0
40
0
40
0
40
1
40
1
40
1
10
18.056970608747463
20
-72.999457085716912
30
0
10
18.260379728586212
20
-72.924008675177291
30
0
10
18.382612169962918
20
-72.731099842954364
30
0
0
SPLINE
5
849
100
AcDbEntity
8
0
100
AcDbSpline
70
0
71
2
72
6
73
3
74
0
42
0.000000001
43
0.0000000001
44
0.0000000001
40
0
40
0
40
0
40
1
40
1
40
1
10
18.382612169962918
20
-72.731099842954364
30
0
10
18.504844611335944
20
-72.538190861719841
30
0
10
18.504838479336875
20
-72.289896240089547
30
0
0
SPLINE
5
850
100
AcDbEntity
8
0
100
AcDbSpline
70
0
71
2
72
6
73
3
74
0
42
0.000000001
43
0.0000000001
44
0.0000000001
40
0
40
0
40
0
40
1
40
1
40
1
10
18.504838479336875
20
-72.289896240089547
30
0
10
18.504830696415123
20
-71.974753072213076
30
0
10
18.319559488652942
20
-71.769436931789073
30
0
0
SPLINE
5
851
100
AcDbEntity
8
0
100
AcDbSpline
70
0
71
2
72
6
73
3
74
0
42
0.000000001
43
0.0000000001
44
0.0000000001
40
0
40
0
40
0
40
1
40
1
40
1
10
18.319559488652942
20
-71.769436931789073
30
0
10
18.134288280894438
20
-71.564120940376682
30
0
10
17.765665014885332
20
-71.510651117629664
30
0
0
SPLINE
5
852
100
AcDbEntity
8
0
100
AcDbSpline
70
0
71
2
72
6
73
3
74
0
42
0.000000001
43
0.0000000001
44
0.0000000001
40
0
40
0
40
0
40
1
40
1
40
1
10
17.765665014885332
20
-71.510651117629664
30
0
10
17.949018777660569
20
-71.403689034591096
30
0
10
18.068388223561922
20
-71.27571878851856
30
0
0
SPLINE
5
853
100
AcDbEntity
8
0
100
AcDbSpline
70
0
71
2
72
6
73
3
74
0
42
0.000000001
43
0.0000000001
44
0.0000000001
40
0
40
0
40
0
40
1
40
1
40
1
10
18.068388223561922
20
-71.27571878851856
30
0
10
18.187757073416829
20
-71.147748542460732
30
0
10
18.390205124090983
20
-70.821140487610776
30
0
0
LINE
5
854
100
AcDbEntity
8
0
100
AcDbLine
10
18.390205124090983
20
-70.821140487610776
30
0
11
18.732074339275037
21
-70.274883787324839
31
0
0
LINE
5
855
100
AcDbEntity
8
0
100
AcDbLine
10
18.732074339275037
20
-70.274883787324839
30
0
11
18.055948455425135
21
-70.274900485240238
31
0
0
LINE
5
856
100
AcDbEntity
8
0
100
AcDbLine
10
18.055948455425135
20
-70.274900485240238
30
0
11
17.64723239959087
21
-70.88418747002018
31
0
0
SPLINE
5
857
100
AcDbEntity
8
0
100
AcDbSpline
70
0
71
2
72
6
73
3
74
0
42
0.000000001
43
0.0000000001
44
0.0000000001
40
0
40
0
40
0
40
1
40
1
40
1
10
17.647232399590873
20
-70.88418747002018
30
0
10
17.429504698233206
20
-71.210795902223396
30
0
10
17.34928848216569
20
-71.295791126523312
30
0
0
SPLINE
5
858
100
AcDbEntity
8
0
100
AcDbSpline
70
0
71
2
72
6
73
3
74
0
42
0.000000001
43
0.0000000001
44
0.0000000001
40
0
40
0
40
0
40
1
40
1
40
1
10
17.34928848216569
20
-71.295791126523312
30
0
10
17.26907226609449
20
-71.380786201811603
30
0
10
17.179305469150066
20
-71.412302735540521
30
0
0
SPLINE
5
859
100
AcDbEntity
8
0
100
AcDbSpline
70
0
71
2
72
6
73
3
74
0
42
0.000000001
43
0.0000000001
44
0.0000000001
40
0
40
0
40
0
40
1
40
1
40
1
10
17.179305469150066
20
-71.412302735540521
30
0
10
17.089538076162874
20
-71.443819418295774
30
0
10
16.894722082913262
20
-71.443824229561017
30
0
0
LINE
5
860
100
AcDbEntity
8
0
100
AcDbLine
10
16.894722082913262
20
-71.443824229561017
30
0
11
16.780124404763701
21
-71.443827059717918
31
0
0
LINE
5
861
100
AcDbEntity
8
0
100
AcDbLine
10
16.780124404763701
20
-71.443827059717918
30
0
11
16.780095537189339
21
-70.274931994289915
31
0
0
LINE
5
862
100
AcDbEntity
8
0
100
AcDbLine
10
16.780095537189339
20
-70.274931994289915
30
0
11
16.214747865852956
21
-70.274945956375689
31
0
0
LINE
5
863
100
AcDbEntity
8
0
100
AcDbLine
10
16.780135442363498
20
-71.890757438257083
30
0
11
17.198416401365272
21
-71.890747108198397
31
0
0
SPLINE
5
864
100
AcDbEntity
8
0
100
AcDbSpline
70
0
71
2
72
6
73
3
74
0
42
0.000000001
43
0.0000000001
44
0.0000000001
40
0
40
0
40
0
40
1
40
1
40
1
10
17.198416401365275
20
-71.890747108198397
30
0
10
17.605238367412475
20
-71.890737061136264
30
0
10
17.706466976741552
20
-71.925113775206896
30
0
0
SPLINE
5
865
100
AcDbEntity
8
0
100
AcDbSpline
70
0
71
2
72
6
73
3
74
0
42
0.000000001
43
0.0000000001
44
0.0000000001
40
0
40
0
40
0
40
1
40
1
40
1
10
17.706466976741552
20
-71.925113775206896
30
0
10
17.807695586070629
20
-71.959490489277528
30
0
10
17.864996202569216
20
-72.043527301977377
30
0
0
SPLINE
5
866
100
AcDbEntity
8
0
100
AcDbSpline
70
0
71
2
72
6
73
3
74
0
42
0.000000001
43
0.0000000001
44
0.0000000001
40
0
40
0
40
0
40
1
40
1
40
1
10
17.864996202569216
20
-72.043527301977377
30
0
10
17.922296819067796
20
-72.127564114677213
30
0
10
17.922299932236502
20
-72.253621381827799
30
0
0
SPLINE
5
867
100
AcDbEntity
8
0
100
AcDbSpline
70
0
71
2
72
6
73
3
74
0
42
0.000000001
43
0.0000000001
44
0.0000000001
40
0
40
0
40
0
40
1
40
1
40
1
10
17.922299932236502
20
-72.253621381827799
30
0
10
17.922303422762219
20
-72.394958448673506
30
0
10
17.846862777999974
20
-72.481863436864501
30
0
0
SPLINE
5
868
100
AcDbEntity
8
0
100
AcDbSpline
70
0
71
2
72
6
73
3
74
0
42
0.000000001
43
0.0000000001
44
0.0000000001
40
0
40
0
40
0
40
1
40
1
40
1
10
17.846862777999974
20
-72.481863436864501
30
0
10
17.771420941144839
20
-72.56876842508494
30
0
10
17.633904651023236
20
-72.591691297289657
30
0
0
SPLINE
5
869
100
AcDbEntity
8
0
100
AcDbSpline
70
0
71
2
72
6
73
3
74
0
42
0.000000001
43
0.0000000001
44
0.0000000001
40
0
40
0
40
0
40
1
40
1
40
1
10
17.633904651023236
20
-72.591691297289657
30
0
10
17.565146756818333
20
-72.601242851555014
30
0
10
17.221353722369649
20
-72.601251342025705
30
0
0
LINE
5
870
100
AcDbEntity
8
0
100
AcDbLine
10
17.221353722369649
20
-72.601251342025705
30
0
11
16.780152989319383
21
-72.601262238121663
31
0
0
LINE
5
871
100
AcDbEntity
8
0
100
AcDbLine
10
16.780152989319383
20
-72.601262238121663
30
0
11
16.780135442363498
21
-71.890757438257083
31
0
0
LINE
5
872
100
AcDbEntity
8
0
100
AcDbLine
10
23.654112166447334
20
-106.27134648755786
30
0
11
24.616946816710872
21
-107.72855435431266
31
0
0
LINE
5
873
100
AcDbEntity
8
0
100
AcDbLine
10
24.616946816710872
20
-107.72855435431266
30
0
11
23.75528780137515
21
-109.0709575061606
31
0
0
LINE
5
874
100
AcDbEntity
8
0
100
AcDbLine
10
23.755287801375147
20
-109.0709575061606
30
0
11
24.41612810238621
21
-109.06826494719213
31
0
0
LINE
5
875
100
AcDbEntity
8
0
100
AcDbLine
10
24.41612810238621
20
-109.06826494719212
30
0
11
24.973986342854403
21
-108.16639381525967
31
0
0
LINE
5
876
100
AcDbEntity
8
0
100
AcDbLine
10
24.973986342854403
20
-108.16639381525968
30
0
11
25.527715102321757
21
-109.06373584456125
31
0
0
LINE
5
877
100
AcDbEntity
8
0
100
AcDbLine
10
25.527715102321757
20
-109.06373584456122
30
0
11
26.182825805400846
21
-109.06106663053748
31
0
0
LINE
5
878
100
AcDbEntity
8
0
100
AcDbLine
10
26.182825805400846
20
-109.0610666305375
30
0
11
25.306350697691322
21
-107.70473564595068
31
0
0
LINE
5
879
100
AcDbEntity
8
0
100
AcDbLine
10
25.306350697691322
20
-107.70473564595068
30
0
11
26.25736484387442
21
-106.26073967176127
31
0
0
LINE
5
880
100
AcDbEntity
8
0
100
AcDbLine
10
26.25736484387442
20
-106.26073967176127
30
0
11
25.575515123050543
21
-106.2635178325032
31
0
0
LINE
5
881
100
AcDbEntity
8
0
100
AcDbLine
10
25.575515123050543
20
-106.2635178325032
30
0
11
24.958728953001959
21
-107.23438821101891
31
0
0
LINE
5
882
100
AcDbEntity
8
0
100
AcDbLine
10
24.958728953001959
20
-107.23438821101891
30
0
11
24.332142155316557
21
-106.26858389011241
31
0
0
LINE
5
883
100
AcDbEntity
8
0
100
AcDbLine
10
24.332142155316557
20
-106.26858389011244
30
0
11
23.654112166447334
21
-106.27134648755786
31
0
0
LINE
5
884
100
AcDbEntity
8
0
100
AcDbLine
10
27.35558173889607
20
-106.25626504491802
30
0
11
26.366180091721905
21
-109.0603195631639
31
0
0
LINE
5
885
100
AcDbEntity
8
0
100
AcDbLine
10
26.366180091721905
20
-109.0603195631639
30
0
11
26.97927165715463
21
-109.05782155390135
31
0
0
LINE
5
886
100
AcDbEntity
8
0
100
AcDbLine
10
26.97927165715463
20
-109.05782155390135
30
0
11
27.679417263585023
21
-106.98264596698984
31
0
0
LINE
5
887
100
AcDbEntity
8
0
100
AcDbLine
10
27.679417263585023
20
-106.98264596698984
30
0
11
28.373530146522551
21
-109.05214072118858
31
0
0
LINE
5
888
100
AcDbEntity
8
0
100
AcDbLine
10
28.373530146522551
20
-109.05214072118855
30
0
11
28.97325220308289
21
-109.04969718528508
31
0
0
LINE
5
889
100
AcDbEntity
8
0
100
AcDbLine
10
28.97325220308289
20
-109.04969718528508
30
0
11
27.959123825431803
21
-106.25380594450378
31
0
0
LINE
5
890
100
AcDbEntity
8
0
100
AcDbLine
10
27.959123825431803
20
-106.2538059445038
30
0
11
27.35558173889607
21
-106.25626504491802
31
0
0
LINE
5
891
100
AcDbEntity
8
0
100
AcDbLine
10
29.974114238203995
20
-106.24559597229268
30
0
11
29.983592669471442
21
-108.57190690722973
31
0
0
LINE
5
892
100
AcDbEntity
8
0
100
AcDbLine
10
29.983592669471438
20
-108.57190690722973
30
0
11
29.152767442001331
21
-108.57529206081983
31
0
0
LINE
5
893
100
AcDbEntity
8
0
100
AcDbLine
10
29.152767442001331
20
-108.57529206081985
30
0
11
29.154697368478498
21
-109.04895789652407
31
0
0
LINE
5
894
100
AcDbEntity
8
0
100
AcDbLine
10
29.154697368478498
20
-109.04895789652407
30
0
11
31.379781085316523
21
-109.03989191022119
31
0
0
LINE
5
895
100
AcDbEntity
8
0
100
AcDbLine
10
31.37978108531653
20
-109.03989191022119
30
0
11
31.377851158839363
21
-108.56622607451696
31
0
0
LINE
5
896
100
AcDbEntity
8
0
100
AcDbLine
10
31.377851158839363
20
-108.56622607451696
30
0
11
30.548935648336201
21
-108.56960344706594
31
0
0
LINE
5
897
100
AcDbEntity
8
0
100
AcDbLine
10
30.548935648336201
20
-108.56960344706594
30
0
11
30.539457217068758
21
-106.2432925121289
31
0
0
LINE
5
898
100
AcDbEntity
8
0
100
AcDbLine
10
30.539457217068758
20
-106.2432925121289
30
0
11
29.974114238203992
21
-106.24559597229268
31
0
0
LINE
5
899
100
AcDbEntity
8
0
100
AcDbLine
10
31.828669948466015
20
-106.23803968281921
30
0
11
31.840078306210625
21
-109.03801645346049
31
0
0
LINE
5
900
100
AcDbEntity
8
0
100
AcDbLine
10
31.840078306210621
20
-109.03801645346049
30
0
11
33.029972642413547
21
-109.03316829171615
31
0
0
SPLINE
5
901
100
AcDbEntity
8
0
100
AcDbSpline
70
0
71
2
72
6
73
3
74
0
42
0.000000001
43
0.0000000001
44
0.0000000001
40
0
40
0
40
0
40
1
40
1
40
1
10
33.029972642413547
20
-109.03316829171615
30
0
10
33.478808581298452
20
-109.03133953334478
30
0
10
33.681911084469661
20
-108.95506798965138
30
0
0
SPLINE
5
902
100
AcDbEntity
8
0
100
AcDbSpline
70
0
71
2
72
6
73
3
74
0
42
0.000000001
43
0.0000000001
44
0.0000000001
40
0
40
0
40
0
40
1
40
1
40
1
10
33.681911084469661
20
-108.95506798965138
30
0
10
33.885012395557879
20
-108.87879645081505
30
0
10
34.006462608395168
20
-108.68539419365014
30
0
0
SPLINE
5
903
100
AcDbEntity
8
0
100
AcDbSpline
70
0
71
2
72
6
73
3
74
0
42
0.000000001
43
0.0000000001
44
0.0000000001
40
0
40
0
40
0
40
1
40
1
40
1
10
34.006462608395168
20
-108.68539419365014
30
0
10
34.12791282062534
20
-108.49199178747486
30
0
10
34.126901165675896
20
-108.2436992267277
30
0
0
SPLINE
5
904
100
AcDbEntity
8
0
100
AcDbSpline
70
0
71
2
72
6
73
3
74
0
42
0.000000001
43
0.0000000001
44
0.0000000001
40
0
40
0
40
0
40
1
40
1
40
1
10
34.126901165675896
20
-108.2436992267277
30
0
10
34.125617142109576
20
-107.92855867458742
30
0
10
33.939516577332483
20
-107.72399451135365
30
0
0
SPLINE
5
905
100
AcDbEntity
8
0
100
AcDbSpline
70
0
71
2
72
6
73
3
74
0
42
0.000000001
43
0.0000000001
44
0.0000000001
40
0
40
0
40
0
40
1
40
1
40
1
10
33.939516577332483
20
-107.72399451135365
30
0
10
33.753414821079524
20
-107.51943050198734
30
0
10
33.38457863621268
20
-107.46745393525495
30
0
0
SPLINE
5
906
100
AcDbEntity
8
0
100
AcDbSpline
70
0
71
2
72
6
73
3
74
0
42
0.000000001
43
0.0000000001
44
0.0000000001
40
0
40
0
40
0
40
1
40
1
40
1
10
33.38457863621268
20
-107.46745393525495
30
0
10
33.567497133232429
20
-107.35975020086074
30
0
10
33.686347356980811
20
-107.23129759166287
30
0
0
SPLINE
5
907
100
AcDbEntity
8
0
100
AcDbSpline
70
0
71
2
72
6
73
3
74
0
42
0.000000001
43
0.0000000001
44
0.0000000001
40
0
40
0
40
0
40
1
40
1
40
1
10
33.686347356980811
20
-107.23129759166287
30
0
10
33.805197580729185
20
-107.102844982465
30
0
10
34.006320705001428
20
-106.77541975092049
30
0
0
LINE
5
908
100
AcDbEntity
8
0
100
AcDbLine
10
34.006320705001428
20
-106.77541975092049
30
0
11
34.345974931654169
21
-106.22778305637182
31
0
0
LINE
5
909
100
AcDbEntity
8
0
100
AcDbLine
10
34.345974931654169
20
-106.22778305637182
30
0
11
33.669855255793387
21
-106.23053787034762
31
0
0
LINE
5
910
100
AcDbEntity
8
0
100
AcDbLine
10
33.669855255793387
20
-106.23053787034762
30
0
11
33.263609395429711
21
-106.84147504576261
31
0
0
SPLINE
5
911
100
AcDbEntity
8
0
100
AcDbSpline
70
0
71
2
72
6
73
3
74
0
42
0.000000001
43
0.0000000001
44
0.0000000001
40
0
40
0
40
0
40
1
40
1
40
1
10
33.263609395429711
20
-106.84147504576261
30
0
10
33.047206151255885
20
-107.16896253535012
30
0
10
32.967334799594468
20
-107.25428191566792
30
0
0
SPLINE
5
912
100
AcDbEntity
8
0
100
AcDbSpline
70
0
71
2
72
6
73
3
74
0
42
0.000000001
43
0.0000000001
44
0.0000000001
40
0
40
0
40
0
40
1
40
1
40
1
10
32.967334799594468
20
-107.25428191566792
30
0
10
32.887463447325914
20
-107.33960114697533
30
0
10
32.797825615571966
20
-107.37148094997795
30
0
0
SPLINE
5
913
100
AcDbEntity
8
0
100
AcDbSpline
70
0
71
2
72
6
73
3
74
0
42
0.000000001
43
0.0000000001
44
0.0000000001
40
0
40
0
40
0
40
1
40
1
40
1
10
32.797825615571966
20
-107.37148094997795
30
0
10
32.708185400259147
20
-107.40336091170514
30
0
10
32.513371620053405
20
-107.40415467018244
30
0
0
LINE
5
914
100
AcDbEntity
8
0
100
AcDbLine
10
32.513371620053405
20
-107.40415467018244
30
0
11
32.398775489123494
21
-107.40462158607667
31
0
0
LINE
5
915
100
AcDbEntity
8
0
100
AcDbLine
10
32.398775489123494
20
-107.40462158607667
30
0
11
32.394012927330778
21
-106.23573622265542
31
0
0
LINE
5
916
100
AcDbEntity
8
0
100
AcDbLine
10
32.394012927330778
20
-106.23573622265542
30
0
11
31.828669948466015
21
-106.23803968281921
31
0
0
LINE
5
917
100
AcDbEntity
8
0
100
AcDbLine
10
32.400596468275332
20
-107.85154825502575
30
0
11
32.818873359440062
21
-107.84984400788331
31
0
0
SPLINE
5
918
100
AcDbEntity
8
0
100
AcDbSpline
70
0
71
2
72
6
73
3
74
0
42
0.000000001
43
0.0000000001
44
0.0000000001
40
0
40
0
40
0
40
1
40
1
40
1
10
32.818873359440055
20
-107.84984400788331
30
0
10
33.225691948803096
20
-107.84818644698748
30
0
10
33.327058944013928
20
-107.8821529319233
30
0
0
SPLINE
5
919
100
AcDbEntity
8
0
100
AcDbSpline
70
0
71
2
72
6
73
3
74
0
42
0.000000001
43
0.0000000001
44
0.0000000001
40
0
40
0
40
0
40
1
40
1
40
1
10
33.327058944013928
20
-107.8821529319233
30
0
10
33.428425939224759
20
-107.91611941685909
30
0
10
33.486067007217947
20
-107.9999234867243
30
0
0
SPLINE
5
920
100
AcDbEntity
8
0
100
AcDbSpline
70
0
71
2
72
6
73
3
74
0
42
0.000000001
43
0.0000000001
44
0.0000000001
40
0
40
0
40
0
40
1
40
1
40
1
10
33.486067007217947
20
-107.9999234867243
30
0
10
33.543706883128131
20
-108.08372756144658
30
0
10
33.544220492554658
20
-108.20978378230268
30
0
0
SPLINE
5
921
100
AcDbEntity
8
0
100
AcDbSpline
70
0
71
2
72
6
73
3
74
0
42
0.000000001
43
0.0000000001
44
0.0000000001
40
0
40
0
40
0
40
1
40
1
40
1
10
33.544220492554658
20
-108.20978378230268
30
0
10
33.544796358202795
20
-108.35111967602926
30
0
10
33.469708272689985
20
-108.43832946486452
30
0
0
SPLINE
5
922
100
AcDbEntity
8
0
100
AcDbSpline
70
0
71
2
72
6
73
3
74
0
42
0.000000001
43
0.0000000001
44
0.0000000001
40
0
40
0
40
0
40
1
40
1
40
1
10
33.469708272689985
20
-108.43832946486452
30
0
10
33.394618995094177
20
-108.52553925855688
30
0
10
33.257196067733595
20
-108.54901884730573
30
0
0
SPLINE
5
923
100
AcDbEntity
8
0
100
AcDbSpline
70
0
71
2
72
6
73
3
74
0
42
0.000000001
43
0.0000000001
44
0.0000000001
40
0
40
0
40
0
40
1
40
1
40
1
10
33.257196067733595
20
-108.54901884730573
30
0
10
33.188478014488055
20
-108.55884877084577
30
0
10
32.844688429615324
20
-108.56024952338552
30
0
0
LINE
5
924
100
AcDbEntity
8
0
100
AcDbLine
10
32.844688429615324
20
-108.56024952338552
30
0
11
32.403491358598217
21
-108.56204715759247
31
0
0
LINE
5
925
100
AcDbEntity
8
0
100
AcDbLine
10
32.403491358598217
20
-108.56204715759247
30
0
11
32.400596468275332
21
-107.85154825502575
31
0
0
LINE
5
926
100
AcDbEntity
8
0
100
AcDbLine
10
27.900148051313494
20
-82.300044046138481
30
0
11
27.285141217529578
21
-82.300068461835693
31
0
0
LINE
5
927
100
AcDbEntity
8
0
100
AcDbLine
10
27.285141217529578
20
-82.300068461835679
30
0
11
27.04069160945242
21
-82.936094595427491
31
0
0
LINE
5
928
100
AcDbEntity
8
0
100
AcDbLine
10
27.04069160945242
20
-82.936094595427491
30
0
11
25.921455632803941
21
-82.936139028960923
31
0
0
LINE
5
929
100
AcDbEntity
8
0
100
AcDbLine
10
25.921455632803941
20
-82.936139028960923
30
0
11
25.690325331275577
21
-82.300131775834231
31
0
0
LINE
5
930
100
AcDbEntity
8
0
100
AcDbLine
10
25.690325331275577
20
-82.300131775834245
30
0
11
25.090598185420689
21
-82.300155584929684
31
0
0
LINE
5
931
100
AcDbEntity
8
0
100
AcDbLine
10
25.090598185420689
20
-82.300155584929684
30
0
11
26.181295976715361
21
-85.100112298486209
31
0
0
LINE
5
932
100
AcDbEntity
8
0
100
AcDbLine
10
26.181295976715361
20
-85.100112298486209
30
0
11
26.779113128982829
21
-85.100088565217277
31
0
0
LINE
5
933
100
AcDbEntity
8
0
100
AcDbLine
10
26.779113128982829
20
-85.100088565217277
30
0
11
27.900148051313494
21
-82.300044046138453
31
0
0
LINE
5
934
100
AcDbEntity
8
0
100
AcDbLine
10
26.859264262966708
20
-83.407861683992607
30
0
11
26.47349373622724
21
-84.446894736766609
31
0
0
LINE
5
935
100
AcDbEntity
8
0
100
AcDbLine
10
26.47349373622724
20
-84.446894736766609
30
0
11
26.095280686078901
21
-83.407892014048585
31
0
0
LINE
5
936
100
AcDbEntity
8
0
100
AcDbLine
10
26.095280686078905
20
-83.407892014048571
30
0
11
26.859264262966708
21
-83.407861683992607
31
0
0
LINE
5
937
100
AcDbEntity
8
0
100
AcDbLine
10
28.820748047631636
20
-82.300007498429508
30
0
11
28.820840402662739
21
-84.626337741137434
31
0
0
LINE
5
938
100
AcDbEntity
8
0
100
AcDbLine
10
28.820840402662739
20
-84.626337741137434
30
0
11
27.99000827956106
21
-84.626370725072633
31
0
0
LINE
5
939
100
AcDbEntity
8
0
100
AcDbLine
10
27.99000827956106
20
-84.626370725072633
30
0
11
27.990027084193891
21
-85.100040492079131
31
0
0
LINE
5
940
100
AcDbEntity
8
0
100
AcDbLine
10
27.990027084193891
20
-85.100040492079131
30
0
11
30.215129268643427
21
-85.099952155790461
31
0
0
LINE
5
941
100
AcDbEntity
8
0
100
AcDbLine
10
30.215129268643427
20
-85.099952155790461
30
0
11
30.215110464010593
21
-84.626282388783963
31
0
0
LINE
5
942
100
AcDbEntity
8
0
100
AcDbLine
10
30.215110464010593
20
-84.626282388783963
30
0
11
29.386188371749235
21
-84.626315296891178
31
0
0
LINE
5
943
100
AcDbEntity
8
0
100
AcDbLine
10
29.386188371749231
20
-84.626315296891178
30
0
11
29.386096016718128
21
-82.299985054183239
31
0
0
LINE
5
944
100
AcDbEntity
8
0
100
AcDbLine
10
29.386096016718128
20
-82.299985054183239
30
0
11
28.820748047631632
21
-82.300007498429508
31
0
0
LINE
5
945
100
AcDbEntity
8
0
100
AcDbLine
10
31.490871026598942
20
-82.299901494868919
30
0
11
31.490963381630046
21
-84.626231737576845
31
0
0
LINE
5
946
100
AcDbEntity
8
0
100
AcDbLine
10
31.490963381630046
20
-84.62623173757683
30
0
11
30.660131258528367
21
-84.626264721512015
31
0
0
LINE
5
947
100
AcDbEntity
8
0
100
AcDbLine
10
30.660131258528367
20
-84.62626472151203
30
0
11
30.660150063161197
21
-85.099934488518528
31
0
0
LINE
5
948
100
AcDbEntity
8
0
100
AcDbLine
10
30.660150063161204
20
-85.099934488518528
30
0
11
32.885252247610737
21
-85.099846152229873
31
0
0
LINE
5
949
100
AcDbEntity
8
0
100
AcDbLine
10
32.88525224761073
20
-85.099846152229844
30
0
11
32.885233442977899
21
-84.626176385223346
31
0
0
LINE
5
950
100
AcDbEntity
8
0
100
AcDbLine
10
32.885233442977899
20
-84.626176385223346
30
0
11
32.056311052693317
21
-84.626209293342384
31
0
0
LINE
5
951
100
AcDbEntity
8
0
100
AcDbLine
10
32.056311052693317
20
-84.626209293342384
30
0
11
32.056218697662217
21
-82.299879050634459
31
0
0
LINE
5
952
100
AcDbEntity
8
0
100
AcDbLine
10
32.056218697662217
20
-82.299879050634473
30
0
11
31.490871026598942
21
-82.299901494868919
31
0
0
LINE
5
953
100
AcDbEntity
8
0
100
AcDbLine
10
15.050547018301524
20
-55.88580218188126
30
0
11
15.050669739252236
21
-58.685802191112828
31
0
0
LINE
5
954
100
AcDbEntity
8
0
100
AcDbLine
10
15.050669739252234
20
-58.685802191112813
30
0
11
15.896781624642845
21
-58.685765106950441
31
0
0
LINE
5
955
100
AcDbEntity
8
0
100
AcDbLine
10
15.896781624642845
20
-58.685765106950441
30
0
11
16.40474704317122
21
-56.775783823314484
31
0
0
LINE
5
956
100
AcDbEntity
8
0
100
AcDbLine
10
16.40474704317122
20
-56.775783823314484
30
0
11
16.907149941038046
21
-58.685720823607603
31
0
0
LINE
5
957
100
AcDbEntity
8
0
100
AcDbLine
10
16.907149941038046
20
-58.685720823607603
30
0
11
17.755171745509941
21
-58.685683655735552
31
0
0
LINE
5
958
100
AcDbEntity
8
0
100
AcDbLine
10
17.755171745509941
20
-58.685683655735559
30
0
11
17.755049024559227
21
-55.885683646503992
31
0
0
LINE
5
959
100
AcDbEntity
8
0
100
AcDbLine
10
17.755049024559227
20
-55.885683646503992
30
0
11
17.229810362105567
21
-55.885706667142486
31
0
0
LINE
5
960
100
AcDbEntity
8
0
100
AcDbLine
10
17.229810362105567
20
-55.885706667142486
30
0
11
17.229906965089668
21
-58.089799406038061
31
0
0
LINE
5
961
100
AcDbEntity
8
0
100
AcDbLine
10
17.229906965089668
20
-58.089799406038061
30
0
11
16.674012249293302
21
-55.885731027168418
31
0
0
LINE
5
962
100
AcDbEntity
8
0
100
AcDbLine
10
16.674012249293305
20
-55.885731027168418
30
0
11
16.129673874486162
21
-55.885754884926506
31
0
0
LINE
5
963
100
AcDbEntity
8
0
100
AcDbLine
10
16.129673874486162
20
-55.885754884926506
30
0
11
15.575882395497993
21
-58.089871900133431
31
0
0
LINE
5
964
100
AcDbEntity
8
0
100
AcDbLine
10
15.575882395497993
20
-58.089871900133431
30
0
11
15.575785792513893
21
-55.885779161237856
31
0
0
LINE
5
965
100
AcDbEntity
8
0
100
AcDbLine
10
15.575785792513893
20
-55.885779161237856
30
0
11
15.050547018301524
21
-55.88580218188126
31
0
0
LINE
5
966
100
AcDbEntity
8
0
100
AcDbLine
10
18.500056056947351
20
-58.685651008267499
30
0
11
19.065404025936353
21
-58.68562622968178
31
0
0
LINE
5
967
100
AcDbEntity
8
0
100
AcDbLine
10
19.065404025936353
20
-58.68562622968178
30
0
11
19.065337559061543
21
-57.169118665163182
31
0
0
SPLINE
5
968
100
AcDbEntity
8
0
100
AcDbSpline
70
0
71
2
72
6
73
3
74
0
42
0.000000001
43
0.0000000001
44
0.0000000001
40
0
40
0
40
0
40
1
40
1
40
1
10
19.065337559061547
20
-57.169118665163182
30
0
10
19.065321737608411
20
-56.80813654547282
30
0
10
19.086326494932472
20
-56.701177771914018
30
0
0
SPLINE
5
969
100
AcDbEntity
8
0
100
AcDbSpline
70
0
71
2
72
6
73
3
74
0
42
0.000000001
43
0.0000000001
44
0.0000000001
40
0
40
0
40
0
40
1
40
1
40
1
10
19.086326494932472
20
-56.701177771914018
30
0
10
19.122608354775387
20
-56.529279962300976
30
0
10
19.259165782147598
20
-56.425181021448402
30
0
0
SPLINE
5
970
100
AcDbEntity
8
0
100
AcDbSpline
70
0
71
2
72
6
73
3
74
0
42
0.000000001
43
0.0000000001
44
0.0000000001
40
0
40
0
40
0
40
1
40
1
40
1
10
19.259165782147598
20
-56.425181021448402
30
0
10
19.395723209532868
20
-56.321082378619039
30
0
10
19.632558092995271
20
-56.321071998404051
30
0
0
SPLINE
5
971
100
AcDbEntity
8
0
100
AcDbSpline
70
0
71
2
72
6
73
3
74
0
42
0.000000001
43
0.0000000001
44
0.0000000001
40
0
40
0
40
0
40
1
40
1
40
1
10
19.632558092995271
20
-56.321071998404051
30
0
10
19.873213038137663
20
-56.321061450759927
30
0
10
19.995454554662775
20
-56.419418956205689
30
0
0
SPLINE
5
972
100
AcDbEntity
8
0
100
AcDbSpline
70
0
71
2
72
6
73
3
74
0
42
0.000000001
43
0.0000000001
44
0.0000000001
40
0
40
0
40
0
40
1
40
1
40
1
10
19.995454554662775
20
-56.419418956205689
30
0
10
20.117696071187886
20
-56.517776461651444
30
0
10
20.142532452442307
20
-56.661022321956516
30
0
0
SPLINE
5
973
100
AcDbEntity
8
0
100
AcDbSpline
70
0
71
2
72
6
73
3
74
0
42
0.000000001
43
0.0000000001
44
0.0000000001
40
0
40
0
40
0
40
1
40
1
40
1
10
20.142532452442307
20
-56.661022321956516
30
0
10
20.167367641603832
20
-56.804268182313834
30
0
10
20.167382207397175
20
-57.136601180508812
30
0
0
LINE
5
974
100
AcDbEntity
8
0
100
AcDbLine
10
20.167382207397175
20
-57.136601180508812
30
0
11
20.167450097360916
21
-58.68557792820279
31
0
0
LINE
5
975
100
AcDbEntity
8
0
100
AcDbLine
10
20.167450097360916
20
-58.68557792820279
30
0
11
20.732798364373146
21
-58.685553149604004
31
0
0
LINE
5
976
100
AcDbEntity
8
0
100
AcDbLine
10
20.732798364373146
20
-58.685553149604004
30
0
11
20.732733906576204
21
-57.2148846861175
31
0
0
SPLINE
5
977
100
AcDbEntity
8
0
100
AcDbSpline
70
0
71
2
72
6
73
3
74
0
42
0.000000001
43
0.0000000001
44
0.0000000001
40
0
40
0
40
0
40
1
40
1
40
1
10
20.732733906576204
20
-57.2148846861175
30
0
10
20.732711806758807
20
-56.710655468834091
30
0
10
20.686863730189657
20
-56.502471864950024
30
0
0
SPLINE
5
978
100
AcDbEntity
8
0
100
AcDbSpline
70
0
71
2
72
6
73
3
74
0
42
0.000000001
43
0.0000000001
44
0.0000000001
40
0
40
0
40
0
40
1
40
1
40
1
10
20.686863730189657
20
-56.502471864950024
30
0
10
20.641015057574059
20
-56.294288261092085
30
0
10
20.517816707433035
20
-56.151047009908197
30
0
0
SPLINE
5
979
100
AcDbEntity
8
0
100
AcDbSpline
70
0
71
2
72
6
73
3
74
0
42
0.000000001
43
0.0000000001
44
0.0000000001
40
0
40
0
40
0
40
1
40
1
40
1
10
20.517816707433035
20
-56.151047009908197
30
0
10
20.394618357278951
20
-56.007805460701093
30
0
10
20.188338453955819
20
-55.922821258425479
30
0
0
SPLINE
5
980
100
AcDbEntity
8
0
100
AcDbSpline
70
0
71
2
72
6
73
3
74
0
42
0.000000001
43
0.0000000001
44
0.0000000001
40
0
40
0
40
0
40
1
40
1
40
1
10
20.188338453955819
20
-55.922821258425479
30
0
10
19.982059742725578
20
-55.837837056097612
30
0
10
19.649726595518992
20
-55.837851621897485
30
0
0
SPLINE
5
981
100
AcDbEntity
8
0
100
AcDbSpline
70
0
71
2
72
6
73
3
74
0
42
0.000000001
43
0.0000000001
44
0.0000000001
40
0
40
0
40
0
40
1
40
1
40
1
10
19.649726595518992
20
-55.837851621897485
30
0
10
19.248635318304899
20
-55.837869201291312
30
0
10
19.041408631764376
20
-55.930511352461806
30
0
0
SPLINE
5
982
100
AcDbEntity
8
0
100
AcDbSpline
70
0
71
2
72
6
73
3
74
0
42
0.000000001
43
0.0000000001
44
0.0000000001
40
0
40
0
40
0
40
1
40
1
40
1
10
19.041408631764376
20
-55.930511352461806
30
0
10
18.834182243247074
20
-56.023153503619234
30
0
10
18.713861258313514
20
-56.171180654111112
30
0
0
SPLINE
5
983
100
AcDbEntity
8
0
100
AcDbSpline
70
0
71
2
72
6
73
3
74
0
42
0.000000001
43
0.0000000001
44
0.0000000001
40
0
40
0
40
0
40
1
40
1
40
1
10
18.713861258313514
20
-56.171180654111112
30
0
10
18.593540273366891
20
-56.319207506579758
30
0
10
18.555348262160475
20
-56.481555841740786
30
0
0
SPLINE
5
984
100
AcDbEntity
8
0
100
AcDbSpline
70
0
71
2
72
6
73
3
74
0
42
0.000000001
43
0.0000000001
44
0.0000000001
40
0
40
0
40
0
40
1
40
1
40
1
10
18.555348262160475
20
-56.481555841740786
30
0
10
18.499970001594317
20
-56.722212916491088
30
0
10
18.49999059461474
20
-57.19206306877075
30
0
0
LINE
5
985
100
AcDbEntity
8
0
100
AcDbLine
10
18.49999059461474
20
-57.19206306877075
30
0
11
18.500056056947351
21
-58.685651008267499
31
0
0
LINE
5
986
100
AcDbEntity
8
0
100
AcDbLine
10
21.531038732217077
20
-55.885518148987813
30
0
11
21.531160448632114
21
-58.662598682209136
31
0
0
LINE
5
987
100
AcDbEntity
8
0
100
AcDbLine
10
21.531160448632114
20
-58.662598682209143
30
0
11
22.096508119597896
21
-58.662573903636485
31
0
0
LINE
5
988
100
AcDbEntity
8
0
100
AcDbLine
10
22.0965081195979
20
-58.662573903636485
30
0
11
22.096407079911323
21
-56.357253404523192
31
0
0
LINE
5
989
100
AcDbEntity
8
0
100
AcDbLine
10
22.096407079911323
20
-56.357253404523192
30
0
11
23.502137326058694
21
-56.357191792897588
31
0
0
LINE
5
990
100
AcDbEntity
8
0
100
AcDbLine
10
23.502137326058694
20
-56.357191792897588
30
0
11
23.502116649330226
21
-55.885431758789551
31
0
0
LINE
5
991
100
AcDbEntity
8
0
100
AcDbLine
10
23.502116649330233
20
-55.885431758789551
30
0
11
21.531038732217077
21
-55.885518148987813
31
0
0
LINE
5
992
100
AcDbEntity
8
0
100
AcDbLine
10
24.432266203643135
20
-55.885390991347691
30
0
11
24.432368164163872
21
-58.211721233654444
31
0
0
LINE
5
993
100
AcDbEntity
8
0
100
AcDbLine
10
24.432368164163872
20
-58.211721233654437
30
0
11
23.601536041205463
21
-58.21175764812147
31
0
0
LINE
5
994
100
AcDbEntity
8
0
100
AcDbLine
10
23.601536041205463
20
-58.21175764812147
30
0
11
23.601556801635439
21
-58.685427415046277
31
0
0
LINE
5
995
100
AcDbEntity
8
0
100
AcDbLine
10
23.601556801635439
20
-58.685427415046277
30
0
11
25.826659581747712
21
-58.685329891214948
31
0
0
LINE
5
996
100
AcDbEntity
8
0
100
AcDbLine
10
25.826659581747712
20
-58.685329891214948
30
0
11
25.826638821317736
21
-58.211660124290141
31
0
0
LINE
5
997
100
AcDbEntity
8
0
100
AcDbLine
10
25.826638821317729
20
-58.211660124290141
30
0
11
24.997715835129647
21
-58.211696455081785
31
0
0
LINE
5
998
100
AcDbEntity
8
0
100
AcDbLine
10
24.99771583512965
20
-58.211696455081785
30
0
11
24.997613874608913
21
-55.885366212775025
31
0
0
LINE
5
999
100
AcDbEntity
8
0
100
AcDbLine
10
24.997613874608913
20
-55.885366212775025
30
0
11
24.432266203643135
21
-55.885390991347691
31
0
0
LINE
5
1000
100
AcDbEntity
8
0
100
AcDbLine
10
26.361325230415787
20
-55.885306442791617
30
0
11
26.3614479513665
21
-58.685306452023191
31
0
0
LINE
5
1001
100
AcDbEntity
8
0
100
AcDbLine
10
26.361447951366497
20
-58.685306452023191
30
0
11
26.926795622332275
21
-58.685281673450532
31
0
0
LINE
5
1002
100
AcDbEntity
8
0
100
AcDbLine
10
26.926795622332278
20
-58.685281673450532
30
0
11
26.926672901381568
21
-55.885281664218958
31
0
0
LINE
5
1003
100
AcDbEntity
8
0
100
AcDbLine
10
26.926672901381565
20
-55.885281664218965
30
0
11
26.361325230415783
21
-55.885306442791631
31
0
0
LINE
5
1004
100
AcDbEntity
8
0
100
AcDbLine
10
234.08430547825628
20
-119.18083105546214
30
0
11
234.63431319499057
21
-119.23492851375042
31
0
0
SPLINE
5
1005
100
AcDbEntity
8
0
100
AcDbSpline
70
0
71
2
72
6
73
3
74
0
42
0.000000001
43
0.0000000001
44
0.0000000001
40
0
40
0
40
0
40
1
40
1
40
1
10
234.63431319499057
20
-119.23492851375042
30
0
10
234.68428345845609
20
-118.95804047680733
30
0
10
234.83627116716164
20
-118.82833393883377
30
0
0
SPLINE
5
1006
100
AcDbEntity
8
0
100
AcDbSpline
70
0
71
2
72
6
73
3
74
0
42
0.000000001
43
0.0000000001
44
0.0000000001
40
0
40
0
40
0
40
1
40
1
40
1
10
234.83627116716164
20
-118.82833393883377
30
0
10
234.98825887586719
20
-118.69862740086023
30
0
10
235.24610319080801
20
-118.6989172836831
30
0
0
SPLINE
5
1007
100
AcDbEntity
8
0
100
AcDbSpline
70
0
71
2
72
6
73
3
74
0
42
0.000000001
43
0.0000000001
44
0.0000000001
40
0
40
0
40
0
40
1
40
1
40
1
10
235.24610319080801
20
-118.6989172836831
30
0
10
235.51922699776912
20
-118.69922434455498
30
0
10
235.65756916941865
20
-118.81493249408683
30
0
0
SPLINE
5
1008
100
AcDbEntity
8
0
100
AcDbSpline
70
0
71
2
72
6
73
3
74
0
42
0.000000001
43
0.0000000001
44
0.0000000001
40
0
40
0
40
0
40
1
40
1
40
1
10
235.65756916941865
20
-118.81493249408683
30
0
10
235.79591119205668
20
-118.93064064345117
30
0
10
235.79573726218825
20
-119.08534738142717
30
0
0
SPLINE
5
1009
100
AcDbEntity
8
0
100
AcDbSpline
70
0
71
2
72
6
73
3
74
0
42
0.000000001
43
0.0000000001
44
0.0000000001
40
0
40
0
40
0
40
1
40
1
40
1
10
235.79573726218825
20
-119.08534738142717
30
0
10
235.79562560377616
20
-119.18466504813402
30
0
10
235.73729341025233
20
-119.25431310444615
30
0
0
SPLINE
5
1010
100
AcDbEntity
8
0
100
AcDbSpline
70
0
71
2
72
6
73
3
74
0
42
0.000000001
43
0.0000000001
44
0.0000000001
40
0
40
0
40
0
40
1
40
1
40
1
10
235.73729341025233
20
-119.25431310444615
30
0
10
235.67896136607513
20
-119.32396086290279
30
0
10
235.53374665052678
20
-119.37536668167786
30
0
0
SPLINE
5
1011
100
AcDbEntity
8
0
100
AcDbSpline
70
0
71
2
72
6
73
3
74
0
42
0.000000001
43
0.0000000001
44
0.0000000001
40
0
40
0
40
0
40
1
40
1
40
1
10
235.53374665052678
20
-119.37536668167786
30
0
10
235.43439018398715
20
-119.40963406641293
30
0
10
235.08094918866919
20
-119.4970949045137
30
0
0
SPLINE
5
1012
100
AcDbEntity
8
0
100
AcDbSpline
70
0
71
2
72
6
73
3
74
0
42
0.000000001
43
0.0000000001
44
0.0000000001
40
0
40
0
40
0
40
1
40
1
40
1
10
235.08094918866919
20
-119.4970949045137
30
0
10
234.62625250781713
20
-119.60927142794486
30
0
10
234.44271192558003
20
-119.7733218772218
30
0
0
SPLINE
5
1013
100
AcDbEntity
8
0
100
AcDbSpline
70
0
71
2
72
6
73
3
74
0
42
0.000000001
43
0.0000000001
44
0.0000000001
40
0
40
0
40
0
40
1
40
1
40
1
10
234.44271192558003
20
-119.7733218772218
30
0
10
234.18460778968461
20
-120.00413693753407
30
0
10
234.18423416295695
20
-120.33646957701079
30
0
0
SPLINE
5
1014
100
AcDbEntity
8
0
100
AcDbSpline
70
0
71
2
72
6
73
3
74
0
42
0.000000001
43
0.0000000001
44
0.0000000001
40
0
40
0
40
0
40
1
40
1
40
1
10
234.18423416295695
20
-120.33646957701079
30
0
10
234.18399366758049
20
-120.55038484947934
30
0
10
234.30506660780136
20
-120.7367417895631
30
0
0
SPLINE
5
1015
100
AcDbEntity
8
0
100
AcDbSpline
70
0
71
2
72
6
73
3
74
0
42
0.000000001
43
0.0000000001
44
0.0000000001
40
0
40
0
40
0
40
1
40
1
40
1
10
234.30506660780136
20
-120.7367417895631
30
0
10
234.42613954768714
20
-120.92309902766988
30
0
10
234.65427000948975
20
-121.02076356275148
30
0
0
SPLINE
5
1016
100
AcDbEntity
8
0
100
AcDbSpline
70
0
71
2
72
6
73
3
74
0
42
0.000000001
43
0.0000000001
44
0.0000000001
40
0
40
0
40
0
40
1
40
1
40
1
10
234.65427000948975
20
-121.02076356275148
30
0
10
234.88240054579805
20
-121.11842809791683
30
0
10
235.20518333512413
20
-121.11879098815997
30
0
0
SPLINE
5
1017
100
AcDbEntity
8
0
100
AcDbSpline
70
0
71
2
72
6
73
3
74
0
42
0.000000001
43
0.0000000001
44
0.0000000001
40
0
40
0
40
0
40
1
40
1
40
1
10
235.20518333512413
20
-121.11879098815997
30
0
10
235.73233169577969
20
-121.11938363746809
30
0
10
235.99903066700841
20
-120.88857823994452
30
0
0
SPLINE
5
1018
100
AcDbEntity
8
0
100
AcDbSpline
70
0
71
2
72
6
73
3
74
0
42
0.000000001
43
0.0000000001
44
0.0000000001
40
0
40
0
40
0
40
1
40
1
40
1
10
235.99903066700841
20
-120.88857823994452
30
0
10
236.26572963823716
20
-120.65777284242094
30
0
10
236.2795330001222
20
-120.27197649018854
30
0
0
LINE
5
1019
100
AcDbEntity
8
0
100
AcDbLine
10
236.2795330001222
20
-120.27197649018854
30
0
11
235.71421345123883
21
-120.24651170217965
31
0
0
SPLINE
5
1020
100
AcDbEntity
8
0
100
AcDbSpline
70
0
71
2
72
6
73
3
74
0
42
0.000000001
43
0.0000000001
44
0.0000000001
40
0
40
0
40
0
40
1
40
1
40
1
10
235.71421345123883
20
-120.24651170217965
30
0
10
235.67768158688017
20
-120.46229590791187
30
0
10
235.55820291487734
20
-120.55670444451729
30
0
0
SPLINE
5
1021
100
AcDbEntity
8
0
100
AcDbSpline
70
0
71
2
72
6
73
3
74
0
42
0.000000001
43
0.0000000001
44
0.0000000001
40
0
40
0
40
0
40
1
40
1
40
1
10
235.55820291487734
20
-120.55670444451729
30
0
10
235.43872424253945
20
-120.65111327914578
30
0
10
235.19997962789989
20
-120.65084486926111
30
0
0
SPLINE
5
1022
100
AcDbEntity
8
0
100
AcDbSpline
70
0
71
2
72
6
73
3
74
0
42
0.000000001
43
0.0000000001
44
0.0000000001
40
0
40
0
40
0
40
1
40
1
40
1
10
235.19997962789989
20
-120.65084486926111
30
0
10
234.95359504373295
20
-120.65056787010064
30
0
10
234.81428190157328
20
-120.54918342228189
30
0
0
SPLINE
5
1023
100
AcDbEntity
8
0
100
AcDbSpline
70
0
71
2
72
6
73
3
74
0
42
0.000000001
43
0.0000000001
44
0.0000000001
40
0
40
0
40
0
40
1
40
1
40
1
10
234.81428190157328
20
-120.54918342228189
30
0
10
234.72458686909061
20
-120.48414387669544
30
0
10
234.72470926397222
20
-120.37527635983793
30
0
0
SPLINE
5
1024
100
AcDbEntity
8
0
100
AcDbSpline
70
0
71
2
72
6
73
3
74
0
42
0.000000001
43
0.0000000001
44
0.0000000001
40
0
40
0
40
0
40
1
40
1
40
1
10
234.72470926397222
20
-120.37527635983793
30
0
10
234.72482092238431
20
-120.27595869313109
30
0
10
234.80893854640937
20
-120.2053847592116
30
0
0
SPLINE
5
1025
100
AcDbEntity
8
0
100
AcDbSpline
70
0
71
2
72
6
73
3
74
0
42
0.000000001
43
0.0000000001
44
0.0000000001
40
0
40
0
40
0
40
1
40
1
40
1
10
234.80893854640937
20
-120.2053847592116
30
0
10
234.91599710492125
20
-120.11573689231565
30
0
10
235.32865744570702
20
-120.01879276965332
30
0
0
SPLINE
5
1026
100
AcDbEntity
8
0
100
AcDbSpline
70
0
71
2
72
6
73
3
74
0
42
0.000000001
43
0.0000000001
44
0.0000000001
40
0
40
0
40
0
40
1
40
1
40
1
10
235.32865744570702
20
-120.01879276965332
30
0
10
235.74131786099858
20
-119.92184864707474
30
0
10
235.93911550426483
20
-119.81797829876216
30
0
0
SPLINE
5
1027
100
AcDbEntity
8
0
100
AcDbSpline
70
0
71
2
72
6
73
3
74
0
42
0.000000001
43
0.0000000001
44
0.0000000001
40
0
40
0
40
0
40
1
40
1
40
1
10
235.93911550426483
20
-119.81797829876216
30
0
10
236.13691314753106
20
-119.71410795044959
30
0
10
236.2488486269088
20
-119.53374247140309
30
0
0
SPLINE
5
1028
100
AcDbEntity
8
0
100
AcDbSpline
70
0
71
2
72
6
73
3
74
0
42
0.000000001
43
0.0000000001
44
0.0000000001
40
0
40
0
40
0
40
1
40
1
40
1
10
236.2488486269088
20
-119.53374247140309
30
0
10
236.36078410628653
20
-119.35337699235659
30
0
10
236.36108257839749
20
-119.08789270788833
30
0
0
SPLINE
5
1029
100
AcDbEntity
8
0
100
AcDbSpline
70
0
71
2
72
6
73
3
74
0
42
0.000000001
43
0.0000000001
44
0.0000000001
40
0
40
0
40
0
40
1
40
1
40
1
10
236.36108257839749
20
-119.08789270788833
30
0
10
236.36135313582162
20
-118.84723791460257
30
0
10
236.2278923287713
20
-118.63699209381821
30
0
0
SPLINE
5
1030
100
AcDbEntity
8
0
100
AcDbSpline
70
0
71
2
72
6
73
3
74
0
42
0.000000001
43
0.0000000001
44
0.0000000001
40
0
40
0
40
0
40
1
40
1
40
1
10
236.2278923287713
20
-118.63699209381821
30
0
10
236.09443152105089
20
-118.42674686907995
30
0
10
235.85007169746322
20
-118.32428885891927
30
0
0
SPLINE
5
1031
100
AcDbEntity
8
0
100
AcDbSpline
70
0
71
2
72
6
73
3
74
0
42
0.000000001
43
0.0000000001
44
0.0000000001
40
0
40
0
40
0
40
1
40
1
40
1
10
235.85007169746322
20
-118.32428885891927
30
0
10
235.60571202221692
20
-118.2218314449722
30
0
10
235.24091007104178
20
-118.22142131446606
30
0
0
SPLINE
5
1032
100
AcDbEntity
8
0
100
AcDbSpline
70
0
71
2
72
6
73
3
74
0
42
0.000000001
43
0.0000000001
44
0.0000000001
40
0
40
0
40
0
40
1
40
1
40
1
10
235.24091007104178
20
-118.22142131446606
30
0
10
234.70994180012832
20
-118.22082437060381
30
0
10
234.42508211321709
20
-118.46593414417936
30
0
0
SPLINE
5
1033
100
AcDbEntity
8
0
100
AcDbSpline
70
0
71
2
72
6
73
3
74
0
42
0.000000001
43
0.0000000001
44
0.0000000001
40
0
40
0
40
0
40
1
40
1
40
1
10
234.42508211321709
20
-118.46593414417936
30
0
10
234.14022250081163
20
-118.71104391783865
30
0
10
234.08430547825628
20
-119.18083105546214
30
0
0
LINE
5
1034
100
AcDbEntity
8
0
100
AcDbLine
10
237.02666504397581
20
-118.27308800398789
30
0
11
237.02351713114274
21
-121.07308624638054
31
0
0
LINE
5
1035
100
AcDbEntity
8
0
100
AcDbLine
10
237.02351713114274
20
-121.07308624638054
30
0
11
237.58886474338937
21
-121.07372184139754
31
0
0
LINE
5
1036
100
AcDbEntity
8
0
100
AcDbLine
10
237.58886474338937
20
-121.07372184139754
30
0
11
237.59010372406706
21
-119.97167616735632
31
0
0
LINE
5
1037
100
AcDbEntity
8
0
100
AcDbLine
10
237.59010372406706
20
-119.97167616735632
30
0
11
238.6978791889895
21
-119.97292158973045
31
0
0
LINE
5
1038
100
AcDbEntity
8
0
100
AcDbLine
10
238.6978791889895
20
-119.97292158973046
30
0
11
238.69664020831181
21
-121.07496726377167
31
0
0
LINE
5
1039
100
AcDbEntity
8
0
100
AcDbLine
10
238.69664020831181
20
-121.07496726377167
30
0
11
239.26198782055843
21
-121.07560285878867
31
0
0
LINE
5
1040
100
AcDbEntity
8
0
100
AcDbLine
10
239.26198782055843
20
-121.07560285878867
30
0
11
239.26513573339147
21
-118.275604616396
31
0
0
LINE
5
1041
100
AcDbEntity
8
0
100
AcDbLine
10
239.26513573339147
20
-118.275604616396
30
0
11
238.69978812114485
21
-118.27496902137901
31
0
0
LINE
5
1042
100
AcDbEntity
8
0
100
AcDbLine
10
238.69978812114485
20
-118.27496902137901
30
0
11
238.69841171439415
21
-119.49925212169785
31
0
0
LINE
5
1043
100
AcDbEntity
8
0
100
AcDbLine
10
238.69841171439415
20
-119.49925212169785
30
0
11
237.59063624947171
21
-119.49800669932372
31
0
0
LINE
5
1044
100
AcDbEntity
8
0
100
AcDbLine
10
237.59063624947171
20
-119.49800669932372
30
0
11
237.59201265622241
21
-118.27372359900488
31
0
0
LINE
5
1045
100
AcDbEntity
8
0
100
AcDbLine
10
237.59201265622241
20
-118.27372359900488
30
0
11
237.02666504397581
21
-118.27308800398789
31
0
0
LINE
5
1046
100
AcDbEntity
8
0
100
AcDbLine
10
240.01956853087813
20
-118.27645279142381
30
0
11
240.01642061804506
21
-121.07645103381645
31
0
0
LINE
5
1047
100
AcDbEntity
8
0
100
AcDbLine
10
240.01642061804506
20
-121.07645103381645
30
0
11
240.58176793226863
21
-121.07708662849839
31
0
0
LINE
5
1048
100
AcDbEntity
8
0
100
AcDbLine
10
240.58176793226863
20
-121.07708662849839
30
0
11
240.58491584510168
21
-118.27708838610573
31
0
0
LINE
5
1049
100
AcDbEntity
8
0
100
AcDbLine
10
240.58491584510168
20
-118.27708838610575
30
0
11
240.01956853087813
21
-118.27645279142381
31
0
0
LINE
5
1050
100
AcDbEntity
8
0
100
AcDbLine
10
241.31452034349797
20
-118.27790864778812
30
0
11
241.31137243066493
21
-121.07790689018077
31
0
0
LINE
5
1051
100
AcDbEntity
8
0
100
AcDbLine
10
241.31137243066493
20
-121.0779068901808
30
0
11
243.23087979397795
21
-121.08006490639731
31
0
0
LINE
5
1052
100
AcDbEntity
8
0
100
AcDbLine
10
243.23087979397795
20
-121.08006490639731
30
0
11
243.23141231938257
21
-120.60639543836471
31
0
0
LINE
5
1053
100
AcDbEntity
8
0
100
AcDbLine
10
243.23141231938257
20
-120.60639543836471
30
0
11
241.87725227029318
21
-120.60487301683013
31
0
0
LINE
5
1054
100
AcDbEntity
8
0
100
AcDbLine
10
241.87725227029318
20
-120.60487301683013
30
0
11
241.87799737638753
21
-119.94211776751143
31
0
0
LINE
5
1055
100
AcDbEntity
8
0
100
AcDbLine
10
241.8779973763875
20
-119.94211776751143
30
0
11
243.04689200148331
21
-119.94343190342181
31
0
0
LINE
5
1056
100
AcDbEntity
8
0
100
AcDbLine
10
243.04689200148331
20
-119.9434319034218
30
0
11
243.04742452722303
21
-119.46976213736616
31
0
0
LINE
5
1057
100
AcDbEntity
8
0
100
AcDbLine
10
243.04742452722303
20
-119.46976213736616
30
0
11
241.87852990212718
21
-119.46844800145577
31
0
0
LINE
5
1058
100
AcDbEntity
8
0
100
AcDbLine
10
241.87852990212718
20
-119.46844800145578
30
0
11
241.87986765772155
21
-118.27854424247006
31
0
0
LINE
5
1059
100
AcDbEntity
8
0
100
AcDbLine
10
241.87986765772155
20
-118.27854424247006
30
0
11
241.31452034349797
21
-118.27790864778812
31
0
0
LINE
5
1060
100
AcDbEntity
8
0
100
AcDbLine
10
244.51751993766851
20
-118.28150963687409
30
0
11
244.51490455024012
21
-120.60783841123416
31
0
0
LINE
5
1061
100
AcDbEntity
8
0
100
AcDbLine
10
244.51490455024012
20
-120.60783841123416
30
0
11
243.68407295154827
21
-120.60690434445355
31
0
0
LINE
5
1062
100
AcDbEntity
8
0
100
AcDbLine
10
243.68407295154827
20
-120.60690434445355
30
0
11
243.68354042614362
21
-121.08057381248615
31
0
0
LINE
5
1063
100
AcDbEntity
8
0
100
AcDbLine
10
243.68354042614362
20
-121.08057381248616
30
0
11
245.90864180218523
21
-121.08307539437362
31
0
0
LINE
5
1064
100
AcDbEntity
8
0
100
AcDbLine
10
245.90864180218523
20
-121.08307539437362
30
0
11
245.90917432758988
21
-120.60940592634103
31
0
0
LINE
5
1065
100
AcDbEntity
8
0
100
AcDbLine
10
245.90917432758988
20
-120.60940592634103
30
0
11
245.08025186446366
21
-120.60847400591611
31
0
0
LINE
5
1066
100
AcDbEntity
8
0
100
AcDbLine
10
245.08025186446366
20
-120.60847400591609
30
0
11
245.08286725189208
21
-118.28214523155603
31
0
0
LINE
5
1067
100
AcDbEntity
8
0
100
AcDbLine
10
245.08286725189208
20
-118.28214523155603
30
0
11
244.51751993766851
21
-118.28150963687409
31
0
0
LINE
5
1068
100
AcDbEntity
8
0
100
AcDbLine
10
235.3281948703287
20
-80.039183535295493
30
0
11
234.71318844470829
21
-80.038474562350288
31
0
0
LINE
5
1069
100
AcDbEntity
8
0
100
AcDbLine
10
234.71318844470829
20
-80.038474562350288
30
0
11
234.46798055653829
21
-80.674208740352441
31
0
0
LINE
5
1070
100
AcDbEntity
8
0
100
AcDbLine
10
234.46798055653829
20
-80.674208740352441
30
0
11
233.34874532269663
21
-80.672918497735367
31
0
0
LINE
5
1071
100
AcDbEntity
8
0
100
AcDbLine
10
233.34874532269663
20
-80.672918497735367
30
0
11
233.11837361689072
21
-80.036636076574453
31
0
0
LINE
5
1072
100
AcDbEntity
8
0
100
AcDbLine
10
233.11837361689072
20
-80.036636076574453
30
0
11
232.51864686905861
21
-80.03594471788125
31
0
0
LINE
5
1073
100
AcDbEntity
8
0
100
AcDbLine
10
232.51864686905861
20
-80.03594471788125
30
0
11
233.60600496844896
21
-82.837200085286071
31
0
0
LINE
5
1074
100
AcDbEntity
8
0
100
AcDbLine
10
233.60600496844893
20
-82.837200085286071
30
0
11
234.20382172396125
21
-82.837889242160202
31
0
0
LINE
5
1075
100
AcDbEntity
8
0
100
AcDbLine
10
234.20382172396125
20
-82.837889242160202
30
0
11
235.3281948703287
21
-80.039183535295493
31
0
0
LINE
5
1076
100
AcDbEntity
8
0
100
AcDbLine
10
234.28599076218512
20
-81.145759143445645
30
0
11
233.89898147468571
21
-82.184331430504699
31
0
0
LINE
5
1077
100
AcDbEntity
8
0
100
AcDbLine
10
233.89898147468574
20
-82.184331430504727
30
0
11
233.52200769233266
21
-81.14487843179036
31
0
0
LINE
5
1078
100
AcDbEntity
8
0
100
AcDbLine
10
233.52200769233266
20
-81.14487843179036
30
0
11
234.28599076218512
21
-81.145759143445645
31
0
0
LINE
5
1079
100
AcDbEntity
8
0
100
AcDbLine
10
235.81905399308144
20
-80.039749392534446
30
0
11
235.81582618463409
21
-82.839747543964165
31
0
0
LINE
5
1080
100
AcDbEntity
8
0
100
AcDbLine
10
235.81582618463409
20
-82.839747543964165
30
0
11
237.73533408163439
21
-82.841960332498402
31
0
0
LINE
5
1081
100
AcDbEntity
8
0
100
AcDbLine
10
237.73533408163439
20
-82.841960332498402
30
0
11
237.7358801228022
21
-82.368290879853788
31
0
0
LINE
5
1082
100
AcDbEntity
8
0
100
AcDbLine
10
237.7358801228022
20
-82.368290879853788
30
0
11
236.38171981968216
21
-82.366729818085332
31
0
0
LINE
5
1083
100
AcDbEntity
8
0
100
AcDbLine
10
236.38171981968213
20
-82.366729818085332
30
0
11
236.38248383711644
21
-81.703974441285908
31
0
0
LINE
5
1084
100
AcDbEntity
8
0
100
AcDbLine
10
236.38248383711647
20
-81.703974441285908
30
0
11
237.55137812621558
21
-81.705321930340091
31
0
0
LINE
5
1085
100
AcDbEntity
8
0
100
AcDbLine
10
237.55137812621558
20
-81.705321930340091
30
0
11
237.5519241675552
21
-81.231652328683992
31
0
0
LINE
5
1086
100
AcDbEntity
8
0
100
AcDbLine
10
237.55192416755517
20
-81.231652328683992
30
0
11
236.38302987845606
21
-81.230304839629795
31
0
0
LINE
5
1087
100
AcDbEntity
8
0
100
AcDbLine
10
236.38302987845609
20
-81.230304839629795
30
0
11
236.3844015869617
21
-80.040401119300228
31
0
0
LINE
5
1088
100
AcDbEntity
8
0
100
AcDbLine
10
236.3844015869617
20
-80.040401119300228
30
0
11
235.81905399308144
21
-80.039749392534446
31
0
0
LINE
5
1089
100
AcDbEntity
8
0
100
AcDbLine
10
239.37545058759662
20
-79.996100154525692
30
0
11
240.06542749705264
21
-82.892395454337702
31
0
0
LINE
5
1090
100
AcDbEntity
8
0
100
AcDbLine
10
240.06542749705264
20
-82.892395454337702
30
0
11
240.46842853771508
21
-82.892860029702788
31
0
0
LINE
5
1091
100
AcDbEntity
8
0
100
AcDbLine
10
240.46842853771511
20
-82.892860029702788
30
0
11
239.77081210601438
21
-79.996555923129819
31
0
0
LINE
5
1092
100
AcDbEntity
8
0
100
AcDbLine
10
239.77081210601438
20
-79.996555923129819
30
0
11
239.37545058759662
21
-79.996100154525692
31
0
0
LINE
5
1093
100
AcDbEntity
8
0
100
AcDbLine
10
242.21550252742537
20
-80.047123151193489
30
0
11
242.21227471897802
21
-82.847121302623208
31
0
0
LINE
5
1094
100
AcDbEntity
8
0
100
AcDbLine
10
242.21227471897802
20
-82.847121302623194
30
0
11
243.40217873733059
21
-82.848493011472499
31
0
0
SPLINE
5
1095
100
AcDbEntity
8
0
100
AcDbSpline
70
0
71
2
72
6
73
3
74
0
42
0.000000001
43
0.0000000001
44
0.0000000001
40
0
40
0
40
0
40
1
40
1
40
1
10
243.40217873733059
20
-82.848493011472499
30
0
10
243.85101810355332
20
-82.84901042877766
30
0
10
244.05451651781235
20
-82.773801582450545
30
0
0
SPLINE
5
1096
100
AcDbEntity
8
0
100
AcDbSpline
70
0
71
2
72
6
73
3
74
0
42
0.000000001
43
0.0000000001
44
0.0000000001
40
0
40
0
40
0
40
1
40
1
40
1
10
244.05451651781235
20
-82.773801582450545
30
0
10
244.25801373997928
20
-82.698592734749212
30
0
10
244.38047324390976
20
-82.505827963144498
30
0
0
SPLINE
5
1097
100
AcDbEntity
8
0
100
AcDbSpline
70
0
71
2
72
6
73
3
74
0
42
0.000000001
43
0.0000000001
44
0.0000000001
40
0
40
0
40
0
40
1
40
1
40
1
10
244.38047324390976
20
-82.505827963144498
30
0
10
244.50293274801203
20
-82.31306304252827
30
0
10
244.50321897925275
20
-82.064768585804416
30
0
0
SPLINE
5
1098
100
AcDbEntity
8
0
100
AcDbSpline
70
0
71
2
72
6
73
3
74
0
42
0.000000001
43
0.0000000001
44
0.0000000001
40
0
40
0
40
0
40
1
40
1
40
1
10
244.50321897925275
20
-82.064768585804416
30
0
10
244.50358227274393
20
-81.749625627232234
30
0
10
244.31855354617562
20
-81.544091475728479
30
0
0
SPLINE
5
1099
100
AcDbEntity
8
0
100
AcDbSpline
70
0
71
2
72
6
73
3
74
0
42
0.000000001
43
0.0000000001
44
0.0000000001
40
0
40
0
40
0
40
1
40
1
40
1
10
244.31855354617562
20
-81.544091475728479
30
0
10
244.13352362734338
20
-81.338557471862018
30
0
10
243.7649641728467
20
-81.284653638440645
30
0
0
SPLINE
5
1100
100
AcDbEntity
8
0
100
AcDbSpline
70
0
71
2
72
6
73
3
74
0
42
0.000000001
43
0.0000000001
44
0.0000000001
40
0
40
0
40
0
40
1
40
1
40
1
10
243.7649641728467
20
-81.284653638440645
30
0
10
243.94844315873536
20
-81.177907525201277
30
0
10
244.06796320495286
20
-81.050077923594472
30
0
0
SPLINE
5
1101
100
AcDbEntity
8
0
100
AcDbSpline
70
0
71
2
72
6
73
3
74
0
42
0.000000001
43
0.0000000001
44
0.0000000001
40
0
40
0
40
0
40
1
40
1
40
1
10
244.06796320495286
20
-81.050077923594472
30
0
10
244.18748325117036
20
-80.922248321987681
30
0
10
244.3903151415962
20
-80.595878872444189
30
0
0
LINE
5
1102
100
AcDbEntity
8
0
100
AcDbLine
10
244.3903151415962
20
-80.595878872444189
30
0
11
244.7328273289495
21
-80.050025096773609
31
0
0
LINE
5
1103
100
AcDbEntity
8
0
100
AcDbLine
10
244.7328273289495
20
-80.050025096773624
30
0
11
244.05670129810673
21
-80.049245665789726
31
0
0
LINE
5
1104
100
AcDbEntity
8
0
100
AcDbLine
10
244.05670129810673
20
-80.049245665789726
30
0
11
243.64726869526442
21
-80.658050971783126
31
0
0
SPLINE
5
1105
100
AcDbEntity
8
0
100
AcDbSpline
70
0
71
2
72
6
73
3
74
0
42
0.000000001
43
0.0000000001
44
0.0000000001
40
0
40
0
40
0
40
1
40
1
40
1
10
243.64726869526447
20
-80.658050971783126
30
0
10
243.42915656825713
20
-80.984402806430438
30
0
10
243.34884032718196
20
-81.069303518403871
30
0
0
SPLINE
5
1106
100
AcDbEntity
8
0
100
AcDbSpline
70
0
71
2
72
6
73
3
74
0
42
0.000000001
43
0.0000000001
44
0.0000000001
40
0
40
0
40
0
40
1
40
1
40
1
10
243.34884032718196
20
-81.069303518403871
30
0
10
243.2685240862786
20
-81.154204081365791
30
0
10
243.17871964526654
20
-81.185614893487127
30
0
0
SPLINE
5
1107
100
AcDbEntity
8
0
100
AcDbSpline
70
0
71
2
72
6
73
3
74
0
42
0.000000001
43
0.0000000001
44
0.0000000001
40
0
40
0
40
0
40
1
40
1
40
1
10
243.17871964526654
20
-81.185614893487127
30
0
10
243.08891520408267
20
-81.217025854619976
30
0
10
242.89409993626734
20
-81.216801273626288
30
0
0
LINE
5
1108
100
AcDbEntity
8
0
100
AcDbLine
10
242.89409993626734
20
-81.216801273626288
30
0
11
242.77950293027459
21
-81.216669167401932
31
0
0
LINE
5
1109
100
AcDbEntity
8
0
100
AcDbLine
10
242.77950293027459
20
-81.216669167401903
30
0
11
242.78085041932866
21
-80.047774878302803
31
0
0
LINE
5
1110
100
AcDbEntity
8
0
100
AcDbLine
10
242.78085041932866
20
-80.047774878302818
30
0
11
242.21550252742537
21
-80.047123151193489
31
0
0
LINE
5
1111
100
AcDbEntity
8
0
100
AcDbLine
10
242.77898771397261
20
-81.663599249109495
30
0
11
243.19726779912443
21
-81.664081437996543
31
0
0
SPLINE
5
1112
100
AcDbEntity
8
0
100
AcDbSpline
70
0
71
2
72
6
73
3
74
0
42
0.000000001
43
0.0000000001
44
0.0000000001
40
0
40
0
40
0
40
1
40
1
40
1
10
243.19726779912446
20
-81.664081437996543
30
0
10
243.60408949497835
20
-81.664550417772816
30
0
10
243.70527755606099
20
-81.699046303198429
30
0
0
SPLINE
5
1113
100
AcDbEntity
8
0
100
AcDbSpline
70
0
71
2
72
6
73
3
74
0
42
0.000000001
43
0.0000000001
44
0.0000000001
40
0
40
0
40
0
40
1
40
1
40
1
10
243.70527755606099
20
-81.699046303198429
30
0
10
243.80646561714366
20
-81.733542188624057
30
0
10
243.86366783786451
20
-81.81764641437978
30
0
0
SPLINE
5
1114
100
AcDbEntity
8
0
100
AcDbSpline
70
0
71
2
72
6
73
3
74
0
42
0.000000001
43
0.0000000001
44
0.0000000001
40
0
40
0
40
0
40
1
40
1
40
1
10
243.86366783786451
20
-81.81764641437978
30
0
10
243.92086886649324
20
-81.901750638761257
30
0
10
243.92072354909675
20
-82.027807822190113
30
0
0
SPLINE
5
1115
100
AcDbEntity
8
0
100
AcDbSpline
70
0
71
2
72
6
73
3
74
0
42
0.000000001
43
0.0000000001
44
0.0000000001
40
0
40
0
40
0
40
1
40
1
40
1
10
243.92072354909675
20
-82.027807822190113
30
0
10
243.92056061731944
20
-82.169144795165948
30
0
10
243.84501769552028
20
-82.255960892870945
30
0
0
SPLINE
5
1116
100
AcDbEntity
8
0
100
AcDbSpline
70
0
71
2
72
6
73
3
74
0
42
0.000000001
43
0.0000000001
44
0.0000000001
40
0
40
0
40
0
40
1
40
1
40
1
10
243.84501769552028
20
-82.255960892870945
30
0
10
243.76947358162906
20
-82.342776989201695
30
0
10
243.63192979945046
20
-82.365537921436243
30
0
0
SPLINE
5
1117
100
AcDbEntity
8
0
100
AcDbSpline
70
0
71
2
72
6
73
3
74
0
42
0.000000001
43
0.0000000001
44
0.0000000001
40
0
40
0
40
0
40
1
40
1
40
1
10
243.63192979945046
20
-82.365537921436243
30
0
10
243.56316130214353
20
-82.375008508366562
30
0
10
243.21936909207318
20
-82.374612188319233
30
0
0
LINE
5
1118
100
AcDbEntity
8
0
100
AcDbLine
10
243.21936909207318
20
-82.374612188319233
30
0
11
242.77816865204909
21
-82.374103577087936
31
0
0
LINE
5
1119
100
AcDbEntity
8
0
100
AcDbLine
10
242.77816865204912
20
-82.374103577087936
30
0
11
242.77898771397264
21
-81.66359924910951
31
0
0
LINE
5
1120
100
AcDbEntity
8
0
100
AcDbLine
10
245.22941713646634
20
-80.050597560285752
30
0
11
245.22618932801896
21
-82.850595711715471
31
0
0
LINE
5
1121
100
AcDbEntity
8
0
100
AcDbLine
10
245.22618932801896
20
-82.850595711715471
30
0
11
247.14569722501926
21
-82.852808500249722
31
0
0
LINE
5
1122
100
AcDbEntity
8
0
100
AcDbLine
10
247.14569722501926
20
-82.852808500249694
30
0
11
247.14624326618713
21
-82.379139047605094
31
0
0
LINE
5
1123
100
AcDbEntity
8
0
100
AcDbLine
10
247.14624326618713
20
-82.379139047605108
30
0
11
245.79208266504401
21
-82.37757798549309
31
0
0
LINE
5
1124
100
AcDbEntity
8
0
100
AcDbLine
10
245.79208266504401
20
-82.37757798549309
30
0
11
245.79284668247834
21
-81.714822608693666
31
0
0
LINE
5
1125
100
AcDbEntity
8
0
100
AcDbLine
10
245.79284668247834
20
-81.714822608693666
30
0
11
246.9617406735544
21
-81.716170097404301
31
0
0
LINE
5
1126
100
AcDbEntity
8
0
100
AcDbLine
10
246.96174067355443
20
-81.716170097404301
30
0
11
246.96228671489405
21
-81.242500495748189
31
0
0
LINE
5
1127
100
AcDbEntity
8
0
100
AcDbLine
10
246.96228671489405
20
-81.242500495748189
30
0
11
245.79339272381799
21
-81.241153007037553
31
0
0
LINE
5
1128
100
AcDbEntity
8
0
100
AcDbLine
10
245.79339272381793
20
-81.241153007037553
30
0
11
245.79476443232355
21
-80.051249286707971
31
0
0
LINE
5
1129
100
AcDbEntity
8
0
100
AcDbLine
10
245.79476443232357
20
-80.051249286707971
30
0
11
245.22941713646634
21
-80.050597560285752
31
0
0
LINE
5
1130
100
AcDbEntity
8
0
100
AcDbLine
10
183.08240983401035
20
-109.25028864286261
30
6.7970615554841229e-15
11
183.07748767720523
21
-112.05028432841814
31
2.1327473635938952e-16
0
LINE
5
1131
100
AcDbEntity
8
0
100
AcDbLine
10
183.07748767720523
20
-112.05028432841814
30
2.1327473635938915e-16
11
183.62755499711034
21
-112.05125130047921
31
-1.0694874146885325e-16
0
LINE
5
1132
100
AcDbEntity
8
0
100
AcDbLine
10
183.62755499711034
20
-112.05125130047919
30
-1.0694874146885331e-16
11
184.77681584981539
21
-110.18341885451504
31
3.6225948807044026e-15
0
LINE
5
1133
100
AcDbEntity
8
0
100
AcDbLine
10
184.77681584981539
20
-110.18341885451504
30
3.6225948807044034e-15
11
184.77352881618071
21
-112.05326582602119
31
-7.74081124294503e-16
0
LINE
5
1134
100
AcDbEntity
8
0
100
AcDbLine
10
184.77352881618074
20
-112.05326582602119
30
-7.7408112429450349e-16
11
185.29876651856523
21
-112.05418914970403
31
-1.079849959594673e-15
0
LINE
5
1135
100
AcDbEntity
8
0
100
AcDbLine
10
185.29876651856523
20
-112.05418914970402
30
-1.0798499595946728e-15
11
185.30368867537035
21
-109.25419346414849
31
5.5039368595300612e-15
0
LINE
5
1136
100
AcDbEntity
8
0
100
AcDbLine
10
185.30368867537035
20
-109.25419346414849
30
5.5039368595300612e-15
11
184.73643184950691
21
-109.25319627438242
31
5.8341672641124151e-15
0
LINE
5
1137
100
AcDbEntity
8
0
100
AcDbLine
10
184.73643184950691
20
-109.25319627438242
30
5.8341672641124151e-15
11
183.60443787499929
21
-111.07713008496677
31
2.1979090038993565e-15
0
LINE
5
1138
100
AcDbEntity
8
0
100
AcDbLine
10
183.60443787499929
20
-111.07713008496677
30
2.1979090038993565e-15
11
183.60764768540622
21
-109.2512119668074
31
6.4912926334364936e-15
0
LINE
5
1139
100
AcDbEntity
8
0
100
AcDbLine
10
183.60764768540622
20
-109.2512119668074
30
6.4912926334364936e-15
11
183.08240983401035
21
-109.25028864286261
31
6.7970615554841229e-15
0
LINE
5
1140
100
AcDbEntity
8
0
100
AcDbLine
10
186.71896599621587
20
-109.2566814025851
30
4.6800285679944899e-15
11
186.71487650971753
21
-111.58300805264247
31
-7.8999369476751536e-16
0
LINE
5
1141
100
AcDbEntity
8
0
100
AcDbLine
10
186.71487650971753
20
-111.58300805264248
30
-7.8999369476751536e-16
11
185.88404566970519
21
-111.58154752193889
31
-3.0632282131587112e-16
0
LINE
5
1142
100
AcDbEntity
8
0
100
AcDbLine
10
185.88404566970513
20
-111.58154752193889
30
-3.0632282131587117e-16
11
185.88321299939835
21
-112.05521655743706
31
-1.4200873776785995e-15
0
LINE
5
1143
100
AcDbEntity
8
0
100
AcDbLine
10
185.88321299939838
20
-112.05521655743703
30
-1.4200873776785993e-15
11
188.10831174752818
21
-112.05912809379757
31
-2.7154358447721815e-15
0
LINE
5
1144
100
AcDbEntity
8
0
100
AcDbLine
10
188.10831174752815
20
-112.0591280937976
30
-2.7154358447721815e-15
11
188.10914441783493
21
-111.58545905829942
31
-1.6016712884094531e-15
0
LINE
5
1145
100
AcDbEntity
8
0
100
AcDbLine
10
188.10914441783493
20
-111.58545905829942
30
-1.6016712884094533e-15
11
187.28022330769036
21
-111.58400188474025
31
-1.1191121704063791e-15
0
LINE
5
1146
100
AcDbEntity
8
0
100
AcDbLine
10
187.28022330769036
20
-111.58400188474025
30
-1.1191121704063791e-15
11
187.28431279418871
21
-109.25767523468288
31
4.3509100923556265e-15
0
LINE
5
1147
100
AcDbEntity
8
0
100
AcDbLine
10
187.28431279418874
20
-109.25767523468288
30
4.3509100923556257e-15
11
186.71896599621587
21
-109.2566814025851
31
4.6800285679944899e-15
0
LINE
5
1148
100
AcDbEntity
8
0
100
AcDbLine
10
190.45494109029403
20
-110.29271840381442
30
8.3423196494867453e-17
11
191.00340406761032
21
-110.1198760369271
31
1.729913085724891e-16
0
SPLINE
5
1149
100
AcDbEntity
8
0
100
AcDbSpline
70
0
71
2
72
6
73
3
74
0
42
0.000000001
43
0.0000000001
44
0.0000000001
40
0
40
0
40
0
40
1
40
1
40
1
10
191.00340406761032
20
-110.1198760369271
30
1.7299130857248898e-16
10
190.87815280520431
20
-109.66126503078227
30
1.3242125555820948e-15
10
190.58536585380466
20
-109.43823959471692
30
2.0180875050300162e-15
0
SPLINE
5
1150
100
AcDbEntity
8
0
100
AcDbSpline
70
0
71
2
72
6
73
3
74
0
42
0.000000001
43
0.0000000001
44
0.0000000001
40
0
40
0
40
0
40
1
40
1
40
1
10
190.58536585380466
20
-109.43823959471692
30
2.0180875050300162e-15
10
190.29257830583558
20
-109.21521445562654
30
2.7119621007101488e-15
10
189.84182900897883
20
-109.21442207629252
30
2.9743672686684797e-15
0
SPLINE
5
1151
100
AcDbEntity
8
0
100
AcDbSpline
70
0
71
2
72
6
73
3
74
0
42
0.000000001
43
0.0000000001
44
0.0000000001
40
0
40
0
40
0
40
1
40
1
40
1
10
189.84182900897883
20
-109.21442207629252
30
2.9743672686684797e-15
10
189.28412172652276
20
-109.21344167382018
30
3.2990383755232226e-15
10
188.92437976667662
20
-109.59384656529706
30
2.6121218171937835e-15
0
SPLINE
5
1152
100
AcDbEntity
8
0
100
AcDbSpline
70
0
71
2
72
6
73
3
74
0
42
0.000000001
43
0.0000000001
44
0.0000000001
40
0
40
0
40
0
40
1
40
1
40
1
10
188.92437976667662
20
-109.59384656529706
30
2.6121218171937835e-15
10
188.56463840235207
20
-109.97425175584446
30
1.9252042111168731e-15
10
188.56347669286262
20
-110.63509652108458
30
3.7132286861324067e-16
0
SPLINE
5
1153
100
AcDbEntity
8
0
100
AcDbSpline
70
0
71
2
72
6
73
3
74
0
42
0.000000001
43
0.0000000001
44
0.0000000001
40
0
40
0
40
0
40
1
40
1
40
1
10
188.56347669286262
20
-110.63509652108458
30
3.7132286861324067e-16
10
188.56224783236453
20
-111.33414050303386
30
-1.2723784335310991e-15
10
188.92254979049829
20
-111.72154112349533
30
-2.3919498790871607e-15
0
SPLINE
5
1154
100
AcDbEntity
8
0
100
AcDbSpline
70
0
71
2
72
6
73
3
74
0
42
0.000000001
43
0.0000000001
44
0.0000000001
40
0
40
0
40
0
40
1
40
1
40
1
10
188.92254979049829
20
-111.72154112349533
30
-2.3919498790871607e-15
10
189.28285174837012
20
-112.10894189296818
30
-3.5115216750220388e-15
10
189.87111768893891
20
-112.10997601499002
30
-3.8539826040031045e-15
0
SPLINE
5
1155
100
AcDbEntity
8
0
100
AcDbSpline
70
0
71
2
72
6
73
3
74
0
42
0.000000001
43
0.0000000001
44
0.0000000001
40
0
40
0
40
0
40
1
40
1
40
1
10
189.87111768893891
20
-112.10997601499002
30
-3.8539826040031045e-15
10
190.38489582002543
20
-112.11087919371083
30
-4.153080212632174e-15
10
190.70630243408544
20
-111.80776015129294
30
-3.6258102153838309e-15
0
SPLINE
5
1156
100
AcDbEntity
8
0
100
AcDbSpline
70
0
71
2
72
6
73
3
74
0
42
0.000000001
43
0.0000000001
44
0.0000000001
40
0
40
0
40
0
40
1
40
1
40
1
10
190.70630243408544
20
-111.80776015129294
30
-3.6258102153838309e-15
10
190.89761367936859
20
-111.62856013835892
30
-3.3148464319450625e-15
10
190.99370242498117
20
-111.29257577271269
30
-2.5800271845394338e-15
0
LINE
5
1157
100
AcDbEntity
8
0
100
AcDbLine
10
190.99370242498117
20
-111.29257577271269
30
-2.5800271845394338e-15
11
190.43432044079464
21
-111.15789497813091
31
-1.9398749890618661e-15
0
SPLINE
5
1158
100
AcDbEntity
8
0
100
AcDbSpline
70
0
71
2
72
6
73
3
74
0
42
0.000000001
43
0.0000000001
44
0.0000000001
40
0
40
0
40
0
40
1
40
1
40
1
10
190.43432044079458
20
-111.15789497813091
30
-1.9398749890618657e-15
10
190.38427874399605
20
-111.37554266579855
30
-2.4229383510510579e-15
10
190.22648595450181
20
-111.50132289032874
30
-2.627613181180851e-15
0
SPLINE
5
1159
100
AcDbEntity
8
0
100
AcDbSpline
70
0
71
2
72
6
73
3
74
0
42
0.000000001
43
0.0000000001
44
0.0000000001
40
0
40
0
40
0
40
1
40
1
40
1
10
190.22648595450181
20
-111.50132289032874
30
-2.627613181180851e-15
10
190.06869316526956
20
-111.62710296584754
30
-2.8322876609318287e-15
10
189.84331821881841
20
-111.62670677565664
30
-2.701084903457743e-15
0
SPLINE
5
1160
100
AcDbEntity
8
0
100
AcDbSpline
70
0
71
2
72
6
73
3
74
0
42
0.000000001
43
0.0000000001
44
0.0000000001
40
0
40
0
40
0
40
1
40
1
40
1
10
189.84331821881841
20
-111.62670677565664
30
-2.701084903457743e-15
10
189.53199529554158
20
-111.62615949615486
30
-2.5198472519707179e-15
10
189.33852730070561
20
-111.40235378657292
30
-1.8815449512079714e-15
0
SPLINE
5
1161
100
AcDbEntity
8
0
100
AcDbSpline
70
0
71
2
72
6
73
3
74
0
42
0.000000001
43
0.0000000001
44
0.0000000001
40
0
40
0
40
0
40
1
40
1
40
1
10
189.33852730070561
20
-111.40235378657292
30
-1.8815449512079714e-15
10
189.14505990165324
20
-111.17854822705014
30
-1.2432433478138803e-15
10
189.14593957774463
20
-110.67813969515215
30
-6.6604714589012221e-17
0
SPLINE
5
1162
100
AcDbEntity
8
0
100
AcDbSpline
70
0
71
2
72
6
73
3
74
0
42
0.000000001
43
0.0000000001
44
0.0000000001
40
0
40
0
40
0
40
1
40
1
40
1
10
189.14593957774463
20
-110.67813969515215
30
-6.6604714589012221e-17
10
189.14687297469533
20
-110.14717176008453
30
1.1818899564241858e-15
10
189.3382648008745
20
-109.92213286591317
30
1.6006372709772251e-15
0
SPLINE
5
1163
100
AcDbEntity
8
0
100
AcDbSpline
70
0
71
2
72
6
73
3
74
0
42
0.000000001
43
0.0000000001
44
0.0000000001
40
0
40
0
40
0
40
1
40
1
40
1
10
189.3382648008745
20
-109.92213286591317
30
1.6006372709772251e-15
10
189.52965662757754
20
-109.69709367371905
30
2.0193852862878954e-15
10
189.83524916915994
20
-109.697630879692
30
1.841483595126261e-15
0
SPLINE
5
1164
100
AcDbEntity
8
0
100
AcDbSpline
70
0
71
2
72
6
73
3
74
0
42
0.000000001
43
0.0000000001
44
0.0000000001
40
0
40
0
40
0
40
1
40
1
40
1
10
189.83524916915994
20
-109.697630879692
30
1.841483595126261e-15
10
190.06062411561103
20
-109.6980270698829
30
1.7102808376521751e-15
10
190.22271900818484
20
-109.84155918911861
30
1.2789461135586666e-15
0
SPLINE
5
1165
100
AcDbEntity
8
0
100
AcDbSpline
70
0
71
2
72
6
73
3
74
0
42
0.000000001
43
0.0000000001
44
0.0000000001
40
0
40
0
40
0
40
1
40
1
40
1
10
190.22271900818484
20
-109.84155918911861
30
1.2789461135586666e-15
10
190.38481330471316
20
-109.98509130730652
30
8.4761173645499799e-16
10
190.45494109029403
20
-110.29271840381442
30
8.3423196494867453e-17
0
LINE
5
1166
100
AcDbEntity
8
0
100
AcDbLine
10
191.67912275987186
20
-109.26540094078598
30
1.7924571890855568e-15
11
191.67420060306671
21
-112.06539662634151
31
-4.7913296300391762e-15
0
LINE
5
1167
100
AcDbEntity
8
0
100
AcDbLine
10
191.67420060306671
20
-112.06539662634151
30
-4.7913296300391762e-15
11
192.23954680499406
21
-112.06639045739149
31
-5.1204477586882003e-15
0
LINE
5
1168
100
AcDbEntity
8
0
100
AcDbLine
10
192.23954680499403
20
-112.06639045739149
30
-5.1204477586882003e-15
11
192.24148410678654
21
-110.96434578969065
31
-2.5291483525050408e-15
0
LINE
5
1169
100
AcDbEntity
8
0
100
AcDbLine
10
192.24148410678654
20
-110.96434578969065
30
-2.5291483525050404e-15
11
193.34925975222743
21
-110.96629316605771
31
-3.1740435444202467e-15
0
LINE
5
1170
100
AcDbEntity
8
0
100
AcDbLine
10
193.34925975222745
20
-110.96629316605771
30
-3.1740435444202471e-15
11
193.34732245043494
21
-112.06833783375855
31
-5.765342950603407e-15
0
LINE
5
1171
100
AcDbEntity
8
0
100
AcDbLine
10
193.34732245043489
20
-112.06833783375855
30
-5.765342950603407e-15
11
193.91266924840778
21
-112.06933166585631
31
-6.0944614262422711e-15
0
LINE
5
1172
100
AcDbEntity
8
0
100
AcDbLine
10
193.91266924840778
20
-112.0693316658563
30
-6.0944614262422711e-15
11
193.9175914052129
21
-109.26933598030077
31
4.893253928824623e-16
0
LINE
5
1173
100
AcDbEntity
8
0
100
AcDbLine
10
193.9175914052129
20
-109.26933598030077
30
4.893253928824623e-16
11
193.35224460724004
21
-109.268342148203
31
8.1844386852132642e-16
0
LINE
5
1174
100
AcDbEntity
8
0
100
AcDbLine
10
193.35224460724004
20
-109.26834214820302
30
8.1844386852132661e-16
11
193.3500924225342
21
-110.49262413055955
31
-2.0602789880575198e-15
0
LINE
5
1175
100
AcDbEntity
8
0
100
AcDbLine
10
193.3500924225342
20
-110.49262413055955
30
-2.0602789880575198e-15
11
192.24231677709332
21
-110.49067675419249
31
-1.415383796142313e-15
0
LINE
5
1176
100
AcDbEntity
8
0
100
AcDbLine
10
192.24231677709332
20
-110.49067675419249
30
-1.4153837961423126e-15
11
192.24446896179916
21
-109.26639477183596
31
1.4633390604365335e-15
0
LINE
5
1177
100
AcDbEntity
8
0
100
AcDbLine
10
192.24446896179916
20
-109.26639477183596
30
1.4633390604365335e-15
11
191.6791227598718
21
-109.26540094078598
31
1.7924571890855572e-15
0
LINE
5
1178
100
AcDbEntity
8
0
100
AcDbLine
10
215.74962638019016
20
-109.2437376912288
30
6.5901817262201673e-15
11
215.74263081294617
21
-112.04372896421452
31
-3.2759415530873285e-18
0
LINE
5
1179
100
AcDbEntity
8
0
100
AcDbLine
10
215.74263081294617
20
-112.04372896421452
30
-3.2759415530880681e-18
11
216.29269728461549
21
-112.04510326385191
31
-6.6195591664388501e-16
0
LINE
5
1180
100
AcDbEntity
8
0
100
AcDbLine
10
216.29269728461549
20
-112.0451032638519
30
-6.6195591664388501e-16
11
217.44334081313309
21
-110.1781223634402
31
2.3689283093873212e-15
0
LINE
5
1181
100
AcDbEntity
8
0
100
AcDbLine
10
217.44334081313309
20
-110.1781223634402
30
2.3689283093873216e-15
11
217.43866914871137
21
-112.04796638821669
31
-2.0342059223690814e-15
0
LINE
5
1182
100
AcDbEntity
8
0
100
AcDbLine
10
217.43866914871143
20
-112.04796638821668
30
-2.0342059223690814e-15
11
217.96390617237432
21
-112.04927865334888
31
-2.6631537450079502e-15
0
LINE
5
1183
100
AcDbEntity
8
0
100
AcDbLine
10
217.96390617237432
20
-112.04927865334888
30
-2.6631537450079505e-15
11
217.97090173961831
21
-109.24928738036316
31
3.9303039227653039e-15
0
LINE
5
1184
100
AcDbEntity
8
0
100
AcDbLine
10
217.97090173961831
20
-109.24928738036317
30
3.9303039227653039e-15
11
217.40364580770637
21
-109.24787013415443
31
4.6095675069789784e-15
0
LINE
5
1185
100
AcDbEntity
8
0
100
AcDbLine
10
217.40364580770634
20
-109.24787013415441
30
4.6095675069789792e-15
11
216.27030158532085
21
-111.07096519725177
31
1.6615436607462418e-15
0
LINE
5
1186
100
AcDbEntity
8
0
100
AcDbLine
10
216.27030158532085
20
-111.07096519725177
30
1.6615436607462414e-15
11
216.27486349698503
21
-109.24504995659368
31
5.9612337920599361e-15
0
LINE
5
1187
100
AcDbEntity
8
0
100
AcDbLine
10
216.27486349698503
20
-109.24504995659369
30
5.9612337920599376e-15
11
215.74962638019016
21
-109.2437376912288
31
6.5901817262201673e-15
0
LINE
5
1188
100
AcDbEntity
8
0
100
AcDbLine
10
218.84439485984583
20
-112.05147848799841
30
-3.7174995315661503e-15
11
219.96362741869237
21
-112.05427480622356
31
-5.0577304162891985e-15
0
SPLINE
5
1189
100
AcDbEntity
8
0
100
AcDbSpline
70
0
71
2
72
6
73
3
74
0
42
0.000000001
43
0.0000000001
44
0.0000000001
40
0
40
0
40
0
40
1
40
1
40
1
10
219.96362741869237
20
-112.05427480622356
30
-5.0577304162891985e-15
10
220.29595923096807
20
-112.05510511221861
30
-5.4556828840470117e-15
10
220.45932973898482
20
-112.02781879056349
30
-5.5860139419895959e-15
0
SPLINE
5
1190
100
AcDbEntity
8
0
100
AcDbSpline
70
0
71
2
72
6
73
3
74
0
42
0.000000001
43
0.0000000001
44
0.0000000001
40
0
40
0
40
0
40
1
40
1
40
1
10
220.45932973898482
20
-112.02781879056349
30
-5.5860139419895959e-15
10
220.62269965095697
20
-112.00053246741918
30
-5.7163442861954683e-15
10
220.75184121730675
20
-111.91299670321422
30
-5.6638337790488662e-15
0
SPLINE
5
1191
100
AcDbEntity
8
0
100
AcDbSpline
70
0
71
2
72
6
73
3
74
0
42
0.000000001
43
0.0000000001
44
0.0000000001
40
0
40
0
40
0
40
1
40
1
40
1
10
220.75184121730675
20
-111.91299670321422
30
-5.6638337790488662e-15
10
220.88098218761195
20
-111.82546093752008
30
-5.6113225581655538e-15
10
220.96729507729026
20
-111.67956428177843
30
-5.3701761552242502e-15
0
SPLINE
5
1192
100
AcDbEntity
8
0
100
AcDbSpline
70
0
71
2
72
6
73
3
74
0
42
0.000000001
43
0.0000000001
44
0.0000000001
40
0
40
0
40
0
40
1
40
1
40
1
10
220.96729507729026
20
-111.67956428177843
30
-5.3701761552242502e-15
10
221.05360796696857
20
-111.53366762603675
30
-5.1290297522829466e-15
10
221.05406129490305
20
-111.35222211689924
30
-4.701759390747173e-15
0
SPLINE
5
1193
100
AcDbEntity
8
0
100
AcDbSpline
70
0
71
2
72
6
73
3
74
0
42
0.000000001
43
0.0000000001
44
0.0000000001
40
0
40
0
40
0
40
1
40
1
40
1
10
221.05406129490305
20
-111.35222211689924
30
-4.701759390747173e-15
10
221.05455279814669
20
-111.15549685575097
30
-4.2385080606172386e-15
10
220.9489608215226
20
-110.99097613558951
30
-3.7247829916430308e-15
0
SPLINE
5
1194
100
AcDbEntity
8
0
100
AcDbSpline
70
0
71
2
72
6
73
3
74
0
42
0.000000001
43
0.0000000001
44
0.0000000001
40
0
40
0
40
0
40
1
40
1
40
1
10
220.9489608215226
20
-110.99097613558951
30
-3.7247829916430308e-15
10
220.84336884527076
20
-110.82645526641687
30
-3.2110575717753388e-15
10
220.66212852660541
20
-110.74387399785377
30
-2.8003887017358915e-15
0
SPLINE
5
1195
100
AcDbEntity
8
0
100
AcDbSpline
70
0
71
2
72
6
73
3
74
0
42
0.000000001
43
0.0000000001
44
0.0000000001
40
0
40
0
40
0
40
1
40
1
40
1
10
220.66212852660541
20
-110.74387399785377
30
-2.8003887017358915e-15
10
220.91824842688655
20
-110.67002529003534
30
-2.9314522798928754e-15
10
221.05621341013685
20
-110.49083323119959
30
-2.6733490852768544e-15
0
SPLINE
5
1196
100
AcDbEntity
8
0
100
AcDbSpline
70
0
71
2
72
6
73
3
74
0
42
0.000000001
43
0.0000000001
44
0.0000000001
40
0
40
0
40
0
40
1
40
1
40
1
10
221.05621341013685
20
-110.49083323119959
30
-2.6733490852768544e-15
10
221.19417898943172
20
-110.31164117385299
30
-2.4152466043975435e-15
10
221.19478501711387
20
-110.06907725271691
30
-1.8440537720590577e-15
0
SPLINE
5
1197
100
AcDbEntity
8
0
100
AcDbSpline
70
0
71
2
72
6
73
3
74
0
42
0.000000001
43
0.0000000001
44
0.0000000001
40
0
40
0
40
0
40
1
40
1
40
1
10
221.19478501711387
20
-110.06907725271691
30
-1.8440537720590577e-15
10
221.19526220457007
20
-109.87808191719908
30
-1.3942953490136188e-15
10
221.10690011913971
20
-109.69736937883215
30
-8.6292388810855917e-16
0
SPLINE
5
1198
100
AcDbEntity
8
0
100
AcDbSpline
70
0
71
2
72
6
73
3
74
0
42
0.000000001
43
0.0000000001
44
0.0000000001
40
0
40
0
40
0
40
1
40
1
40
1
10
221.10690011913971
20
-109.69736937883215
30
-8.6292388810855917e-16
10
221.01853862975389
20
-109.5166568419544
30
-3.3155314094021044e-16
10
220.86505675124116
20
-109.40836032299271
30
1.0667093586111548e-16
0
SPLINE
5
1199
100
AcDbEntity
8
0
100
AcDbSpline
70
0
71
2
72
6
73
3
74
0
42
0.000000001
43
0.0000000001
44
0.0000000001
40
0
40
0
40
0
40
1
40
1
40
1
10
220.86505675124116
20
-109.40836032299271
30
1.0667093586111548e-16
10
220.71157487272845
20
-109.300063804031
30
5.4489501266243943e-16
10
220.48626291120888
20
-109.27467159272592
30
8.732382600983239e-16
0
SPLINE
5
1200
100
AcDbEntity
8
0
100
AcDbSpline
70
0
71
2
72
6
73
3
74
0
42
0.000000001
43
0.0000000001
44
0.0000000001
40
0
40
0
40
0
40
1
40
1
40
1
10
220.48626291120888
20
-109.27467159272592
30
8.732382600983239e-16
10
220.34496431136571
20
-109.25903887044282
30
1.0784633383986086e-15
10
219.80445707979851
20
-109.25386838024032
30
1.7347034853629637e-15
0
LINE
5
1201
100
AcDbEntity
8
0
100
AcDbLine
10
219.80445707979851
20
-109.25386838024032
30
1.7347034853629637e-15
11
218.85139042708983
21
-109.2514872150127
31
2.8759581362071045e-15
0
LINE
5
1202
100
AcDbEntity
8
0
100
AcDbLine
10
218.85139042708983
20
-109.2514872150127
30
2.8759581362071041e-15
11
218.84439485984583
21
-112.05147848799841
31
-3.7174995315661503e-15
0
LINE
5
1203
100
AcDbEntity
8
0
100
AcDbLine
10
219.41090540196501
20
-111.58686247536477
30
-3.2970660599149033e-15
11
219.41252306733725
21
-110.9393883296824
31
-1.7723851040410405e-15
0
LINE
5
1204
100
AcDbEntity
8
0
100
AcDbLine
10
219.41252306733728
20
-110.93938832968237
30
-1.7723851040410407e-15
11
219.78305388711206
21
-110.94031407301975
31
-2.2160791732304955e-15
0
SPLINE
5
1205
100
AcDbEntity
8
0
100
AcDbSpline
70
0
71
2
72
6
73
3
74
0
42
0.000000001
43
0.0000000001
44
0.0000000001
40
0
40
0
40
0
40
1
40
1
40
1
10
219.78305388711206
20
-110.94031407301976
30
-2.2160791732304951e-15
10
220.11347567450724
20
-110.94113960696154
30
-2.6117444716996376e-15
10
220.19366988011708
20
-110.95088970312192
30
-2.7302897237564441e-15
0
SPLINE
5
1206
100
AcDbEntity
8
0
100
AcDbSpline
70
0
71
2
72
6
73
3
74
0
42
0.000000001
43
0.0000000001
44
0.0000000001
40
0
40
0
40
0
40
1
40
1
40
1
10
220.19366988011708
20
-110.95088970312192
30
-2.7302897237564441e-15
10
220.33878345964581
20
-110.96844199364747
30
-2.9445865364250408e-15
10
220.42165883621595
20
-111.05173252321518
30
-3.2397195252820424e-15
0
SPLINE
5
1207
100
AcDbEntity
8
0
100
AcDbSpline
70
0
71
2
72
6
73
3
74
0
42
0.000000001
43
0.0000000001
44
0.0000000001
40
0
40
0
40
0
40
1
40
1
40
1
10
220.42165883621595
20
-111.05173252321518
30
-3.2397195252820424e-15
10
220.5045342127861
20
-111.13502305278286
30
-3.5348525141390437e-15
10
220.50419540966243
20
-111.27062975292141
30
-3.8541810225727843e-15
0
SPLINE
5
1208
100
AcDbEntity
8
0
100
AcDbSpline
70
0
71
2
72
6
73
3
74
0
42
0.000000001
43
0.0000000001
44
0.0000000001
40
0
40
0
40
0
40
1
40
1
40
1
10
220.50419540966243
20
-111.27062975292141
30
-3.8541810225727843e-15
10
220.50387092232626
20
-111.40050652742954
30
-4.1600166239220286e-15
10
220.43204501570042
20
-111.48150065970529
30
-4.2653986359979498e-15
0
SPLINE
5
1209
100
AcDbEntity
8
0
100
AcDbSpline
70
0
71
2
72
6
73
3
74
0
42
0.000000001
43
0.0000000001
44
0.0000000001
40
0
40
0
40
0
40
1
40
1
40
1
10
220.43204501570042
20
-111.48150065970529
30
-4.2653986359979498e-15
10
220.36021881142457
20
-111.56249464222533
30
-4.3707799403120335e-15
10
220.2188393876765
20
-111.57933115156665
30
-4.2420142069407861e-15
0
SPLINE
5
1210
100
AcDbEntity
8
0
100
AcDbSpline
70
0
71
2
72
6
73
3
74
0
42
0.000000001
43
0.0000000001
44
0.0000000001
40
0
40
0
40
0
40
1
40
1
40
1
10
220.2188393876765
20
-111.57933115156665
30
-4.2420142069407861e-15
10
220.13477771165674
20
-111.58867101579389
30
-4.163870745300841e-15
10
219.7355974127409
20
-111.58767369389133
30
-3.6858702073863879e-15
0
LINE
5
1211
100
AcDbEntity
8
0
100
AcDbLine
10
219.7355974127409
20
-111.58767369389133
30
-3.6858702073863879e-15
11
219.41090540196501
21
-111.58686247536474
31
-3.2970660599149029e-15
0
LINE
5
1212
100
AcDbEntity
8
0
100
AcDbLine
10
219.41368740477503
20
-110.47335969313751
30
-6.7497450970295145e-16
11
219.41555797891826
21
-109.72465825208808
31
1.0880778629911613e-15
0
LINE
5
1213
100
AcDbEntity
8
0
100
AcDbLine
10
219.41555797891826
20
-109.72465825208808
30
1.0880778629911605e-15
11
219.9388851267118
21
-109.72596574553931
31
4.6141703120678487e-16
0
SPLINE
5
1214
100
AcDbEntity
8
0
100
AcDbSpline
70
0
71
2
72
6
73
3
74
0
42
0.000000001
43
0.0000000001
44
0.0000000001
40
0
40
0
40
0
40
1
40
1
40
1
10
219.9388851267118
20
-109.72596574553931
30
4.6141703120678507e-16
10
220.24447778274924
20
-109.72672924576702
30
9.548350601694316e-17
10
220.32656262812117
20
-109.74412376572475
30
-4.3338516417035677e-17
0
SPLINE
5
1215
100
AcDbEntity
8
0
100
AcDbSpline
70
0
71
2
72
6
73
3
74
0
42
0.000000001
43
0.0000000001
44
0.0000000001
40
0
40
0
40
0
40
1
40
1
40
1
10
220.32656262812117
20
-109.74412376572475
30
-4.3338516417035677e-17
10
220.4525622387294
20
-109.76735841184846
30
-2.4825760791361126e-16
10
220.5316035481456
20
-109.85636917467349
30
-5.5230917125263997e-16
0
SPLINE
5
1216
100
AcDbEntity
8
0
100
AcDbSpline
70
0
71
2
72
6
73
3
74
0
42
0.000000001
43
0.0000000001
44
0.0000000001
40
0
40
0
40
0
40
1
40
1
40
1
10
220.5316035481456
20
-109.85636917467349
30
-5.5230917125263997e-16
10
220.61064426151719
20
-109.94537993600936
30
-8.5636002085495677e-16
10
220.61027205550985
20
-110.09435621426704
30
-1.2071713943300488e-15
0
SPLINE
5
1217
100
AcDbEntity
8
0
100
AcDbSpline
70
0
71
2
72
6
73
3
74
0
42
0.000000001
43
0.0000000001
44
0.0000000001
40
0
40
0
40
0
40
1
40
1
40
1
10
220.61027205550985
20
-110.09435621426704
30
-1.2071713943300488e-15
10
220.60995711116334
20
-110.22041338604754
30
-1.5040125430410893e-15
10
220.5486191936497
20
-110.30811825453665
30
-1.6377141816358776e-15
0
SPLINE
5
1218
100
AcDbEntity
8
0
100
AcDbSpline
70
0
71
2
72
6
73
3
74
0
42
0.000000001
43
0.0000000001
44
0.0000000001
40
0
40
0
40
0
40
1
40
1
40
1
10
220.5486191936497
20
-110.30811825453665
30
-1.6377141816358776e-15
10
220.4872812753915
20
-110.39582342104802
30
-1.771416522017633e-15
10
220.37162888204719
20
-110.43564375500179
30
-1.7274972515552161e-15
0
SPLINE
5
1219
100
AcDbEntity
8
0
100
AcDbSpline
70
0
71
2
72
6
73
3
74
0
42
0.000000001
43
0.0000000001
44
0.0000000001
40
0
40
0
40
0
40
1
40
1
40
1
10
220.37162888204719
20
-110.43564375500179
30
-1.7274972515552161e-15
10
220.25597648870286
20
-110.47546408895555
30
-1.6835779810927992e-15
10
219.8701660659284
20
-110.47450017068124
30
-1.2215872713306877e-15
0
LINE
5
1220
100
AcDbEntity
8
0
100
AcDbLine
10
219.8701660659284
20
-110.47450017068124
30
-1.2215872713306877e-15
11
219.413687404775
21
-110.47335969313751
31
-6.7497450970295095e-16
0
LINE
5
1221
100
AcDbEntity
8
0
100
AcDbLine
10
200.25212391749815
20
-97.290089220559821
30
5.6323134577992906e-15
11
200.2528317840144
21
-100.09008914300307
31
-7.8826365469565909e-16
0
LINE
5
1222
100
AcDbEntity
8
0
100
AcDbLine
10
200.25283178401446
20
-100.09008914300308
30
-7.8826365469565918e-16
11
201.44273625696434
21
-100.0897883238754
31
-1.6756036618476732e-15
0
SPLINE
5
1223
100
AcDbEntity
8
0
100
AcDbSpline
70
0
71
2
72
6
73
3
74
0
42
0.000000001
43
0.0000000001
44
0.0000000001
40
0
40
0
40
0
40
1
40
1
40
1
10
201.44273625696434
20
-100.08978832387538
30
-1.6756036618476732e-15
10
201.89157650312677
20
-100.08967485280741
30
-2.0103144863666208e-15
10
202.09496840690949
20
-100.0141800439641
30
-1.9890064215868637e-15
0
SPLINE
5
1224
100
AcDbEntity
8
0
100
AcDbSpline
70
0
71
2
72
6
73
3
74
0
42
0.000000001
43
0.0000000001
44
0.0000000001
40
0
40
0
40
0
40
1
40
1
40
1
10
202.09496840690949
20
-100.0141800439641
30
-1.9890064215868637e-15
10
202.29835971464581
20
-99.938685235271478
30
-1.9676979123211388e-15
10
202.42054844585186
20
-99.745748525182094
30
-1.6165080864997759e-15
0
SPLINE
5
1225
100
AcDbEntity
8
0
100
AcDbSpline
70
0
71
2
72
6
73
3
74
0
42
0.000000001
43
0.0000000001
44
0.0000000001
40
0
40
0
40
0
40
1
40
1
40
1
10
202.42054844585186
20
-99.745748525182094
30
-1.6165080864997759e-15
10
202.54273687899706
20
-99.55281166615643
30
-1.265317696742378e-15
10
202.54267410776561
20
-99.304517052384995
30
-6.9596242585168207e-16
0
SPLINE
5
1226
100
AcDbEntity
8
0
100
AcDbSpline
70
0
71
2
72
6
73
3
74
0
42
0.000000001
43
0.0000000001
44
0.0000000001
40
0
40
0
40
0
40
1
40
1
40
1
10
202.54267410776561
20
-99.304517052384995
30
-6.9596242585168207e-16
10
202.54259443658864
20
-98.989373894483265
30
2.6680789444468696e-17
10
202.357276696388
20
-98.784100022098741
30
6.3565130543595476e-16
0
SPLINE
5
1227
100
AcDbEntity
8
0
100
AcDbSpline
70
0
71
2
72
6
73
3
74
0
42
0.000000001
43
0.0000000001
44
0.0000000001
40
0
40
0
40
0
40
1
40
1
40
1
10
202.357276696388
20
-98.784100022098741
30
6.3565130543595476e-16
10
202.17195865820179
20
-98.578826298801161
30
1.2446217019773747e-15
10
201.80332320462145
20
-98.525440565208257
30
1.6421423874259327e-15
0
SPLINE
5
1228
100
AcDbEntity
8
0
100
AcDbSpline
70
0
71
2
72
6
73
3
74
0
42
0.000000001
43
0.0000000001
44
0.0000000001
40
0
40
0
40
0
40
1
40
1
40
1
10
201.80332320462145
20
-98.525440565208257
30
1.6421423874259327e-15
10
201.98665196713748
20
-98.418436659724478
30
1.7506700514308683e-15
10
202.10599221825558
20
-98.290439187257761
30
1.9550881761749368e-15
0
SPLINE
5
1229
100
AcDbEntity
8
0
100
AcDbSpline
70
0
71
2
72
6
73
3
74
0
42
0.000000001
43
0.0000000001
44
0.0000000001
40
0
40
0
40
0
40
1
40
1
40
1
10
202.10599221825558
20
-98.290439187257761
30
1.9550881761749368e-15
10
202.22533246937365
20
-98.162441714791072
30
2.1595063009190053e-15
10
202.42770541518891
20
-97.835787487555109
30
2.7574518798767298e-15
0
LINE
5
1230
100
AcDbEntity
8
0
100
AcDbLine
10
202.42770541518891
20
-97.835787487555109
30
2.7574518798767298e-15
11
202.76945001322022
21
-97.289452816665687
31
3.7550836409852656e-15
0
LINE
5
1231
100
AcDbEntity
8
0
100
AcDbLine
10
202.76945001322022
20
-97.289452816665687
30
3.755083640985264e-15
11
202.09332444879382
21
-97.289623747616133
31
4.2592865218151931e-15
0
LINE
5
1232
100
AcDbEntity
8
0
100
AcDbLine
10
202.09332444879382
20
-97.289623747616133
30
4.2592865218151939e-15
11
201.684747091856
21
-97.899003950069073
31
3.1669767747372421e-15
0
SPLINE
5
1233
100
AcDbEntity
8
0
100
AcDbSpline
70
0
71
2
72
6
73
3
74
0
42
0.000000001
43
0.0000000001
44
0.0000000001
40
0
40
0
40
0
40
1
40
1
40
1
10
201.684747091856
20
-97.899003950069073
30
3.1669767747372425e-15
10
201.46709449584085
20
-98.225662040145409
30
2.5804255935869647e-15
10
201.3868976703765
20
-98.310675560596479
30
2.4453514111277389e-15
0
SPLINE
5
1234
100
AcDbEntity
8
0
100
AcDbSpline
70
0
71
2
72
6
73
3
74
0
42
0.000000001
43
0.0000000001
44
0.0000000001
40
0
40
0
40
0
40
1
40
1
40
1
10
201.3868976703765
20
-98.310675560596479
30
2.4453514111277389e-15
10
201.30670084487448
20
-98.39568893203591
30
2.3102775703615631e-15
10
201.21694079256204
20
-98.427225942032152
30
2.3049553915114405e-15
0
SPLINE
5
1235
100
AcDbEntity
8
0
100
AcDbSpline
70
0
71
2
72
6
73
3
74
0
42
0.000000001
43
0.0000000001
44
0.0000000001
40
0
40
0
40
0
40
1
40
1
40
1
10
201.21694079256204
20
-98.427225942032152
30
2.3049553915114405e-15
10
201.12718059127562
20
-98.458763101077665
30
2.2996329820897573e-15
10
200.93236475320381
20
-98.458812352367829
30
2.4449117763776779e-15
0
LINE
5
1236
100
AcDbEntity
8
0
100
AcDbLine
10
200.93236475320381
20
-98.458812352367829
30
2.4449117763776779e-15
11
200.81776722769303
21
-98.458841323708342
31
2.5303698710550148e-15
0
LINE
5
1237
100
AcDbEntity
8
0
100
AcDbLine
10
200.81776722769305
20
-98.458841323708342
30
2.5303698710550141e-15
11
200.81747171995215
21
-97.289946295277474
31
5.210720183316329e-15
0
LINE
5
1238
100
AcDbEntity
8
0
100
AcDbLine
10
200.8174717199521
20
-97.28994629527746
30
5.210720183316329e-15
11
200.25212391749815
21
-97.290089220559821
31
5.6323134577992899e-15
0
LINE
5
1239
100
AcDbEntity
8
0
100
AcDbLine
10
200.81788021592476
20
-98.905771688101552
30
1.505530246774542e-15
11
201.23616131069898
21
-98.905665942676677
31
1.1936081067489942e-15
0
SPLINE
5
1240
100
AcDbEntity
8
0
100
AcDbSpline
70
0
71
2
72
6
73
3
74
0
42
0.000000001
43
0.0000000001
44
0.0000000001
40
0
40
0
40
0
40
1
40
1
40
1
10
201.23616131069898
20
-98.905665942676677
30
1.1936081067489942e-15
10
201.64298266782328
20
-98.905563094382074
30
8.9023176507903119e-16
10
201.74421911629423
20
-98.93991671599548
30
7.3591011192793428e-16
0
SPLINE
5
1241
100
AcDbEntity
8
0
100
AcDbSpline
70
0
71
2
72
6
73
3
74
0
42
0.000000001
43
0.0000000001
44
0.0000000001
40
0
40
0
40
0
40
1
40
1
40
1
10
201.74421911629423
20
-98.93991671599548
30
7.3591011192793428e-16
10
201.84545556476513
20
-98.9742703376089
30
5.8158845877683787e-16
10
201.90277564768607
20
-99.058294077030808
30
3.4615438456743316e-16
0
SPLINE
5
1242
100
AcDbEntity
8
0
100
AcDbSpline
70
0
71
2
72
6
73
3
74
0
42
0.000000001
43
0.0000000001
44
0.0000000001
40
0
40
0
40
0
40
1
40
1
40
1
10
201.90277564768607
20
-99.058294077030808
30
3.4615438456743316e-16
10
201.96009573060704
20
-99.142317816452717
30
1.1072031035802797e-16
10
201.96012759907779
20
-99.268375079613406
30
-1.7833697576043194e-16
0
SPLINE
5
1243
100
AcDbEntity
8
0
100
AcDbSpline
70
0
71
2
72
6
73
3
74
0
42
0.000000001
43
0.0000000001
44
0.0000000001
40
0
40
0
40
0
40
1
40
1
40
1
10
201.96012759907779
20
-99.268375079613406
30
-1.7833697576043194e-16
10
201.96016333042664
20
-99.409712141985608
30
-5.0243180895684084e-16
10
201.88474191573889
20
-99.496634337058808
30
-6.4544624833785297e-16
0
SPLINE
5
1244
100
AcDbEntity
8
0
100
AcDbSpline
70
0
71
2
72
6
73
3
74
0
42
0.000000001
43
0.0000000001
44
0.0000000001
40
0
40
0
40
0
40
1
40
1
40
1
10
201.88474191573889
20
-99.496634337058808
30
-6.4544624833785297e-16
10
201.80932050105113
20
-99.583556532132022
30
-7.8846068771886608e-16
10
201.67180914548948
20
-99.60651077307061
30
-7.3846669328621521e-16
0
SPLINE
5
1245
100
AcDbEntity
8
0
100
AcDbSpline
70
0
71
2
72
6
73
3
74
0
42
0.000000001
43
0.0000000001
44
0.0000000001
40
0
40
0
40
0
40
1
40
1
40
1
10
201.67180914548948
20
-99.60651077307061
30
-7.3846669328621521e-16
10
201.60305313388403
20
-99.616078011733038
30
-7.0909032736479495e-16
10
201.25926040834005
20
-99.616164925792248
30
-4.5271593221129212e-16
0
LINE
5
1246
100
AcDbEntity
8
0
100
AcDbLine
10
201.25926040834005
20
-99.616164925792248
30
-4.5271593221129212e-16
11
200.81805983826601
21
-99.616276465477696
31
-1.2370219547457539e-16
0
LINE
5
1247
100
AcDbEntity
8
0
100
AcDbLine
10
200.81805983826601
20
-99.616276465477696
30
-1.2370219547457543e-16
11
200.81788021592476
21
-98.905771688101552
31
1.505530246774542e-15
0
LINE
5
1248
100
AcDbEntity
8
0
100
AcDbLine
10
203.33861772822416
20
-97.289308925673225
30
3.3306417670504413e-15
11
203.33932559474044
21
-100.08930884811647
31
-3.0899353454445085e-15
0
LINE
5
1249
100
AcDbEntity
8
0
100
AcDbLine
10
203.33932559474044
20
-100.08930884811647
30
-3.0899353454445073e-15
11
203.90467384422922
21
-100.08916592272109
31
-3.5115289532919452e-15
0
LINE
5
1250
100
AcDbEntity
8
0
100
AcDbLine
10
203.90467384422922
20
-100.08916592272109
30
-3.5115289532919456e-15
11
203.90396597771297
21
-97.289166000277859
31
2.9090481592030041e-15
0
LINE
5
1251
100
AcDbEntity
8
0
100
AcDbLine
10
203.90396597771297
20
-97.289166000277859
30
2.9090481592030041e-15
11
203.33861772822416
21
-97.289308925673225
31
3.3306417670504417e-15
0
LINE
5
1252
100
AcDbEntity
8
0
100
AcDbLine
10
205.35362480208423
20
-97.288799512788387
30
1.8280031670814248e-15
11
205.35421292039814
21
-99.615129682988609
31
-3.5064192117094802e-15
0
LINE
5
1253
100
AcDbEntity
8
0
100
AcDbLine
10
205.35421292039811
20
-99.615129682988609
30
-3.5064192117094798e-15
11
204.52338022714559
21
-99.615339725367406
31
-2.8868475530324456e-15
0
LINE
5
1254
100
AcDbEntity
8
0
100
AcDbLine
10
204.52338022714559
20
-99.615339725367406
30
-2.886847553032446e-15
11
204.52349997534799
21
-100.08900947761042
31
-3.9730022867364912e-15
0
LINE
5
1255
100
AcDbEntity
8
0
100
AcDbLine
10
204.52349997534799
20
-100.08900947761043
30
-3.9730022867364912e-15
11
206.74860209044493
21
-100.08844695070806
31
-5.632313745436399e-15
0
LINE
5
1256
100
AcDbEntity
8
0
100
AcDbLine
10
206.74860209044493
20
-100.08844695070805
30
-5.632313745436399e-15
11
206.74848234224254
21
-99.614777198465021
31
-4.5461590117323534e-15
0
LINE
5
1257
100
AcDbEntity
8
0
100
AcDbLine
10
206.74848234224254
20
-99.614777198465021
30
-4.5461590117323534e-15
11
205.91956057384044
21
-99.614986757743921
31
-3.9280123750709494e-15
0
LINE
5
1258
100
AcDbEntity
8
0
100
AcDbLine
10
205.91956057384044
20
-99.614986757743921
30
-3.9280123750709494e-15
11
205.91897245552656
21
-97.288656587543699
31
1.4064100037199556e-15
0
LINE
5
1259
100
AcDbEntity
8
0
100
AcDbLine
10
205.91897245552659
20
-97.288656587543699
30
1.4064100037199552e-15
11
205.35362480208423
21
-97.288799512788387
31
1.8280031670814244e-15
0
LINE
5
1260
100
AcDbEntity
8
0
100
AcDbLine
10
182.86665931252196
20
-100.06984528727401
30
-4.210592731029271e-17
11
183.98589529207834
21
-100.06934967268447
31
-6.5723401047896696e-16
0
SPLINE
5
1261
100
AcDbEntity
8
0
100
AcDbSpline
70
0
71
2
72
6
73
3
74
0
42
0.000000001
43
0.0000000001
44
0.0000000001
40
0
40
0
40
0
40
1
40
1
40
1
10
183.98589529207837
20
-100.06934967268447
30
-6.5723401047896696e-16
10
184.31822810899814
20
-100.0692025106957
30
-8.3988293562068958e-16
10
184.48151735698872
20
-100.04143579691096
30
-8.648229697419687e-16
0
SPLINE
5
1262
100
AcDbEntity
8
0
100
AcDbSpline
70
0
71
2
72
6
73
3
74
0
42
0.000000001
43
0.0000000001
44
0.0000000001
40
0
40
0
40
0
40
1
40
1
40
1
10
184.48151735698872
20
-100.04143579691096
30
-8.648229697419687e-16
10
184.64480660497935
20
-100.01366908312622
30
-8.8976300386324782e-16
10
184.7736898518724
20
-99.925753862596238
30
-7.5501429108144294e-16
0
SPLINE
5
1263
100
AcDbEntity
8
0
100
AcDbSpline
70
0
71
2
72
6
73
3
74
0
42
0.000000001
43
0.0000000001
44
0.0000000001
40
0
40
0
40
0
40
1
40
1
40
1
10
184.7736898518724
20
-99.925753862596238
30
-7.5501429108144294e-16
10
184.90257324777713
20
-99.837838642000264
30
-6.2026566019587753e-16
10
184.98845679746395
20
-99.691688751172478
30
-3.2557448710839166e-16
0
SPLINE
5
1264
100
AcDbEntity
8
0
100
AcDbSpline
70
0
71
2
72
6
73
3
74
0
42
0.000000001
43
0.0000000001
44
0.0000000001
40
0
40
0
40
0
40
1
40
1
40
1
10
184.98845679746395
20
-99.691688751172478
30
-3.2557448710839166e-16
10
185.07434019813923
20
-99.545538860410687
30
-3.0883232124665287e-17
10
185.07425985108554
20
-99.36409280276068
30
3.93733249259908e-16
0
SPLINE
5
1265
100
AcDbEntity
8
0
100
AcDbSpline
70
0
71
2
72
6
73
3
74
0
42
0.000000001
43
0.0000000001
44
0.0000000001
40
0
40
0
40
0
40
1
40
1
40
1
10
185.07425985108554
20
-99.36409280276068
30
3.93733249259908e-16
10
185.07417273790657
20
-99.167366946908956
30
8.541072126901491e-16
10
184.96809717567595
20
-99.003157508755834
30
1.2967555185531974e-15
0
SPLINE
5
1266
100
AcDbEntity
8
0
100
AcDbSpline
70
0
71
2
72
6
73
3
74
0
42
0.000000001
43
0.0000000001
44
0.0000000001
40
0
40
0
40
0
40
1
40
1
40
1
10
184.96809717567595
20
-99.003157508755834
30
1.2967555185531974e-15
10
184.86202176239092
20
-98.838947921525104
30
1.7394040912340036e-15
10
184.68053933713895
20
-98.756900079676171
30
2.0313209602542087e-15
0
SPLINE
5
1267
100
AcDbEntity
8
0
100
AcDbSpline
70
0
71
2
72
6
73
3
74
0
42
0.000000001
43
0.0000000001
44
0.0000000001
40
0
40
0
40
0
40
1
40
1
40
1
10
184.68053933713895
20
-98.756900079676171
30
2.0313209602542087e-15
10
184.9364407745243
20
-98.682298383742534
30
2.0649765185307187e-15
10
185.07387841392929
20
-98.502701313069394
30
2.4095446049017656e-15
0
SPLINE
5
1268
100
AcDbEntity
8
0
100
AcDbSpline
70
0
71
2
72
6
73
3
74
0
42
0.000000001
43
0.0000000001
44
0.0000000001
40
0
40
0
40
0
40
1
40
1
40
1
10
185.07387841392929
20
-98.502701313069394
30
2.4095446049017656e-15
10
185.21131575531109
20
-98.323104242528217
30
2.7541128550652916e-15
10
185.21120834402006
20
-98.080539588117745
30
3.3217578697765443e-15
0
SPLINE
5
1269
100
AcDbEntity
8
0
100
AcDbSpline
70
0
71
2
72
6
73
3
74
0
42
0.000000001
43
0.0000000001
44
0.0000000001
40
0
40
0
40
0
40
1
40
1
40
1
10
185.21120834402006
20
-98.080539588117745
30
3.3217578697765443e-15
10
185.21112376814631
20
-97.889543675218107
30
3.7687227338504101e-15
10
185.12223084575143
20
-97.70909181162024
30
4.2399159614375464e-15
0
SPLINE
5
1270
100
AcDbEntity
8
0
100
AcDbSpline
70
0
71
2
72
6
73
3
74
0
42
0.000000001
43
0.0000000001
44
0.0000000001
40
0
40
0
40
0
40
1
40
1
40
1
10
185.12223084575143
20
-97.70909181162024
30
4.2399159614375464e-15
10
185.03333792335656
20
-97.528639948022374
30
4.7111091890246826e-15
10
184.87953833272832
20
-97.420795322973333
30
5.0481458202120077e-15
0
SPLINE
5
1271
100
AcDbEntity
8
0
100
AcDbSpline
70
0
71
2
72
6
73
3
74
0
42
0.000000001
43
0.0000000001
44
0.0000000001
40
0
40
0
40
0
40
1
40
1
40
1
10
184.87953833272832
20
-97.420795322973333
30
5.0481458202120077e-15
10
184.72573889111175
20
-97.312950697858312
30
5.3851823695030942e-15
10
184.5003527727869
20
-97.28822129094911
30
5.567152548299197e-15
0
SPLINE
5
1272
100
AcDbEntity
8
0
100
AcDbSpline
70
0
71
2
72
6
73
3
74
0
42
0.000000001
43
0.0000000001
44
0.0000000001
40
0
40
0
40
0
40
1
40
1
40
1
10
184.5003527727869
20
-97.28822129094911
30
5.567152548299197e-15
10
184.35900910270738
20
-97.273004227873955
30
5.6805879375473508e-15
10
183.8184890014625
20
-97.269423516277158
30
5.9865945503982967e-15
0
LINE
5
1273
100
AcDbEntity
8
0
100
AcDbLine
10
183.8184890014625
20
-97.269423516277158
30
5.9865945503982967e-15
11
182.86541943036599
21
-97.269845549872329
31
6.5103981709961094e-15
0
LINE
5
1274
100
AcDbEntity
8
0
100
AcDbLine
10
182.86541943036599
20
-97.269845549872329
30
6.5103981709961094e-15
11
182.86665931252199
21
-100.06984528727401
31
-4.2105927310291723e-17
0
LINE
5
1275
100
AcDbEntity
8
0
100
AcDbLine
10
183.43180074979324
20
-99.603565046386819
30
7.3777490812539252e-16
11
183.43151403759973
21
-98.956088943380323
31
2.2529856996958795e-15
0
LINE
5
1276
100
AcDbEntity
8
0
100
AcDbLine
10
183.43151403759973
20
-98.956088943380323
30
2.2529856996958795e-15
11
183.80204612650641
21
-98.955924866177213
31
2.0493425915713646e-15
0
SPLINE
5
1277
100
AcDbEntity
8
0
100
AcDbSpline
70
0
71
2
72
6
73
3
74
0
42
0.000000001
43
0.0000000001
44
0.0000000001
40
0
40
0
40
0
40
1
40
1
40
1
10
183.80204612650641
20
-98.955924866177213
30
2.0493425915713646e-15
10
184.13246906178324
20
-98.955778549912878
30
1.86774333053585e-15
10
184.212691597797
20
-98.965292734273334
30
1.8013076023825561e-15
0
SPLINE
5
1278
100
AcDbEntity
8
0
100
AcDbSpline
70
0
71
2
72
6
73
3
74
0
42
0.000000001
43
0.0000000001
44
0.0000000001
40
0
40
0
40
0
40
1
40
1
40
1
10
184.212691597797
20
-98.965292734273334
30
1.8013076023825561e-15
10
184.35785602596445
20
-98.982418136488235
30
1.6813029870022907e-15
10
184.44097602069155
20
-99.06546455022098
30
1.4412110816904078e-15
0
SPLINE
5
1279
100
AcDbEntity
8
0
100
AcDbSpline
70
0
71
2
72
6
73
3
74
0
42
0.000000001
43
0.0000000001
44
0.0000000001
40
0
40
0
40
0
40
1
40
1
40
1
10
184.44097602069155
20
-99.06546455022098
30
1.4412110816904078e-15
10
184.52409601541865
20
-99.14851096395374
30
1.2011191763785256e-15
10
184.52415606429429
20
-99.284118074033415
30
8.8377409498896069e-16
0
SPLINE
5
1280
100
AcDbEntity
8
0
100
AcDbSpline
70
0
71
2
72
6
73
3
74
0
42
0.000000001
43
0.0000000001
44
0.0000000001
40
0
40
0
40
0
40
1
40
1
40
1
10
184.52415606429429
20
-99.284118074033415
30
8.8377409498896069e-16
10
184.52421357586471
20
-99.41399524116099
30
5.7983811295577091e-16
10
184.45262605330009
20
-99.49520027970064
30
4.2924190719824384e-16
0
SPLINE
5
1281
100
AcDbEntity
8
0
100
AcDbSpline
70
0
71
2
72
6
73
3
74
0
42
0.000000001
43
0.0000000001
44
0.0000000001
40
0
40
0
40
0
40
1
40
1
40
1
10
184.45262605330009
20
-99.49520027970064
30
4.2924190719824384e-16
10
184.38103853066946
20
-99.576405169228707
30
2.7864605015471443e-16
10
184.23970923849905
20
-99.593657435188334
30
3.1609735671606995e-16
0
SPLINE
5
1282
100
AcDbEntity
8
0
100
AcDbSpline
70
0
71
2
72
6
73
3
74
0
42
0.000000001
43
0.0000000001
44
0.0000000001
40
0
40
0
40
0
40
1
40
1
40
1
10
184.23970923849905
20
-99.593657435188334
30
3.1609735671606995e-16
10
184.15567524776191
20
-99.603244503830354
30
3.3993607831343178e-16
10
183.75649374211798
20
-99.603421267427734
30
5.5932480320098033e-16
0
LINE
5
1283
100
AcDbEntity
8
0
100
AcDbLine
10
183.75649374211798
20
-99.603421267427734
30
5.5932480320098033e-16
11
183.43180074979324
21
-99.603565046386819
31
7.3777490812539262e-16
0
LINE
5
1284
100
AcDbEntity
8
0
100
AcDbLine
10
183.43130767245987
20
-98.490058898023847
30
3.3435800098817929e-15
11
183.43097613515621
21
-97.74135519363864
31
5.0956816354175919e-15
0
LINE
5
1285
100
AcDbEntity
8
0
100
AcDbLine
10
183.43097613515621
20
-97.74135519363864
30
5.0956816354175911e-15
11
183.95430486497563
21
-97.741123455776062
31
4.8080620410506285e-15
0
SPLINE
5
1286
100
AcDbEntity
8
0
100
AcDbSpline
70
0
71
2
72
6
73
3
74
0
42
0.000000001
43
0.0000000001
44
0.0000000001
40
0
40
0
40
0
40
1
40
1
40
1
10
183.95430486497563
20
-97.741123455776048
30
4.8080620410506277e-15
10
184.25989844482433
20
-97.740988134325164
30
4.640108904773252e-15
10
184.34203424544478
20
-97.758141148544667
30
4.5547452945619141e-15
0
SPLINE
5
1287
100
AcDbEntity
8
0
100
AcDbSpline
70
0
71
2
72
6
73
3
74
0
42
0.000000001
43
0.0000000001
44
0.0000000001
40
0
40
0
40
0
40
1
40
1
40
1
10
184.34203424544478
20
-97.758141148544667
30
4.5547452945619141e-15
10
184.46810164949579
20
-97.781005100297421
30
4.4318282816545517e-15
10
184.54740426916462
20
-97.869782999485508
30
4.1804270358089466e-15
0
SPLINE
5
1288
100
AcDbEntity
8
0
100
AcDbSpline
70
0
71
2
72
6
73
3
74
0
42
0.000000001
43
0.0000000001
44
0.0000000001
40
0
40
0
40
0
40
1
40
1
40
1
10
184.54740426916462
20
-97.869782999485508
30
4.1804270358089466e-15
10
184.62670688883347
20
-97.958560898673596
30
3.9290257899633423e-15
10
184.62677285797807
20
-98.107537627288806
30
3.5803933912655656e-15
0
SPLINE
5
1289
100
AcDbEntity
8
0
100
AcDbSpline
70
0
71
2
72
6
73
3
74
0
42
0.000000001
43
0.0000000001
44
0.0000000001
40
0
40
0
40
0
40
1
40
1
40
1
10
184.62677285797807
20
-98.107537627288806
30
3.5803933912655656e-15
10
184.62682867816557
20
-98.233595180142061
30
3.2853959951372973e-15
10
184.56574898618032
20
-98.32148007821101
30
3.1133833889326786e-15
0
SPLINE
5
1290
100
AcDbEntity
8
0
100
AcDbSpline
70
0
71
2
72
6
73
3
74
0
42
0.000000001
43
0.0000000001
44
0.0000000001
40
0
40
0
40
0
40
1
40
1
40
1
10
184.56574898618032
20
-98.32148007821101
30
3.1133833889326786e-15
10
184.50466914531549
20
-98.409365274369122
30
2.941370167196303e-15
10
184.3891343729895
20
-98.449525596405294
30
2.9110147760007922e-15
0
SPLINE
5
1291
100
AcDbEntity
8
0
100
AcDbSpline
70
0
71
2
72
6
73
3
74
0
42
0.000000001
43
0.0000000001
44
0.0000000001
40
0
40
0
40
0
40
1
40
1
40
1
10
184.3891343729895
20
-98.449525596405294
30
2.9110147760007922e-15
10
184.27359960066354
20
-98.489685918441424
30
2.8806593848052798e-15
10
183.88778786256677
20
-98.489856761703891
30
3.0927001333644152e-15
0
LINE
5
1292
100
AcDbEntity
8
0
100
AcDbLine
10
183.88778786256677
20
-98.489856761703891
30
3.0927001333644152e-15
11
183.43130767245987
21
-98.490058898023847
31
3.3435800098817921e-15
0
LINE
5
1293
100
AcDbEntity
8
0
100
AcDbLine
10
185.78765639854146
20
-97.268551539224021
30
4.904347206202339e-15
11
185.78889628069746
21
-100.0685512766257
31
-1.6481568921040621e-15
0
LINE
5
1294
100
AcDbEntity
8
0
100
AcDbLine
10
185.78889628069746
20
-100.06855127662568
30
-1.6481568921040629e-15
11
186.33896454561119
21
-100.06830769809326
31
-1.9504724391278518e-15
0
LINE
5
1295
100
AcDbEntity
8
0
100
AcDbLine
10
186.33896454561119
20
-100.06830769809326
30
-1.9504724391278518e-15
11
187.48411142929587
21
-98.197950565771066
31
1.7954891670637e-15
0
LINE
5
1296
100
AcDbEntity
8
0
100
AcDbLine
10
187.48411142929587
20
-98.197950565771066
30
1.7954891670637008e-15
11
187.48493942696257
21
-100.06780024311432
31
-2.5802961268943324e-15
0
LINE
5
1297
100
AcDbEntity
8
0
100
AcDbLine
10
187.48493942696257
20
-100.06780024311432
30
-2.5802961268943335e-15
11
188.01017848545973
21
-100.06756765932936
31
-2.8689656310562234e-15
0
LINE
5
1298
100
AcDbEntity
8
0
100
AcDbLine
10
188.01017848545973
20
-100.06756765932936
30
-2.8689656310562234e-15
11
188.00893860330376
21
-97.267567921927679
31
3.6835384672501778e-15
0
LINE
5
1299
100
AcDbEntity
8
0
100
AcDbLine
10
188.00893860330376
20
-97.267567921927679
30
3.6835384672501786e-15
11
187.44168065854538
21
-97.267819112309866
31
3.9953014007110364e-15
0
LINE
5
1300
100
AcDbEntity
8
0
100
AcDbLine
10
187.44168065854538
20
-97.267819112309866
30
3.9953014007110364e-15
11
186.31370370429454
21
-99.094239715998498
31
3.4269415584644706e-16
0
LINE
5
1301
100
AcDbEntity
8
0
100
AcDbLine
10
186.31370370429454
20
-99.094239715998498
30
3.4269415584644656e-16
11
186.31289515901545
21
-97.268318955571033
31
4.6156778658329287e-15
0
LINE
5
1302
100
AcDbEntity
8
0
100
AcDbLine
10
186.31289515901545
20
-97.268318955571033
30
4.6156778658329287e-15
11
185.78765639854146
21
-97.268551539224021
31
4.904347206202339e-15
0
LINE
5
1303
100
AcDbEntity
8
0
100
AcDbLine
10
188.69967362373905
20
-100.06726234047241
30
-3.247909687994047e-15
11
189.73296116681917
21
-100.06680478514816
31
-3.8158008185033195e-15
0
SPLINE
5
1304
100
AcDbEntity
8
0
100
AcDbSpline
70
0
71
2
72
6
73
3
74
0
42
0.000000001
43
0.0000000001
44
0.0000000001
40
0
40
0
40
0
40
1
40
1
40
1
10
189.73296116681917
20
-100.06680478514815
30
-3.8158008185033195e-15
10
190.08248396160681
20
-100.06665001117766
30
-4.0078972938745905e-15
10
190.2658160706805
20
-100.01309004630009
30
-3.9835190124291968e-15
0
SPLINE
5
1305
100
AcDbEntity
8
0
100
AcDbSpline
70
0
71
2
72
6
73
3
74
0
42
0.000000001
43
0.0000000001
44
0.0000000001
40
0
40
0
40
0
40
1
40
1
40
1
10
190.2658160706805
20
-100.01309004630009
30
-3.9835190124291968e-15
10
190.51216864755222
20
-99.940402460763508
30
-3.9490844371386286e-15
10
190.68780287269328
20
-99.755058681001501
30
-3.6121017012117568e-15
0
SPLINE
5
1306
100
AcDbEntity
8
0
100
AcDbSpline
70
0
71
2
72
6
73
3
74
0
42
0.000000001
43
0.0000000001
44
0.0000000001
40
0
40
0
40
0
40
1
40
1
40
1
10
190.68780287269328
20
-99.755058681001501
30
-3.6121017012117568e-15
10
190.86343709776827
20
-99.569714752227895
30
-3.2751186165708876e-15
10
190.9549961638433
20
-99.301324981694307
30
-2.6975190204346697e-15
0
SPLINE
5
1307
100
AcDbEntity
8
0
100
AcDbSpline
70
0
71
2
72
6
73
3
74
0
42
0.000000001
43
0.0000000001
44
0.0000000001
40
0
40
0
40
0
40
1
40
1
40
1
10
190.9549961638433
20
-99.301324981694307
30
-2.6975190204346697e-15
10
191.04655522991834
20
-99.032935211160748
30
-2.1199194242984514e-15
10
191.04638100362635
20
-98.639483648468911
30
-1.1991718461519671e-15
0
SPLINE
5
1308
100
AcDbEntity
8
0
100
AcDbSpline
70
0
71
2
72
6
73
3
74
0
42
0.000000001
43
0.0000000001
44
0.0000000001
40
0
40
0
40
0
40
1
40
1
40
1
10
191.04638100362635
20
-98.639483648468911
30
-1.1991718461519671e-15
10
191.04622792123681
20
-98.293780914990364
30
-3.9016513530995082e-16
10
190.96016962176233
20
-98.043614494837726
30
2.4259488687503892e-16
0
SPLINE
5
1309
100
AcDbEntity
8
0
100
AcDbSpline
70
0
71
2
72
6
73
3
74
0
42
0.000000001
43
0.0000000001
44
0.0000000001
40
0
40
0
40
0
40
1
40
1
40
1
10
190.96016962176233
20
-98.043614494837726
30
2.4259488687503892e-16
10
190.8549858926977
20
-97.738067730033166
30
1.0154724793537642e-15
10
190.66008678432001
20
-97.549067816955599
30
1.5650380584773447e-15
0
SPLINE
5
1310
100
AcDbEntity
8
0
100
AcDbSpline
70
0
71
2
72
6
73
3
74
0
42
0.000000001
43
0.0000000001
44
0.0000000001
40
0
40
0
40
0
40
1
40
1
40
1
10
190.66008678432001
20
-97.549067816955599
30
1.5650380584773447e-15
10
190.51295665445406
20
-97.405886005635097
30
1.9810890366640892e-15
10
190.26271635567977
20
-97.325778790851345
30
2.3063252866951128e-15
0
SPLINE
5
1311
100
AcDbEntity
8
0
100
AcDbSpline
70
0
71
2
72
6
73
3
74
0
42
0.000000001
43
0.0000000001
44
0.0000000001
40
0
40
0
40
0
40
1
40
1
40
1
10
190.26271635567977
20
-97.325778790851345
30
2.3063252866951128e-15
10
190.07551428551037
20
-97.266652811015248
30
2.5477558786466746e-15
10
189.76228117908983
20
-97.266791515363849
30
2.7199076713488812e-15
0
LINE
5
1312
100
AcDbEntity
8
0
100
AcDbLine
10
189.76228117908983
20
-97.266791515363849
30
2.7199076713488812e-15
11
188.6984337415831
21
-97.267262603070733
31
3.3045944103123553e-15
0
LINE
5
1313
100
AcDbEntity
8
0
100
AcDbLine
10
188.69843374158307
20
-97.267262603070733
30
3.3045944103123553e-15
11
188.69967362373905
21
-100.06726234047241
31
-3.2479096879940462e-15
0
LINE
5
1314
100
AcDbEntity
8
0
100
AcDbLine
10
189.26481149171616
20
-99.593342275072644
30
-2.4501501835222274e-15
11
189.26399026010881
21
-97.73877224691951
31
1.889877977104136e-15
0
LINE
5
1315
100
AcDbEntity
8
0
100
AcDbLine
10
189.26399026010881
20
-97.73877224691951
30
1.889877977104136e-15
11
189.68609123953792
21
-97.738585334233093
31
1.6578927915646562e-15
0
SPLINE
5
1316
100
AcDbEntity
8
0
100
AcDbSpline
70
0
71
2
72
6
73
3
74
0
42
0.000000001
43
0.0000000001
44
0.0000000001
40
0
40
0
40
0
40
1
40
1
40
1
10
189.68609123953794
20
-97.738585334233093
30
1.6578927915646562e-15
10
189.92292610000788
20
-97.738480460181236
30
1.5277292010355533e-15
10
190.0279857522452
20
-97.765173180495353
30
1.4074206655867522e-15
0
SPLINE
5
1317
100
AcDbEntity
8
0
100
AcDbSpline
70
0
71
2
72
6
73
3
74
0
42
0.000000001
43
0.0000000001
44
0.0000000001
40
0
40
0
40
0
40
1
40
1
40
1
10
190.0279857522452
20
-97.765173180495353
30
1.4074206655867522e-15
10
190.16551841470215
20
-97.799491645386638
30
1.2513876753799502e-15
10
190.25627781106309
20
-97.881579511750857
30
1.0093322065764839e-15
0
SPLINE
5
1318
100
AcDbEntity
8
0
100
AcDbSpline
70
0
71
2
72
6
73
3
74
0
42
0.000000001
43
0.0000000001
44
0.0000000001
40
0
40
0
40
0
40
1
40
1
40
1
10
190.25627781106309
20
-97.881579511750857
30
1.0093322065764839e-15
10
190.34703720755604
20
-97.963667676138243
30
7.6727604034502196e-16
10
190.40441905026148
20
-98.151773319411063
30
2.9552448185875666e-16
0
SPLINE
5
1319
100
AcDbEntity
8
0
100
AcDbSpline
70
0
71
2
72
6
73
3
74
0
42
0.000000001
43
0.0000000001
44
0.0000000001
40
0
40
0
40
0
40
1
40
1
40
1
10
190.40441905026148
20
-98.151773319411063
30
2.9552448185875666e-16
10
190.46180089296695
20
-98.339878962683883
30
-1.7622707662751012e-16
10
190.46194467192592
20
-98.664571955008597
30
-9.3606720606748338e-16
0
SPLINE
5
1320
100
AcDbEntity
8
0
100
AcDbSpline
70
0
71
2
72
6
73
3
74
0
42
0.000000001
43
0.0000000001
44
0.0000000001
40
0
40
0
40
0
40
1
40
1
40
1
10
190.46194467192592
20
-98.664571955008597
30
-9.3606720606748338e-16
10
190.46208845088486
20
-98.989264947333339
30
-1.6959073355074559e-15
10
190.40486687945753
20
-99.163096553044866
30
-2.0711541804926067e-15
0
SPLINE
5
1321
100
AcDbEntity
8
0
100
AcDbSpline
70
0
71
2
72
6
73
3
74
0
42
0.000000001
43
0.0000000001
44
0.0000000001
40
0
40
0
40
0
40
1
40
1
40
1
10
190.40486687945753
20
-99.163096553044866
30
-2.0711541804926067e-15
10
190.34764530803017
20
-99.336928158756379
30
-2.4464010254777573e-15
10
190.24455036268938
20
-99.434381816959316
30
-2.617668954915737e-15
0
SPLINE
5
1322
100
AcDbEntity
8
0
100
AcDbSpline
70
0
71
2
72
6
73
3
74
0
42
0.000000001
43
0.0000000001
44
0.0000000001
40
0
40
0
40
0
40
1
40
1
40
1
10
190.24455036268938
20
-99.434381816959316
30
-2.617668954915737e-15
10
190.14145601332902
20
-99.531835325886703
30
-2.7889368632246797e-15
10
189.98294435507449
20
-99.566284734661139
30
-2.7822646070749057e-15
0
SPLINE
5
1323
100
AcDbEntity
8
0
100
AcDbSpline
70
0
71
2
72
6
73
3
74
0
42
0.000000001
43
0.0000000001
44
0.0000000001
40
0
40
0
40
0
40
1
40
1
40
1
10
189.98294435507449
20
-99.566284734661139
30
-2.7822646070749057e-15
10
189.86453906353256
20
-99.593076706649398
30
-2.7797583076472542e-15
10
189.518836330054
20
-99.593229789039071
30
-2.5897613242808782e-15
0
LINE
5
1324
100
AcDbEntity
8
0
100
AcDbLine
10
189.518836330054
20
-99.593229789039071
30
-2.5897613242808782e-15
11
189.26481149171619
21
-99.593342275072672
31
-2.4501501835222274e-15
0
LINE
5
1325
100
AcDbEntity
8
0
100
AcDbLine
10
193.41048168972807
20
-97.668177385051081
30
-2.2812778849197546e-16
11
193.41080392379911
21
-98.395871795317277
31
-1.9310638787677255e-15
0
LINE
5
1326
100
AcDbEntity
8
0
100
AcDbLine
10
193.41080392379916
20
-98.395871795317277
30
-1.9310638787677255e-15
11
192.67737957058085
21
-98.396196566693845
31
-1.5279764827360065e-15
0
LINE
5
1327
100
AcDbEntity
8
0
100
AcDbLine
10
192.67737957058085
20
-98.396196566693831
30
-1.5279764827360075e-15
11
192.67760200507865
21
-98.898515704371036
31
-2.703493810227637e-15
0
LINE
5
1328
100
AcDbEntity
8
0
100
AcDbLine
10
192.67760200507865
20
-98.89851570437105
30
-2.7034938102276374e-15
11
193.41102635829697
21
-98.898190932994495
31
-3.1065812062593563e-15
0
LINE
5
1329
100
AcDbEntity
8
0
100
AcDbLine
10
193.41102635829691
20
-98.898190932994495
30
-3.1065812062593556e-15
11
193.41134859243394
21
-99.625885492272289
31
-4.8095176452491031e-15
0
LINE
5
1330
100
AcDbEntity
8
0
100
AcDbLine
10
193.41134859243397
20
-99.625885492272289
30
-4.8095176452491023e-15
11
193.90029855861042
21
-99.625668977845294
31
-5.0782427943268876e-15
0
LINE
5
1331
100
AcDbEntity
8
0
100
AcDbLine
10
193.90029855861042
20
-99.62566897784528
30
-5.0782427943268876e-15
11
193.89997632447341
21
-98.897974418567486
31
-3.3753063553371397e-15
0
LINE
5
1332
100
AcDbEntity
8
0
100
AcDbLine
10
193.89997632447341
20
-98.897974418567486
30
-3.3753063553371409e-15
11
194.63531041032303
21
-98.897648801532483
31
-3.7794433335788276e-15
0
LINE
5
1333
100
AcDbEntity
8
0
100
AcDbLine
10
194.63531041032303
20
-98.897648801532483
30
-3.7794433335788276e-15
11
194.63508797582523
21
-98.395329663855264
31
-2.6039260060871983e-15
0
LINE
5
1334
100
AcDbEntity
8
0
100
AcDbLine
10
194.63508797582523
20
-98.395329663855264
30
-2.6039260060871979e-15
11
193.89975388997559
21
-98.395655280890267
31
-2.1997890278455112e-15
0
LINE
5
1335
100
AcDbEntity
8
0
100
AcDbLine
10
193.89975388997559
20
-98.395655280890267
30
-2.1997890278455108e-15
11
193.89943165590455
21
-97.667960870624057
31
-4.9685293756976079e-16
0
LINE
5
1336
100
AcDbEntity
8
0
100
AcDbLine
10
193.89943165590455
20
-97.667960870624086
30
-4.9685293756976079e-16
11
193.4104816897281
21
-97.668177385051081
31
-2.2812778849197536e-16
0
LINE
5
1337
100
AcDbEntity
8
0
100
AcDbLine
10
182.82239488287942
20
-88.015548951277367
30
-1.2814800375360533e-16
11
183.9416308624358
21
-88.015053336686563
31
-7.2610101000531901e-16
0
SPLINE
5
1338
100
AcDbEntity
8
0
100
AcDbSpline
70
0
71
2
72
6
73
3
74
0
42
0.000000001
43
0.0000000001
44
0.0000000001
40
0
40
0
40
0
40
1
40
1
40
1
10
183.9416308624358
20
-88.015053336686563
30
-7.2610101000531892e-16
10
184.2739636793556
20
-88.014906174697416
30
-9.0365016905938432e-16
10
184.43725292734615
20
-87.987139460912516
30
-9.2393808272780857e-16
0
SPLINE
5
1339
100
AcDbEntity
8
0
100
AcDbSpline
70
0
71
2
72
6
73
3
74
0
42
0.000000001
43
0.0000000001
44
0.0000000001
40
0
40
0
40
0
40
1
40
1
40
1
10
184.43725292734615
20
-87.987139460912516
30
-9.2393808272780857e-16
10
184.6005421753367
20
-87.959372747127588
30
-9.4422599639623301e-16
10
184.7294254222297
20
-87.871457526597453
30
-8.0069028926960596e-16
0
SPLINE
5
1340
100
AcDbEntity
8
0
100
AcDbSpline
70
0
71
2
72
6
73
3
74
0
42
0.000000001
43
0.0000000001
44
0.0000000001
40
0
40
0
40
0
40
1
40
1
40
1
10
184.7294254222297
20
-87.871457526597453
30
-8.0069028926960596e-16
10
184.85830881813428
20
-87.783542306001323
30
-6.5715466175258248e-16
10
184.94419221880935
20
-87.637392415239447
30
-3.4982144652907771e-16
0
SPLINE
5
1341
100
AcDbEntity
8
0
100
AcDbSpline
70
0
71
2
72
6
73
3
74
0
42
0.000000001
43
0.0000000001
44
0.0000000001
40
0
40
0
40
0
40
1
40
1
40
1
10
184.94419221880935
20
-87.637392415239447
30
-3.4982144652907771e-16
10
185.03007576849603
20
-87.491242524411575
30
-4.2488310915176799e-17
10
185.02999542144215
20
-87.309796466761554
30
3.9618948104926431e-16
0
SPLINE
5
1342
100
AcDbEntity
8
0
100
AcDbSpline
70
0
71
2
72
6
73
3
74
0
42
0.000000001
43
0.0000000001
44
0.0000000001
40
0
40
0
40
0
40
1
40
1
40
1
10
185.02999542144215
20
-87.309796466761554
30
3.9618948104926431e-16
10
185.02990830826292
20
-87.113070610909844
30
8.7180887551310231e-16
10
184.9238327460321
20
-86.948861172756835
30
1.3255597123214337e-15
0
SPLINE
5
1343
100
AcDbEntity
8
0
100
AcDbSpline
70
0
71
2
72
6
73
3
74
0
42
0.000000001
43
0.0000000001
44
0.0000000001
40
0
40
0
40
0
40
1
40
1
40
1
10
184.9238327460321
20
-86.948861172756835
30
1.3255597123214337e-15
10
184.81775733274688
20
-86.784651585526234
30
1.779310829781934e-15
10
184.63627490749479
20
-86.7026037436775
30
2.0748079352130696e-15
0
SPLINE
5
1344
100
AcDbEntity
8
0
100
AcDbSpline
70
0
71
2
72
6
73
3
74
0
42
0.000000001
43
0.0000000001
44
0.0000000001
40
0
40
0
40
0
40
1
40
1
40
1
10
184.63627490749479
20
-86.7026037436775
30
2.0748079352130696e-15
10
184.89217634488006
20
-86.628002047743564
30
2.1181634355378527e-15
10
185.02961398428482
20
-86.448404977070254
30
2.4787550744203724e-15
0
SPLINE
5
1345
100
AcDbEntity
8
0
100
AcDbSpline
70
0
71
2
72
6
73
3
74
0
42
0.000000001
43
0.0000000001
44
0.0000000001
40
0
40
0
40
0
40
1
40
1
40
1
10
185.02961398428482
20
-86.448404977070254
30
2.4787550744203724e-15
10
185.16705132566642
20
-86.26880790652892
30
2.8393468725220992e-15
10
185.16694391437508
20
-86.026243252118462
30
3.4257896334370355e-15
0
SPLINE
5
1346
100
AcDbEntity
8
0
100
AcDbSpline
70
0
71
2
72
6
73
3
74
0
42
0.000000001
43
0.0000000001
44
0.0000000001
40
0
40
0
40
0
40
1
40
1
40
1
10
185.16694391437508
20
-86.026243252118462
30
3.4257896334370355e-15
10
185.16685933850113
20
-85.835247339218839
30
3.887555881930877e-15
10
185.07796641610599
20
-85.654795475621057
30
4.3713735546902577e-15
0
SPLINE
5
1347
100
AcDbEntity
8
0
100
AcDbSpline
70
0
71
2
72
6
73
3
74
0
42
0.000000001
43
0.0000000001
44
0.0000000001
40
0
40
0
40
0
40
1
40
1
40
1
10
185.07796641610599
20
-85.654795475621057
30
4.3713735546902577e-15
10
184.98907349371092
20
-85.47434361202329
30
4.8551912274496368e-15
10
184.83527390308257
20
-85.36649898697442
30
5.1982312657081902e-15
0
SPLINE
5
1348
100
AcDbEntity
8
0
100
AcDbSpline
70
0
71
2
72
6
73
3
74
0
42
0.000000001
43
0.0000000001
44
0.0000000001
40
0
40
0
40
0
40
1
40
1
40
1
10
184.83527390308257
20
-85.36649898697442
30
5.1982312657081902e-15
10
184.68147446146583
20
-85.258654361859584
30
5.5412712243571399e-15
10
184.45608834314098
20
-85.233924954950652
30
5.72170710082316e-15
0
SPLINE
5
1349
100
AcDbEntity
8
0
100
AcDbSpline
70
0
71
2
72
6
73
3
74
0
42
0.000000001
43
0.0000000001
44
0.0000000001
40
0
40
0
40
0
40
1
40
1
40
1
10
184.45608834314098
20
-85.233924954950652
30
5.72170710082316e-15
10
184.31474467306143
20
-85.218707891875653
30
5.8341577335707826e-15
10
183.77422457181652
20
-85.215127180279467
30
6.132165936634132e-15
0
LINE
5
1350
100
AcDbEntity
8
0
100
AcDbLine
10
183.77422457181652
20
-85.215127180279467
30
6.132165936634132e-15
11
182.82115500072001
21
-85.21554921387569
31
6.6413443633588135e-15
0
LINE
5
1351
100
AcDbEntity
8
0
100
AcDbLine
10
182.82115500072001
20
-85.21554921387569
30
6.6413443633588135e-15
11
182.82239488287942
21
-88.015548951277367
31
-1.2814800375360557e-16
0
LINE
5
1352
100
AcDbEntity
8
0
100
AcDbLine
10
183.38753632015013
20
-87.549268710389555
30
6.9652366398900874e-16
11
183.38724960795585
21
-86.901792607383058
31
2.2619111455098387e-15
0
LINE
5
1353
100
AcDbEntity
8
0
100
AcDbLine
10
183.38724960795582
20
-86.901792607383058
30
2.2619111455098391e-15
11
183.75778169686248
21
-86.901628530179522
31
2.0639539849811983e-15
0
SPLINE
5
1354
100
AcDbEntity
8
0
100
AcDbSpline
70
0
71
2
72
6
73
3
74
0
42
0.000000001
43
0.0000000001
44
0.0000000001
40
0
40
0
40
0
40
1
40
1
40
1
10
183.75778169686248
20
-86.901628530179522
30
2.0639539849811983e-15
10
184.08820463213931
20
-86.901482213914818
30
1.8874251822155798e-15
10
184.16842716815313
20
-86.910996398275188
30
1.821480370421907e-15
0
SPLINE
5
1355
100
AcDbEntity
8
0
100
AcDbSpline
70
0
71
2
72
6
73
3
74
0
42
0.000000001
43
0.0000000001
44
0.0000000001
40
0
40
0
40
0
40
1
40
1
40
1
10
184.16842716815313
20
-86.910996398275188
30
1.821480370421907e-15
10
184.31359159632058
20
-86.928121800489905
30
1.7023711100771972e-15
10
184.39671159104779
20
-87.011168214222579
30
1.4571155454502726e-15
0
SPLINE
5
1356
100
AcDbEntity
8
0
100
AcDbSpline
70
0
71
2
72
6
73
3
74
0
42
0.000000001
43
0.0000000001
44
0.0000000001
40
0
40
0
40
0
40
1
40
1
40
1
10
184.39671159104779
20
-87.011168214222579
30
1.4571155454502726e-15
10
184.479831585775
20
-87.094214627955239
30
1.2118599808233469e-15
10
184.47989163465081
20
-87.2298217380349
30
8.8400591557177712e-16
0
SPLINE
5
1357
100
AcDbEntity
8
0
100
AcDbSpline
70
0
71
2
72
6
73
3
74
0
42
0.000000001
43
0.0000000001
44
0.0000000001
40
0
40
0
40
0
40
1
40
1
40
1
10
184.47989163465081
20
-87.2298217380349
30
8.8400591557177712e-16
10
184.47994914622137
20
-87.359698905162475
30
5.700049962902028e-16
10
184.40836162365684
20
-87.44090394370221
30
4.1201910977963521e-16
0
SPLINE
5
1358
100
AcDbEntity
8
0
100
AcDbSpline
70
0
71
2
72
6
73
3
74
0
42
0.000000001
43
0.0000000001
44
0.0000000001
40
0
40
0
40
0
40
1
40
1
40
1
10
184.40836162365684
20
-87.44090394370221
30
4.1201910977963521e-16
10
184.33677410102632
20
-87.522108833230362
30
2.5403358353084084e-16
10
184.19544480885594
20
-87.53936109919016
30
2.8798389639262673e-16
0
SPLINE
5
1359
100
AcDbEntity
8
0
100
AcDbSpline
70
0
71
2
72
6
73
3
74
0
42
0.000000001
43
0.0000000001
44
0.0000000001
40
0
40
0
40
0
40
1
40
1
40
1
10
184.19544480885594
20
-87.53936109919016
30
2.8798389639262673e-16
10
184.1114108181188
20
-87.548948167832265
30
3.0979294757576626e-16
10
183.71222931247488
20
-87.5491249314301
30
5.2305608930793763e-16
0
LINE
5
1360
100
AcDbEntity
8
0
100
AcDbLine
10
183.71222931247488
20
-87.5491249314301
30
5.2305608930793763e-16
11
183.38753632015013
21
-87.549268710389555
31
6.9652366398900864e-16
0
LINE
5
1361
100
AcDbEntity
8
0
100
AcDbLine
10
183.38704324281539
20
-86.435762562026568
30
3.3886208350662265e-15
11
183.38671170551083
21
-85.687058857641347
31
5.1987438662804268e-15
0
LINE
5
1362
100
AcDbEntity
8
0
100
AcDbLine
10
183.38671170551083
20
-85.687058857641347
30
5.1987438662804268e-15
11
183.91004043533027
21
-85.686827119778172
31
4.9191549386822948e-15
0
SPLINE
5
1363
100
AcDbEntity
8
0
100
AcDbSpline
70
0
71
2
72
6
73
3
74
0
42
0.000000001
43
0.0000000001
44
0.0000000001
40
0
40
0
40
0
40
1
40
1
40
1
10
183.91004043533027
20
-85.686827119778172
30
4.9191549386822956e-15
10
184.21563401517892
20
-85.686691798326962
30
4.7558912453241073e-15
10
184.29776981579943
20
-85.70384481254635
30
4.6704558163849492e-15
0
SPLINE
5
1364
100
AcDbEntity
8
0
100
AcDbSpline
70
0
71
2
72
6
73
3
74
0
42
0.000000001
43
0.0000000001
44
0.0000000001
40
0
40
0
40
0
40
1
40
1
40
1
10
184.29776981579943
20
-85.70384481254635
30
4.6704558163849492e-15
10
184.42383721985044
20
-85.726708764298976
30
4.5476970107409572e-15
10
184.50313983951941
20
-85.815486663486979
30
4.2906294525923075e-15
0
SPLINE
5
1365
100
AcDbEntity
8
0
100
AcDbSpline
70
0
71
2
72
6
73
3
74
0
42
0.000000001
43
0.0000000001
44
0.0000000001
40
0
40
0
40
0
40
1
40
1
40
1
10
184.50313983951941
20
-85.815486663486979
30
4.2906294525923075e-15
10
184.58244245918834
20
-85.904264562674967
30
4.0335618944436571e-15
10
184.58250842833311
20
-86.053241291290192
30
3.6733844223650521e-15
0
SPLINE
5
1366
100
AcDbEntity
8
0
100
AcDbSpline
70
0
71
2
72
6
73
3
74
0
42
0.000000001
43
0.0000000001
44
0.0000000001
40
0
40
0
40
0
40
1
40
1
40
1
10
184.58250842833311
20
-86.053241291290192
30
3.6733844223650521e-15
10
184.58256424852078
20
-86.179298844143432
30
3.3686180931193369e-15
10
184.52148455653568
20
-86.267183742212467
30
3.1888589854987298e-15
0
SPLINE
5
1367
100
AcDbEntity
8
0
100
AcDbSpline
70
0
71
2
72
6
73
3
74
0
42
0.000000001
43
0.0000000001
44
0.0000000001
40
0
40
0
40
0
40
1
40
1
40
1
10
184.52148455653568
20
-86.267183742212467
30
3.1888589854987298e-15
10
184.4604047156709
20
-86.355068938370664
30
3.0090992369641781e-15
10
184.34486994334497
20
-86.39522926040695
30
2.9738623591130736e-15
0
SPLINE
5
1368
100
AcDbEntity
8
0
100
AcDbSpline
70
0
71
2
72
6
73
3
74
0
42
0.000000001
43
0.0000000001
44
0.0000000001
40
0
40
0
40
0
40
1
40
1
40
1
10
184.34486994334497
20
-86.39522926040695
30
2.9738623591130736e-15
10
184.22933517101907
20
-86.435389582443207
30
2.9386254812619686e-15
10
183.84352343292227
20
-86.4355604257061
30
3.1447458105365986e-15
0
LINE
5
1369
100
AcDbEntity
8
0
100
AcDbLine
10
183.84352343292227
20
-86.4355604257061
30
3.1447458105365986e-15
11
183.38704324281539
21
-86.435762562026554
31
3.3886208350662273e-15
0
LINE
5
1370
100
AcDbEntity
8
0
100
AcDbLine
10
185.83697989469076
20
-85.214213761077502
30
5.0301367229527907e-15
11
185.83821977685017
21
-88.014213498479165
31
-1.7393556441596282e-15
0
LINE
5
1371
100
AcDbEntity
8
0
100
AcDbLine
10
185.83821977685017
20
-88.014213498479151
30
-1.7393556441596274e-15
11
186.38828804176387
21
-88.013969919946106
31
-2.0332301966728427e-15
0
LINE
5
1372
100
AcDbEntity
8
0
100
AcDbLine
10
186.38828804176387
20
-88.013969919946106
30
-2.0332301966728423e-15
11
187.5334352234695
21
-86.143612787490653
31
1.8752221746921988e-15
0
LINE
5
1373
100
AcDbEntity
8
0
100
AcDbLine
10
187.5334352234695
20
-86.143612787490653
30
1.8752221746921984e-15
11
187.53426322113847
21
-88.013462464833907
31
-2.6454686487180318e-15
0
LINE
5
1374
100
AcDbEntity
8
0
100
AcDbLine
10
187.53426322113847
20
-88.013462464833907
30
-2.6454686487180318e-15
11
188.05950227963564
21
-88.01322988104836
31
-2.9260781714334206e-15
0
LINE
5
1375
100
AcDbEntity
8
0
100
AcDbLine
10
188.05950227963564
20
-88.01322988104836
30
-2.926078171433421e-15
11
188.05826239747626
21
-85.213230143646683
31
3.8434141956789977e-15
0
LINE
5
1376
100
AcDbEntity
8
0
100
AcDbLine
10
188.05826239747626
20
-85.213230143646683
30
3.8434141956789977e-15
11
187.49100445271785
21
-85.21348133402951
31
4.1464723528362516e-15
0
LINE
5
1377
100
AcDbEntity
8
0
100
AcDbLine
10
187.49100445271785
20
-85.21348133402951
30
4.1464723528362509e-15
11
186.36302720044608
21
-87.039901937851383
31
3.3504242734865957e-16
0
LINE
5
1378
100
AcDbEntity
8
0
100
AcDbLine
10
186.36302720044603
20
-87.039901937851383
30
3.3504242734866031e-16
11
186.36221865516475
21
-85.213981177423918
31
4.7495273594566099e-15
0
LINE
5
1379
100
AcDbEntity
8
0
100
AcDbLine
10
186.36221865516475
20
-85.213981177423918
30
4.7495273594566091e-15
11
185.83697989469076
21
-85.214213761077502
31
5.0301367229527907e-15
0
LINE
5
1380
100
AcDbEntity
8
0
100
AcDbLine
10
188.84258504568703
20
-88.012883120175985
30
-3.344440967713361e-15
11
189.87587258876712
21
-88.012425564850574
31
-3.8964759308424787e-15
0
SPLINE
5
1381
100
AcDbEntity
8
0
100
AcDbSpline
70
0
71
2
72
6
73
3
74
0
42
0.000000001
43
0.0000000001
44
0.0000000001
40
0
40
0
40
0
40
1
40
1
40
1
10
189.87587258876712
20
-88.012425564850574
30
-3.8964759308424779e-15
10
190.22539538355477
20
-88.012270790879683
30
-4.0832088537597897e-15
10
190.40872749262837
20
-87.958710826001919
30
-4.0518725308799716e-15
0
SPLINE
5
1382
100
AcDbEntity
8
0
100
AcDbSpline
70
0
71
2
72
6
73
3
74
0
42
0.000000001
43
0.0000000001
44
0.0000000001
40
0
40
0
40
0
40
1
40
1
40
1
10
190.40872749262837
20
-87.958710826001919
30
-4.0518725308799716e-15
10
190.65508006950006
20
-87.88602324046505
30
-4.0080325650425623e-15
10
190.83071429464084
20
-87.700679460702844
30
-3.6539960623167919e-15
0
SPLINE
5
1383
100
AcDbEntity
8
0
100
AcDbSpline
70
0
71
2
72
6
73
3
74
0
42
0.000000001
43
0.0000000001
44
0.0000000001
40
0
40
0
40
0
40
1
40
1
40
1
10
190.83071429464084
20
-87.700679460702844
30
-3.6539960623167919e-15
10
191.00634851971563
20
-87.515335531929054
30
-3.2999591993292495e-15
10
191.09790758579035
20
-87.246945761395381
30
-2.7001568344179262e-15
0
SPLINE
5
1384
100
AcDbEntity
8
0
100
AcDbSpline
70
0
71
2
72
6
73
3
74
0
42
0.000000001
43
0.0000000001
44
0.0000000001
40
0
40
0
40
0
40
1
40
1
40
1
10
191.09790758579035
20
-87.246945761395381
30
-2.7001568344179262e-15
10
191.18946724791144
20
-86.978555990597769
30
-2.1003547879450168e-15
10
191.18929302161894
20
-86.585104427905918
30
-1.1491163592791137e-15
0
SPLINE
5
1385
100
AcDbEntity
8
0
100
AcDbSpline
70
0
71
2
72
6
73
3
74
0
42
0.000000001
43
0.0000000001
44
0.0000000001
40
0
40
0
40
0
40
1
40
1
40
1
10
191.18929302161894
20
-86.585104427905918
30
-1.1491163592791137e-15
10
191.18913993929499
20
-86.239401843438969
30
-3.1331949273667171e-16
10
191.10308044766143
20
-85.989235274802695
30
3.3751243199825113e-16
0
SPLINE
5
1386
100
AcDbEntity
8
0
100
AcDbSpline
70
0
71
2
72
6
73
3
74
0
42
0.000000001
43
0.0000000001
44
0.0000000001
40
0
40
0
40
0
40
1
40
1
40
1
10
191.10308044766143
20
-85.989235274802695
30
3.3751243199825113e-16
10
190.99789791068918
20
-85.683688509470386
30
1.132459583378935e-15
10
190.8029982062649
20
-85.494688596656971
30
1.693689357325902e-15
0
SPLINE
5
1387
100
AcDbEntity
8
0
100
AcDbSpline
70
0
71
2
72
6
73
3
74
0
42
0.000000001
43
0.0000000001
44
0.0000000001
40
0
40
0
40
0
40
1
40
1
40
1
10
190.8029982062649
20
-85.494688596656971
30
1.693689357325902e-15
10
190.65586807639875
20
-85.351506785336653
30
2.1185845826812275e-15
10
190.40562777762437
20
-85.271399570553186
30
2.4461979110161556e-15
0
SPLINE
5
1388
100
AcDbEntity
8
0
100
AcDbSpline
70
0
71
2
72
6
73
3
74
0
42
0.000000001
43
0.0000000001
44
0.0000000001
40
0
40
0
40
0
40
1
40
1
40
1
10
190.40562777762437
20
-85.271399570553186
30
2.4461979110161556e-15
10
190.21842570745488
20
-85.212273590717288
30
2.6893446618275726e-15
10
189.90519200498795
20
-85.212412295330182
30
2.8566900987779624e-15
0
LINE
5
1389
100
AcDbEntity
8
0
100
AcDbLine
10
189.90519200498795
20
-85.212412295330182
30
2.8566900987779624e-15
11
188.84134516352762
21
-85.212883382774322
31
3.4250513993990573e-15
0
LINE
5
1390
100
AcDbEntity
8
0
100
AcDbLine
10
188.84134516352762
20
-85.212883382774322
30
3.4250513993990565e-15
11
188.84258504568703
21
-88.012883120176014
31
-3.3444409677133622e-15
0
LINE
5
1391
100
AcDbEntity
8
0
100
AcDbLine
10
189.40772291366355
20
-87.538963054775607
30
-2.5012985793399298e-15
11
189.40690168205393
21
-85.684393026622473
31
1.9824510018326772e-15
0
LINE
5
1392
100
AcDbEntity
8
0
100
AcDbLine
10
189.40690168205393
20
-85.684393026622473
30
1.9824510018326764e-15
11
189.82900266148303
21
-85.684206113935574
31
1.7569431069815219e-15
0
SPLINE
5
1393
100
AcDbEntity
8
0
100
AcDbSpline
70
0
71
2
72
6
73
3
74
0
42
0.000000001
43
0.0000000001
44
0.0000000001
40
0
40
0
40
0
40
1
40
1
40
1
10
189.82900266148306
20
-85.684206113935574
30
1.7569431069815217e-15
10
190.065837521953
20
-85.684101239883447
30
1.6304138321994895e-15
10
190.17089717419032
20
-85.710793960197464
30
1.5096451140023443e-15
0
SPLINE
5
1394
100
AcDbEntity
8
0
100
AcDbSpline
70
0
71
2
72
6
73
3
74
0
42
0.000000001
43
0.0000000001
44
0.0000000001
40
0
40
0
40
0
40
1
40
1
40
1
10
190.17089717419032
20
-85.710793960197464
30
1.5096451140023443e-15
10
190.30842924060093
20
-85.745112425352517
30
1.3530584399920189e-15
10
190.39918863696201
20
-85.827200291716622
30
1.1060305689591675e-15
0
SPLINE
5
1395
100
AcDbEntity
8
0
100
AcDbSpline
70
0
71
2
72
6
73
3
74
0
42
0.000000001
43
0.0000000001
44
0.0000000001
40
0
40
0
40
0
40
1
40
1
40
1
10
190.39918863696201
20
-85.827200291716622
30
1.1060305689591675e-15
10
190.48994862950141
20
-85.909288455839999
30
8.5900165896435545e-16
10
190.54733047220711
20
-86.097394099112734
30
3.7355000013677017e-16
0
SPLINE
5
1396
100
AcDbEntity
8
0
100
AcDbSpline
70
0
71
2
72
6
73
3
74
0
42
0.000000001
43
0.0000000001
44
0.0000000001
40
0
40
0
40
0
40
1
40
1
40
1
10
190.54733047220711
20
-86.097394099112734
30
3.7355000013677017e-16
10
190.60471291095919
20
-86.285499742121544
30
-1.119019771292298e-16
10
190.60485668991856
20
-86.610192734446287
30
-8.9690445546405298e-16
0
SPLINE
5
1397
100
AcDbEntity
8
0
100
AcDbSpline
70
0
71
2
72
6
73
3
74
0
42
0.000000001
43
0.0000000001
44
0.0000000001
40
0
40
0
40
0
40
1
40
1
40
1
10
190.60485668991856
20
-86.610192734446287
30
-8.9690445546405298e-16
10
190.6050004688779
20
-86.934885726771
30
-1.6819069337988756e-15
10
190.54777830140438
20
-87.108717332746522
30
-2.0715019830182369e-15
0
SPLINE
5
1398
100
AcDbEntity
8
0
100
AcDbSpline
70
0
71
2
72
6
73
3
74
0
42
0.000000001
43
0.0000000001
44
0.0000000001
40
0
40
0
40
0
40
1
40
1
40
1
10
190.54777830140438
20
-87.108717332746522
30
-2.0715019830182369e-15
10
190.49055672997724
20
-87.28254893845812
30
-2.4610973506760122e-15
10
190.38746178463657
20
-87.380002596661157
30
-2.6414966824692887e-15
0
SPLINE
5
1399
100
AcDbEntity
8
0
100
AcDbSpline
70
0
71
2
72
6
73
3
74
0
42
0.000000001
43
0.0000000001
44
0.0000000001
40
0
40
0
40
0
40
1
40
1
40
1
10
190.38746178463657
20
-87.380002596661157
30
-2.6414966824692887e-15
10
190.28436743527632
20
-87.477456105588672
30
-2.8218959724392059e-15
10
190.12585577702185
20
-87.511905514363292
30
-2.8203206131006134e-15
0
SPLINE
5
1400
100
AcDbEntity
8
0
100
AcDbSpline
70
0
71
2
72
6
73
3
74
0
42
0.000000001
43
0.0000000001
44
0.0000000001
40
0
40
0
40
0
40
1
40
1
40
1
10
190.12585577702185
20
-87.511905514363292
30
-2.8203206131006134e-15
10
190.00745048547995
20
-87.53869748635168
30
-2.8217036691064192e-15
10
189.66174775200136
20
-87.538850568741736
30
-2.6370116179852086e-15
0
LINE
5
1401
100
AcDbEntity
8
0
100
AcDbLine
10
189.66174775200136
20
-87.538850568741736
30
-2.6370116179852086e-15
11
189.40772291366355
21
-87.538963054775607
31
-2.5012985793399302e-15
0
LINE
5
1402
100
AcDbEntity
8
0
100
AcDbLine
10
192.83733997848455
20
-86.024756715957054
30
-6.7674496278976194e-16
11
192.83751758774071
21
-86.425847954232353
31
-1.6464536523127032e-15
0
LINE
5
1403
100
AcDbEntity
8
0
100
AcDbLine
10
192.83751758774073
20
-86.425847954232353
30
-1.6464536523127032e-15
11
195.01296054690948
21
-86.424884635243586
31
-2.8086863549101166e-15
0
LINE
5
1404
100
AcDbEntity
8
0
100
AcDbLine
10
195.01296054690948
20
-86.4248846352436
30
-2.8086863549101169e-15
11
195.0127829376533
21
-86.023793396968301
31
-1.8389776653871755e-15
0
LINE
5
1405
100
AcDbEntity
8
0
100
AcDbLine
10
195.0127829376533
20
-86.023793396968301
30
-1.8389776653871755e-15
11
192.83733997848458
21
-86.024756715957068
31
-6.7674496278976244e-16
0
LINE
5
1406
100
AcDbEntity
8
0
100
AcDbLine
10
212.69389493934631
20
-86.171412952117151
30
7.0347362993939973e-15
11
213.24391716883315
21
-86.22536368982432
31
6.3514225806550816e-15
0
SPLINE
5
1407
100
AcDbEntity
8
0
100
AcDbSpline
70
0
71
2
72
6
73
3
74
0
42
0.000000001
43
0.0000000001
44
0.0000000001
40
0
40
0
40
0
40
1
40
1
40
1
10
213.24391716883312
20
-86.22536368982432
30
6.3514225806550801e-15
10
213.29381364403477
20
-85.948462359754501
30
6.9500732614277822e-15
10
213.44576681716106
20
-85.818715662868442
30
7.1004157035532617e-15
0
SPLINE
5
1408
100
AcDbEntity
8
0
100
AcDbSpline
70
0
71
2
72
6
73
3
74
0
42
0.000000001
43
0.0000000001
44
0.0000000001
40
0
40
0
40
0
40
1
40
1
40
1
10
213.44576681716106
20
-85.818715662868442
30
7.1004157035532617e-15
10
213.59771999054303
20
-85.688968667959259
30
7.250758844102504e-15
10
213.85556437351846
20
-85.689189908537259
30
6.9892033914203048e-15
0
SPLINE
5
1409
100
AcDbEntity
8
0
100
AcDbSpline
70
0
71
2
72
6
73
3
74
0
42
0.000000001
43
0.0000000001
44
0.0000000001
40
0
40
0
40
0
40
1
40
1
40
1
10
213.85556437351846
20
-85.689189908537259
30
6.9892033914203048e-15
10
214.12868825254577
20
-85.689424259521218
30
6.7121485299066859e-15
10
214.26706122263781
20
-85.805095576078841
30
6.3008835815848177e-15
0
SPLINE
5
1410
100
AcDbEntity
8
0
100
AcDbSpline
70
0
71
2
72
6
73
3
74
0
42
0.000000001
43
0.0000000001
44
0.0000000001
40
0
40
0
40
0
40
1
40
1
40
1
10
214.26706122263781
20
-85.805095576078841
30
6.3008835815848177e-15
10
214.40543404371829
20
-85.92076689250861
30
5.8896187844191821e-15
10
214.40530129949934
20
-86.075473373282293
30
5.527060722958537e-15
0
SPLINE
5
1411
100
AcDbEntity
8
0
100
AcDbSpline
70
0
71
2
72
6
73
3
74
0
42
0.000000001
43
0.0000000001
44
0.0000000001
40
0
40
0
40
0
40
1
40
1
40
1
10
214.40530129949934
20
-86.075473373282293
30
5.527060722958537e-15
10
214.40521608077376
20
-86.174791364218137
30
5.2943068132206418e-15
10
214.3469024307343
20
-86.244454947014759
30
5.1900237878546604e-15
0
SPLINE
5
1412
100
AcDbEntity
8
0
100
AcDbSpline
70
0
71
2
72
6
73
3
74
0
42
0.000000001
43
0.0000000001
44
0.0000000001
40
0
40
0
40
0
40
1
40
1
40
1
10
214.3469024307343
20
-86.244454947014759
30
5.1900237878546604e-15
10
214.28858892996215
20
-86.314118231916112
30
5.0857413097562083e-15
10
214.14338790460391
20
-86.365562707323534
30
5.1121341280257397e-15
0
SPLINE
5
1413
100
AcDbEntity
8
0
100
AcDbSpline
70
0
71
2
72
6
73
3
74
0
42
0.000000001
43
0.0000000001
44
0.0000000001
40
0
40
0
40
0
40
1
40
1
40
1
10
214.14338790460391
20
-86.365562707323534
30
5.1121341280257397e-15
10
214.04404056397851
20
-86.399856690118654
30
5.1323129998006606e-15
10
213.69062286477518
20
-86.487411467691487
30
5.2848437820147975e-15
0
SPLINE
5
1414
100
AcDbEntity
8
0
100
AcDbSpline
70
0
71
2
72
6
73
3
74
0
42
0.000000001
43
0.0000000001
44
0.0000000001
40
0
40
0
40
0
40
1
40
1
40
1
10
213.69062286477518
20
-86.487411467691487
30
5.2848437820147975e-15
10
213.23595613758329
20
-86.599709183670868
30
5.4818700488670049e-15
10
213.05245916030384
20
-86.76380833946493
30
5.2829263692803071e-15
0
SPLINE
5
1415
100
AcDbEntity
8
0
100
AcDbSpline
70
0
71
2
72
6
73
3
74
0
42
0.000000001
43
0.0000000001
44
0.0000000001
40
0
40
0
40
0
40
1
40
1
40
1
10
213.05245916030384
20
-86.76380833946493
30
5.2829263692803071e-15
10
212.79441648031249
20
-86.994691953989673
30
5.0028824795098792e-15
10
212.79413132569027
20
-87.327024830166948
30
4.2240530294189147e-15
0
SPLINE
5
1416
100
AcDbEntity
8
0
100
AcDbSpline
70
0
71
2
72
6
73
3
74
0
42
0.000000001
43
0.0000000001
44
0.0000000001
40
0
40
0
40
0
40
1
40
1
40
1
10
212.79413132569027
20
-87.327024830166948
30
4.2240530294189147e-15
10
212.79394777796097
20
-87.540940159079014
30
3.7227377220108686e-15
10
212.91507028768419
20
-87.727265010007201
30
3.1632973181188046e-15
0
SPLINE
5
1417
100
AcDbEntity
8
0
100
AcDbSpline
70
0
71
2
72
6
73
3
74
0
42
0.000000001
43
0.0000000001
44
0.0000000001
40
0
40
0
40
0
40
1
40
1
40
1
10
212.91507028768419
20
-87.727265010007201
30
3.1632973181188046e-15
10
213.03619294641896
20
-87.913589861063244
30
2.6038567630705084e-15
10
213.26434932548025
20
-88.011193660683176
30
2.1440541093941073e-15
0
SPLINE
5
1418
100
AcDbEntity
8
0
100
AcDbSpline
70
0
71
2
72
6
73
3
74
0
42
0.000000001
43
0.0000000001
44
0.0000000001
40
0
40
0
40
0
40
1
40
1
40
1
10
213.26434932548025
20
-88.011193660683176
30
2.1440541093941073e-15
10
213.49250585355307
20
-88.108797460430964
30
1.6842513045614743e-15
10
213.81528872804833
20
-88.109074420777702
30
1.3568227219317566e-15
0
SPLINE
5
1419
100
AcDbEntity
8
0
100
AcDbSpline
70
0
71
2
72
6
73
3
74
0
42
0.000000001
43
0.0000000001
44
0.0000000001
40
0
40
0
40
0
40
1
40
1
40
1
10
213.81528872804833
20
-88.109074420777702
30
1.3568227219317566e-15
10
214.34243722779672
20
-88.109526734834049
30
8.220871465766202e-16
10
214.60907474551706
20
-87.878650346005003
30
1.0934128452768184e-15
0
SPLINE
5
1420
100
AcDbEntity
8
0
100
AcDbSpline
70
0
71
2
72
6
73
3
74
0
42
0.000000001
43
0.0000000001
44
0.0000000001
40
0
40
0
40
0
40
1
40
1
40
1
10
214.60907474551706
20
-87.878650346005003
30
1.0934128452768184e-15
10
214.87571226310951
20
-87.647774106187498
30
1.3647381947651345e-15
10
214.88941291952489
20
-87.261973943941143
30
2.2553342576910904e-15
0
LINE
5
1421
100
AcDbEntity
8
0
100
AcDbLine
10
214.88941291952489
20
-87.261973943941143
30
2.2553342576910904e-15
11
214.32408661167128
21
-87.236659504827827
31
2.8870068612379473e-15
0
SPLINE
5
1422
100
AcDbEntity
8
0
100
AcDbSpline
70
0
71
2
72
6
73
3
74
0
42
0.000000001
43
0.0000000001
44
0.0000000001
40
0
40
0
40
0
40
1
40
1
40
1
10
214.32408661167128
20
-87.236659504827841
30
2.8870068612379469e-15
10
214.28761219365757
20
-87.452453577285297
30
2.4180272356901287e-15
10
214.16815865881063
20
-87.546894066668997
30
2.3175543220521597e-15
0
SPLINE
5
1423
100
AcDbEntity
8
0
100
AcDbSpline
70
0
71
2
72
6
73
3
74
0
42
0.000000001
43
0.0000000001
44
0.0000000001
40
0
40
0
40
0
40
1
40
1
40
1
10
214.16815865881063
20
-87.546894066668997
30
2.3175543220521597e-15
10
214.04870512383579
20
-87.641334705064253
30
2.2170810592023093e-15
10
213.8099604462013
20
-87.641129852781404
30
2.4592619107437121e-15
0
SPLINE
5
1424
100
AcDbEntity
8
0
100
AcDbSpline
70
0
71
2
72
6
73
3
74
0
42
0.000000001
43
0.0000000001
44
0.0000000001
40
0
40
0
40
0
40
1
40
1
40
1
10
213.8099604462013
20
-87.641129852781404
30
2.4592619107437121e-15
10
213.56357579702353
20
-87.640918445103807
30
2.7091926934351726e-15
10
213.42423566978022
20
-87.539570939227843
30
3.0878561634832969e-15
0
SPLINE
5
1425
100
AcDbEntity
8
0
100
AcDbSpline
70
0
71
2
72
6
73
3
74
0
42
0.000000001
43
0.0000000001
44
0.0000000001
40
0
40
0
40
0
40
1
40
1
40
1
10
213.42423566978022
20
-87.539570939227843
30
3.0878561634832969e-15
10
213.33452325141144
20
-87.474555274118387
30
3.3311014463700634e-15
10
213.33461666402889
20
-87.365687728535192
30
3.5862349487626478e-15
0
SPLINE
5
1426
100
AcDbEntity
8
0
100
AcDbSpline
70
0
71
2
72
6
73
3
74
0
42
0.000000001
43
0.0000000001
44
0.0000000001
40
0
40
0
40
0
40
1
40
1
40
1
10
213.33461666402889
20
-87.365687728535192
30
3.5862349487626478e-15
10
213.33470188262666
20
-87.266369886610917
30
3.8189885092886601e-15
10
213.41880086478187
20
-87.195773561878241
30
3.8993536635466483e-15
0
SPLINE
5
1427
100
AcDbEntity
8
0
100
AcDbSpline
70
0
71
2
72
6
73
3
74
0
42
0.000000001
43
0.0000000001
44
0.0000000001
40
0
40
0
40
0
40
1
40
1
40
1
10
213.41880086478187
20
-87.195773561878241
30
3.8993536635466483e-15
10
213.52583540480438
20
-87.106097197349641
30
4.0012303622925281e-15
10
213.93846999728211
20
-87.009043370488854
30
3.8110190006265791e-15
0
SPLINE
5
1428
100
AcDbEntity
8
0
100
AcDbSpline
70
0
71
2
72
6
73
3
74
0
42
0.000000001
43
0.0000000001
44
0.0000000001
40
0
40
0
40
0
40
1
40
1
40
1
10
213.93846999728211
20
-87.009043370488854
30
3.8110190006265791e-15
10
214.35110458975984
20
-86.911989543628053
30
3.6208076389606302e-15
10
214.54887457421057
20
-86.808066393123681
30
3.6642255231622223e-15
0
SPLINE
5
1429
100
AcDbEntity
8
0
100
AcDbSpline
70
0
71
2
72
6
73
3
74
0
42
0.000000001
43
0.0000000001
44
0.0000000001
40
0
40
0
40
0
40
1
40
1
40
1
10
214.54887457421057
20
-86.808066393123681
30
3.6642255231622223e-15
10
214.74664455866133
20
-86.704143242619324
30
3.7076434073638136e-15
10
214.85853201792114
20
-86.523747970969197
30
4.017287673066045e-15
0
SPLINE
5
1430
100
AcDbEntity
8
0
100
AcDbSpline
70
0
71
2
72
6
73
3
74
0
42
0.000000001
43
0.0000000001
44
0.0000000001
40
0
40
0
40
0
40
1
40
1
40
1
10
214.85853201792114
20
-86.523747970969197
30
4.017287673066045e-15
10
214.9704194770531
20
-86.343352848330639
30
4.3269315895563935e-15
10
214.97064727302586
20
-86.07786849381192
30
4.9491000497338295e-15
0
SPLINE
5
1431
100
AcDbEntity
8
0
100
AcDbSpline
70
0
71
2
72
6
73
3
74
0
42
0.000000001
43
0.0000000001
44
0.0000000001
40
0
40
0
40
0
40
1
40
1
40
1
10
214.97064727302586
20
-86.07786849381192
30
4.9491000497338295e-15
10
214.9708537640615
20
-85.837213935050301
30
5.5130793340530279e-15
10
214.83733699096808
20
-85.627003651093702
30
6.1410642451321315e-15
0
SPLINE
5
1432
100
AcDbEntity
8
0
100
AcDbSpline
70
0
71
2
72
6
73
3
74
0
42
0.000000001
43
0.0000000001
44
0.0000000001
40
0
40
0
40
0
40
1
40
1
40
1
10
214.83733699096808
20
-85.627003651093702
30
6.1410642451321315e-15
10
214.70382021787464
20
-85.416793367137103
30
6.7690491562112367e-15
10
214.45943312648706
20
-85.314401009103037
30
7.25650972843527e-15
0
SPLINE
5
1433
100
AcDbEntity
8
0
100
AcDbSpline
70
0
71
2
72
6
73
3
74
0
42
0.000000001
43
0.0000000001
44
0.0000000001
40
0
40
0
40
0
40
1
40
1
40
1
10
214.45943312648706
20
-85.314401009103037
30
7.25650972843527e-15
10
214.21504618436671
20
-85.212008353173715
30
7.7439708479268358e-15
10
213.85024413693529
20
-85.211695338731076
30
8.1140233716788264e-15
0
SPLINE
5
1434
100
AcDbEntity
8
0
100
AcDbSpline
70
0
71
2
72
6
73
3
74
0
42
0.000000001
43
0.0000000001
44
0.0000000001
40
0
40
0
40
0
40
1
40
1
40
1
10
213.85024413693529
20
-85.211695338731076
30
8.1140233716788264e-15
10
213.31927572592099
20
-85.211239747041276
30
8.6526338370308763e-15
10
213.03448122670775
20
-85.45642534602122
30
8.3661435425655082e-15
0
SPLINE
5
1435
100
AcDbEntity
8
0
100
AcDbSpline
70
0
71
2
72
6
73
3
74
0
42
0.000000001
43
0.0000000001
44
0.0000000001
40
0
40
0
40
0
40
1
40
1
40
1
10
213.03448122670775
20
-85.45642534602122
30
8.3661435425655082e-15
10
212.74968687676179
20
-85.701610647105895
30
8.0796537953676726e-15
10
212.69389493934631
20
-86.171412952117151
30
7.0347362993939973e-15
0
LINE
5
1436
100
AcDbEntity
8
0
100
AcDbLine
10
215.63410277094377
20
-85.262884991324825
30
6.1880700674393926e-15
11
215.63170026216744
21
-88.062883972522627
31
-3.7378951102210183e-16
0
LINE
5
1437
100
AcDbEntity
8
0
100
AcDbLine
10
215.63170026216744
20
-88.062883972522627
30
-3.7378951102210183e-16
11
216.53893060342239
21
-88.06366241168331
31
-1.2940773212731126e-15
0
SPLINE
5
1438
100
AcDbEntity
8
0
100
AcDbSpline
70
0
71
2
72
6
73
3
74
0
42
0.000000001
43
0.0000000001
44
0.0000000001
40
0
40
0
40
0
40
1
40
1
40
1
10
216.53893060342233
20
-88.06366241168331
30
-1.2940773212731124e-15
10
217.05461907135003
20
-88.064104892583558
30
-1.8171879243250469e-15
10
217.21127193438144
20
-88.022220103002695
30
-1.8775860059762333e-15
0
SPLINE
5
1439
100
AcDbEntity
8
0
100
AcDbSpline
70
0
71
2
72
6
73
3
74
0
42
0.000000001
43
0.0000000001
44
0.0000000001
40
0
40
0
40
0
40
1
40
1
40
1
10
217.21127193438144
20
-88.022220103002695
30
-1.8775860059762333e-15
10
217.45198057415905
20
-87.95939798364563
30
-1.9739952836134529e-15
10
217.61450796687282
20
-87.748486999427485
30
-1.6440771735029862e-15
0
SPLINE
5
1440
100
AcDbEntity
8
0
100
AcDbSpline
70
0
71
2
72
6
73
3
74
0
42
0.000000001
43
0.0000000001
44
0.0000000001
40
0
40
0
40
0
40
1
40
1
40
1
10
217.61450796687282
20
-87.748486999427485
30
-1.6440771735029862e-15
10
217.77703595576068
20
-87.537575866709204
30
-1.3141593188055642e-15
10
217.77732274913569
20
-87.203333109404767
30
-5.3085402002603754e-16
0
SPLINE
5
1441
100
AcDbEntity
8
0
100
AcDbSpline
70
0
71
2
72
6
73
3
74
0
42
0.000000001
43
0.0000000001
44
0.0000000001
40
0
40
0
40
0
40
1
40
1
40
1
10
217.77732274913569
20
-87.203333109404767
30
-5.3085402002603754e-16
10
217.77754398971368
20
-86.945488726429375
30
7.3409997761506152e-17
10
217.68410656243776
20
-86.769692356848253
30
5.8013967288256426e-16
0
SPLINE
5
1442
100
AcDbEntity
8
0
100
AcDbSpline
70
0
71
2
72
6
73
3
74
0
42
0.000000001
43
0.0000000001
44
0.0000000001
40
0
40
0
40
0
40
1
40
1
40
1
10
217.68410656243776
20
-86.769692356848253
30
5.8013967288256426e-16
10
217.59066973133594
20
-86.593895838767025
30
1.0868690925905778e-15
10
217.44655370930548
20
-86.493499250758788
30
1.4681382651299105e-15
0
SPLINE
5
1443
100
AcDbEntity
8
0
100
AcDbSpline
70
0
71
2
72
6
73
3
74
0
42
0.000000001
43
0.0000000001
44
0.0000000001
40
0
40
0
40
0
40
1
40
1
40
1
10
217.44655370930548
20
-86.493499250758788
30
1.4681382651299105e-15
10
217.30243768714715
20
-86.393102811762077
30
1.8494070884573604e-15
10
217.15348915673792
20
-86.360505663919412
30
2.076620217793215e-15
0
SPLINE
5
1444
100
AcDbEntity
8
0
100
AcDbSpline
70
0
71
2
72
6
73
3
74
0
42
0.000000001
43
0.0000000001
44
0.0000000001
40
0
40
0
40
0
40
1
40
1
40
1
10
217.15348915673792
20
-86.360505663919412
30
2.076620217793215e-15
10
216.95106782782716
20
-86.320222806165162
30
2.3759865048887872e-15
10
216.56716607505479
20
-86.319893403427386
30
2.7654136297815749e-15
0
LINE
5
1445
100
AcDbEntity
8
0
100
AcDbLine
10
216.56716607505479
20
-86.319893403427386
30
2.7654136297815749e-15
11
216.19854426536904
21
-86.319577111479134
31
3.1393408923742474e-15
0
LINE
5
1446
100
AcDbEntity
8
0
100
AcDbLine
10
216.19854426536904
20
-86.319577111479163
30
3.1393408923742474e-15
11
216.19945053236248
21
-85.26337008184359
31
5.6145854409588971e-15
0
LINE
5
1447
100
AcDbEntity
8
0
100
AcDbLine
10
216.19945053236248
20
-85.26337008184359
30
5.6145854409588956e-15
11
215.63410277094374
21
-85.262884991324825
31
6.1880700674393926e-15
0
LINE
5
1448
100
AcDbEntity
8
0
100
AcDbLine
10
216.19745445064632
20
-87.589699470026773
30
1.6278103638155214e-16
11
216.19813619942829
21
-86.795156734632499
31
2.0248095205896526e-15
0
LINE
5
1449
100
AcDbEntity
8
0
100
AcDbLine
10
216.19813619942823
20
-86.795156734632485
30
2.0248095205896522e-15
11
216.50754945899874
21
-86.795422223326071
31
1.7109429773710138e-15
0
SPLINE
5
1450
100
AcDbEntity
8
0
100
AcDbSpline
70
0
71
2
72
6
73
3
74
0
42
0.000000001
43
0.0000000001
44
0.0000000001
40
0
40
0
40
0
40
1
40
1
40
1
10
216.50754945899874
20
-86.795422223326071
30
1.7109429773710138e-15
10
216.84179221630319
20
-86.795709016701053
30
1.3718895735943254e-15
10
216.954441831292
20
-86.839734760887438
30
1.1546316838840124e-15
0
SPLINE
5
1451
100
AcDbEntity
8
0
100
AcDbSpline
70
0
71
2
72
6
73
3
74
0
42
0.000000001
43
0.0000000001
44
0.0000000001
40
0
40
0
40
0
40
1
40
1
40
1
10
216.954441831292
20
-86.839734760887438
30
1.1546316838840124e-15
10
217.06709174430392
20
-86.883760505329533
30
9.373734918612363e-16
10
217.13099491867081
20
-86.977403306177678
30
6.5314380616543924e-16
0
SPLINE
5
1452
100
AcDbEntity
8
0
100
AcDbSpline
70
0
71
2
72
6
73
3
74
0
42
0.000000001
43
0.0000000001
44
0.0000000001
40
0
40
0
40
0
40
1
40
1
40
1
10
217.13099491867081
20
-86.977403306177678
30
6.5314380616543924e-16
10
217.19489839093296
20
-87.071046256293073
30
3.6891346894529704e-16
10
217.19479186778165
20
-87.195193446939768
30
7.7971780196692594e-17
0
SPLINE
5
1453
100
AcDbEntity
8
0
100
AcDbSpline
70
0
71
2
72
6
73
3
74
0
42
0.000000001
43
0.0000000001
44
0.0000000001
40
0
40
0
40
0
40
1
40
1
40
1
10
217.19479186778165
20
-87.195193446939768
30
7.7971780196692594e-17
10
217.19466076218765
20
-87.347990195597845
30
-2.801107817872721e-16
10
217.10480740532455
20
-87.447231012944115
30
-4.2180420065148399e-16
0
SPLINE
5
1454
100
AcDbEntity
8
0
100
AcDbSpline
70
0
71
2
72
6
73
3
74
0
42
0.000000001
43
0.0000000001
44
0.0000000001
40
0
40
0
40
0
40
1
40
1
40
1
10
217.10480740532455
20
-87.447231012944115
30
-4.2180420065148399e-16
10
217.01495404846139
20
-87.546471830290372
30
-5.6349761951569642e-16
10
216.87741593833638
20
-87.571183184208337
30
-4.8218970784942427e-16
0
SPLINE
5
1455
100
AcDbEntity
8
0
100
AcDbSpline
70
0
71
2
72
6
73
3
74
0
42
0.000000001
43
0.0000000001
44
0.0000000001
40
0
40
0
40
0
40
1
40
1
40
1
10
216.87741593833638
20
-87.571183184208337
30
-4.8218970784942427e-16
10
216.77617182698981
20
-87.590196032198705
30
-4.2426562951002389e-16
10
216.47057832967363
20
-87.589933821010732
30
-1.1427382513206664e-16
0
LINE
5
1456
100
AcDbEntity
8
0
100
AcDbLine
10
216.47057832967363
20
-87.589933821010732
30
-1.1427382513206664e-16
11
216.19745445064632
21
-87.589699470026773
31
1.6278103638155216e-16
0
LINE
5
1457
100
AcDbEntity
8
0
100
AcDbLine
10
218.44556193297387
20
-85.265297333384837
30
3.3361464950245602e-15
11
218.4431790899983
21
-88.042376846987395
31
-3.172000803902904e-15
0
LINE
5
1458
100
AcDbEntity
8
0
100
AcDbLine
10
218.4431790899983
20
-88.042376846987409
30
-3.172000803902904e-15
11
219.00852655339392
21
-88.042861937250464
31
-3.7454851280709378e-15
0
LINE
5
1459
100
AcDbEntity
8
0
100
AcDbLine
10
219.00852655339389
20
-88.042861937250464
30
-3.7454851280709378e-15
11
219.01050460818996
21
-85.737541986523809
31
1.6570831948728192e-15
0
LINE
5
1460
100
AcDbEntity
8
0
100
AcDbLine
10
219.01050460818999
20
-85.737541986523809
30
1.6570831948728192e-15
11
220.41623463623975
21
-85.73874815793738
31
2.3112095519670811e-16
0
LINE
5
1461
100
AcDbEntity
8
0
100
AcDbLine
10
220.41623463623972
20
-85.73874815793738
30
2.3112095519670811e-16
11
220.41663942441917
21
-85.266988595061477
31
1.3366999311804158e-15
0
LINE
5
1462
100
AcDbEntity
8
0
100
AcDbLine
10
220.41663942441917
20
-85.266988595061477
30
1.3366999311804152e-15
11
218.44556193297387
21
-85.265297333384837
31
3.3361464950245602e-15
0
LINE
5
1463
100
AcDbEntity
8
0
100
AcDbLine
10
220.9896258162772
20
-85.267480239824295
30
7.5546673395594498e-16
11
220.9872233075009
21
-88.067479221022111
31
-5.8063928445055494e-15
0
LINE
5
1464
100
AcDbEntity
8
0
100
AcDbLine
10
220.9872233075009
20
-88.067479221022111
30
-5.8063928445055494e-15
11
221.55257077089652
21
-88.067964311285166
31
-6.3798771686735836e-15
0
LINE
5
1465
100
AcDbEntity
8
0
100
AcDbLine
10
221.55257077089652
20
-88.067964311285166
30
-6.3798771686735828e-15
11
221.55497327967282
21
-85.26796533008735
31
1.81982409787912e-16
0
LINE
5
1466
100
AcDbEntity
8
0
100
AcDbLine
10
221.55497327967282
20
-85.26796533008735
30
1.81982409787912e-16
11
220.9896258162772
21
-85.267480239824295
31
7.5546673395594557e-16
0
LINE
5
1467
100
AcDbEntity
8
0
100
AcDbLine
10
222.91104520632393
20
-85.269128892905286
30
-1.1936070157094895e-15
11
222.90904912460775
21
-87.595458281088469
31
-6.6454114202868336e-15
0
LINE
5
1468
100
AcDbEntity
8
0
100
AcDbLine
10
222.90904912460778
20
-87.595458281088469
30
-6.6454114202868328e-15
11
222.07821671064724
21
-87.594745394341231
31
-5.8026211076616161e-15
0
LINE
5
1469
100
AcDbEntity
8
0
100
AcDbLine
10
222.07821671064724
20
-87.594745394341231
30
-5.8026211076616169e-15
11
222.07781028358713
21
-88.068414987355865
31
-6.9126762815457682e-15
0
LINE
5
1470
100
AcDbEntity
8
0
100
AcDbLine
10
222.0778102835871
20
-88.068414987355851
30
-6.9126762815457682e-15
11
224.30291165069573
21
-88.070324211465589
31
-9.169802803450272e-15
0
LINE
5
1471
100
AcDbEntity
8
0
100
AcDbLine
10
224.30291165069573
20
-88.070324211465589
30
-9.169802803450272e-15
11
224.30331807775585
21
-87.596654618450955
31
-8.0597476295661207e-15
0
LINE
5
1472
100
AcDbEntity
8
0
100
AcDbLine
10
224.30331807775588
20
-87.596654618450955
30
-8.0597476295661207e-15
11
223.4743965880034
21
-87.595943371351524
31
-7.2188957444548661e-15
0
LINE
5
1473
100
AcDbEntity
8
0
100
AcDbLine
10
223.47439658800337
20
-87.595943371351524
30
-7.2188957444548677e-15
11
223.47639266971956
21
-85.269613983168341
31
-1.7670913398775235e-15
0
LINE
5
1474
100
AcDbEntity
8
0
100
AcDbLine
10
223.47639266971956
20
-85.269613983168341
30
-1.7670913398775235e-15
11
222.91104520632393
21
-85.269128892905286
31
-1.1936070157094899e-15
0
LINE
5
1475
100
AcDbEntity
8
0
100
AcDbLine
10
201.46207530167445
20
-85.260783856819984
30
4.5326960925862974e-15
11
200.84706834034745
21
-85.26094818184157
31
4.9117886060060118e-15
0
LINE
5
1476
100
AcDbEntity
8
0
100
AcDbLine
10
200.84706834034745
20
-85.26094818184157
30
4.9117886060060118e-15
11
200.60276357861997
21
-85.897029909325624
31
3.5739733533697497e-15
0
LINE
5
1477
100
AcDbEntity
8
0
100
AcDbLine
10
200.60276357861997
20
-85.897029909325624
30
3.5739733533697505e-15
11
199.48352756653574
21
-85.897328960382623
31
4.2638744758145608e-15
0
LINE
5
1478
100
AcDbEntity
8
0
100
AcDbLine
10
199.48352756653577
20
-85.897328960382595
30
4.26387447581456e-15
11
199.25225269602944
21
-85.261374304034746
31
5.8948387323673199e-15
0
LINE
5
1479
100
AcDbEntity
8
0
100
AcDbLine
10
199.25225269602944
20
-85.261374304034746
30
5.8948387323673207e-15
11
198.65252553385682
21
-85.261534546414225
31
6.2645127223715021e-15
0
LINE
5
1480
100
AcDbEntity
8
0
100
AcDbLine
10
198.65252553385682
20
-85.261534546414197
30
6.2645127223715021e-15
11
199.74386026536519
21
-88.061243062229096
31
-9.6074973436602516e-16
0
LINE
5
1481
100
AcDbEntity
8
0
100
AcDbLine
10
199.74386026536519
20
-88.061243062229096
30
-9.6074973436602536e-16
11
200.34167739676417
21
-88.061083330194819
31
-1.3292463744990304e-15
0
LINE
5
1482
100
AcDbEntity
8
0
100
AcDbLine
10
200.34167739676417
20
-88.061083330194819
30
-1.3292463744990304e-15
11
201.46207530167445
21
-85.260783856819984
31
4.5326960925862974e-15
0
LINE
5
1483
100
AcDbEntity
8
0
100
AcDbLine
10
200.42144356018275
20
-86.368838258997428
30
2.5817272248241995e-15
11
200.03590941538681
21
-87.407959044688141
31
3.8786264729631599e-16
0
LINE
5
1484
100
AcDbEntity
8
0
100
AcDbLine
10
200.03590941538681
20
-87.407959044688141
30
3.8786264729631574e-16
11
199.65746000996393
21
-86.369042389391524
31
3.0526494459952554e-15
0
LINE
5
1485
100
AcDbEntity
8
0
100
AcDbLine
10
199.65746000996393
20
-86.36904238939151
30
3.0526494459952542e-15
11
200.42144356018275
21
-86.368838258997428
31
2.5817272248241984e-15
0
LINE
5
1486
100
AcDbEntity
8
0
100
AcDbLine
10
202.97475029184045
20
-85.21263069735258
30
3.7120199279230585e-15
11
203.66883889088348
21
-88.107943323430348
31
-3.4918629085221947e-15
0
LINE
5
1487
100
AcDbEntity
8
0
100
AcDbLine
10
203.66883889088348
20
-88.107943323430348
30
-3.4918629085221959e-15
11
204.07184018493919
21
-88.107835644655125
31
-3.7402743625085536e-15
0
LINE
5
1488
100
AcDbEntity
8
0
100
AcDbLine
10
204.07184018493919
20
-88.107835644655125
30
-3.7402743625085536e-15
11
203.37011176082478
21
-85.21252505987853
31
3.4683176897188195e-15
0
LINE
5
1489
100
AcDbEntity
8
0
100
AcDbLine
10
203.37011176082481
20
-85.21252505987853
30
3.4683176897188195e-15
11
202.97475029184051
21
-85.21263069735258
31
3.712019927923057e-15
0
LINE
5
1490
100
AcDbEntity
8
0
100
AcDbLine
10
206.0027961193037
20
-88.059570723810211
30
-4.8187804127223918e-15
11
207.12203242941115
21
-88.059271672673574
31
-5.508681718869787e-15
0
SPLINE
5
1491
100
AcDbEntity
8
0
100
AcDbSpline
70
0
71
2
72
6
73
3
74
0
42
0.000000001
43
0.0000000001
44
0.0000000001
40
0
40
0
40
0
40
1
40
1
40
1
10
207.12203242941112
20
-88.059271672673574
30
-5.508681718869787e-15
10
207.4543652670508
20
-88.059182875953951
30
-5.7135328809458883e-15
10
207.61765909097193
20
-88.031444840015098
30
-5.7493773419815555e-15
0
SPLINE
5
1492
100
AcDbEntity
8
0
100
AcDbSpline
70
0
71
2
72
6
73
3
74
0
42
0.000000001
43
0.0000000001
44
0.0000000001
40
0
40
0
40
0
40
1
40
1
40
1
10
207.61765909097193
20
-88.031444840015098
30
-5.7493773419815555e-15
10
207.78095291489305
20
-88.003706804076245
30
-5.7852218030172228e-15
10
207.90985189775137
20
-87.915814219677358
30
-5.6590699891685555e-15
0
SPLINE
5
1493
100
AcDbEntity
8
0
100
AcDbSpline
70
0
71
2
72
6
73
3
74
0
42
0.000000001
43
0.0000000001
44
0.0000000001
40
0
40
0
40
0
40
1
40
1
40
1
10
207.90985189775137
20
-87.915814219677358
30
-5.6590699891685555e-15
10
208.03875088060965
20
-87.827921635278457
30
-5.5329181753198874e-15
10
208.12465994723414
20
-87.681786829866013
30
-5.2439419052013215e-15
0
SPLINE
5
1494
100
AcDbEntity
8
0
100
AcDbSpline
70
0
71
2
72
6
73
3
74
0
42
0.000000001
43
0.0000000001
44
0.0000000001
40
0
40
0
40
0
40
1
40
1
40
1
10
208.12465994723414
20
-87.681786829866013
30
-5.2439419052013215e-15
10
208.21056960990501
20
-87.535652024294293
30
-4.9549660024879261e-15
10
208.2105211289429
20
-87.354205955331707
30
-4.5303160286791019e-15
0
SPLINE
5
1495
100
AcDbEntity
8
0
100
AcDbSpline
70
0
71
2
72
6
73
3
74
0
42
0.000000001
43
0.0000000001
44
0.0000000001
40
0
40
0
40
0
40
1
40
1
40
1
10
208.2105211289429
20
-87.354205955331707
30
-4.5303160286791019e-15
10
208.21046856533869
20
-87.157480087214765
30
-4.0699057523859073e-15
10
208.10442139665361
20
-86.993252022411198
30
-3.6201450956380074e-15
0
SPLINE
5
1496
100
AcDbEntity
8
0
100
AcDbSpline
70
0
71
2
72
6
73
3
74
0
42
0.000000001
43
0.0000000001
44
0.0000000001
40
0
40
0
40
0
40
1
40
1
40
1
10
208.10442139665361
20
-86.993252022411198
30
-3.6201450956380074e-15
10
207.99837482397515
20
-86.829023808436773
30
-3.1703844575537751e-15
10
207.81690681100525
20
-86.74694409537581
30
-2.8663305192128123e-15
0
SPLINE
5
1497
100
AcDbEntity
8
0
100
AcDbSpline
70
0
71
2
72
6
73
3
74
0
42
0.000000001
43
0.0000000001
44
0.0000000001
40
0
40
0
40
0
40
1
40
1
40
1
10
207.81690681100525
20
-86.74694409537581
30
-2.8663305192128123e-15
10
208.07282089917859
20
-86.67238734287524
30
-2.8497592071953038e-15
10
208.21029097189947
20
-86.492814411935399
30
-2.5143456721220914e-15
0
SPLINE
5
1498
100
AcDbEntity
8
0
100
AcDbSpline
70
0
71
2
72
6
73
3
74
0
42
0.000000001
43
0.0000000001
44
0.0000000001
40
0
40
0
40
0
40
1
40
1
40
1
10
208.21029097189947
20
-86.492814411935399
30
-2.5143456721220914e-15
10
208.34775925648108
20
-86.313241481473355
30
-2.1789310348333653e-15
10
208.34769444510977
20
-86.070676811939762
30
-1.6112412460530665e-15
0
SPLINE
5
1499
100
AcDbEntity
8
0
100
AcDbSpline
70
0
71
2
72
6
73
3
74
0
42
0.000000001
43
0.0000000001
44
0.0000000001
40
0
40
0
40
0
40
1
40
1
40
1
10
208.34769444510977
20
-86.070676811939762
30
-1.6112412460530665e-15
10
208.34764341250127
20
-85.879680887132139
30
-1.164241126784199e-15
10
208.25878307703397
20
-85.699213414441772
30
-6.8708178320596502e-16
0
SPLINE
5
1500
100
AcDbEntity
8
0
100
AcDbSpline
70
0
71
2
72
6
73
3
74
0
42
0.000000001
43
0.0000000001
44
0.0000000001
40
0
40
0
40
0
40
1
40
1
40
1
10
208.25878307703397
20
-85.699213414441772
30
-6.8708178320596502e-16
10
208.16992154947377
20
-85.518745942069899
30
-2.099217048173899e-16
10
208.01614015614962
20
-85.410874308146575
30
1.3740703795554029e-16
0
SPLINE
5
1501
100
AcDbEntity
8
0
100
AcDbSpline
70
0
71
2
72
6
73
3
74
0
42
0.000000001
43
0.0000000001
44
0.0000000001
40
0
40
0
40
0
40
1
40
1
40
1
10
208.01614015614962
20
-85.410874308146575
30
1.3740703795554029e-16
10
207.86235995491836
20
-85.303002673904743
30
4.8473504591812737e-16
10
207.63697803410892
20
-85.278233684443663
30
6.8176658876445494e-16
0
SPLINE
5
1502
100
AcDbEntity
8
0
100
AcDbSpline
70
0
71
2
72
6
73
3
74
0
42
0.000000001
43
0.0000000001
44
0.0000000001
40
0
40
0
40
0
40
1
40
1
40
1
10
207.63697803410892
20
-85.278233684443663
30
6.8176658876445494e-16
10
207.49563703867454
20
-85.26299179841206
30
8.0464712632783798e-16
10
206.95511727659726
20
-85.25931615922002
30
1.146765168974748e-15
0
LINE
5
1503
100
AcDbEntity
8
0
100
AcDbLine
10
206.95511727659726
20
-85.25931615922002
30
1.146765168974748e-15
11
206.00204798135607
21
-85.259570811837563
31
1.7342405266789215e-15
0
LINE
5
1504
100
AcDbEntity
8
0
100
AcDbLine
10
206.00204798135607
20
-85.259570811837563
30
1.7342405266789221e-15
11
206.0027961193037
21
-88.059570723810211
31
-4.8187804127223918e-15
0
LINE
5
1505
100
AcDbEntity
8
0
100
AcDbLine
10
206.5680192511023
20
-87.593389741965211
30
-4.0765827638809337e-15
11
206.56784625057077
21
-86.945913598590664
31
-2.5612524572070931e-15
0
LINE
5
1506
100
AcDbEntity
8
0
100
AcDbLine
10
206.56784625057077
20
-86.945913598590664
30
-2.5612524572070931e-15
11
206.93837851159054
21
-86.945814595285626
31
-2.7896498818963797e-15
0
SPLINE
5
1507
100
AcDbEntity
8
0
100
AcDbSpline
70
0
71
2
72
6
73
3
74
0
42
0.000000001
43
0.0000000001
44
0.0000000001
40
0
40
0
40
0
40
1
40
1
40
1
10
206.93837851159057
20
-86.945814595285626
30
-2.7896498818963797e-15
10
207.26880161647981
20
-86.945726308831567
30
-2.9933238778038901e-15
10
207.3490224803474
20
-86.955254581963032
30
-3.0651205320859844e-15
0
SPLINE
5
1508
100
AcDbEntity
8
0
100
AcDbSpline
70
0
71
2
72
6
73
3
74
0
42
0.000000001
43
0.0000000001
44
0.0000000001
40
0
40
0
40
0
40
1
40
1
40
1
10
207.3490224803474
20
-86.955254581963032
30
-3.0651205320859844e-15
10
207.49418404767425
20
-86.972405478077889
30
-3.1948259379803297e-15
10
207.57728915824086
20
-87.055466488387538
30
-3.4404835548297469e-15
0
SPLINE
5
1509
100
AcDbEntity
8
0
100
AcDbSpline
70
0
71
2
72
6
73
3
74
0
42
0.000000001
43
0.0000000001
44
0.0000000001
40
0
40
0
40
0
40
1
40
1
40
1
10
207.57728915824086
20
-87.055466488387538
30
-3.4404835548297469e-15
10
207.66039426880747
20
-87.138527498697172
30
-3.686141171679164e-15
10
207.66043050196262
20
-87.27413461723151
30
-4.0035112842593803e-15
0
SPLINE
5
1510
100
AcDbEntity
8
0
100
AcDbSpline
70
0
71
2
72
6
73
3
74
0
42
0.000000001
43
0.0000000001
44
0.0000000001
40
0
40
0
40
0
40
1
40
1
40
1
10
207.66043050196262
20
-87.27413461723151
30
-4.0035112842593803e-15
10
207.66046520412206
20
-87.404011792456501
30
-4.3074712398152696e-15
10
207.58886357020532
20
-87.485204257292736
30
-4.4532975550065866e-15
0
SPLINE
5
1511
100
AcDbEntity
8
0
100
AcDbSpline
70
0
71
2
72
6
73
3
74
0
42
0.000000001
43
0.0000000001
44
0.0000000001
40
0
40
0
40
0
40
1
40
1
40
1
10
207.58886357020532
20
-87.485204257292736
30
-4.4532975550065866e-15
10
207.51726193624879
20
-87.566396573117373
30
-4.5991235214564011e-15
10
207.37592961636423
20
-87.583624018144931
30
-4.5522330599673669e-15
0
SPLINE
5
1512
100
AcDbEntity
8
0
100
AcDbSpline
70
0
71
2
72
6
73
3
74
0
42
0.000000001
43
0.0000000001
44
0.0000000001
40
0
40
0
40
0
40
1
40
1
40
1
10
207.37592961636423
20
-87.583624018144931
30
-4.5522330599673669e-15
10
207.29189379420222
20
-87.593196328382277
30
-4.5227816481215047e-15
10
206.89271256169383
20
-87.593302986467094
30
-4.2767248938775003e-15
0
LINE
5
1513
100
AcDbEntity
8
0
100
AcDbLine
10
206.89271256169383
20
-87.593302986467094
30
-4.2767248938775003e-15
11
206.56801925110233
21
-87.593389741965211
31
-4.0765827638809337e-15
0
LINE
5
1514
100
AcDbEntity
8
0
100
AcDbLine
10
206.56772173100137
20
-86.479883524178703
30
-1.470572124342075e-15
11
206.56752168324948
21
-85.731179773114235
31
2.816677015075207e-16
0
LINE
5
1515
100
AcDbEntity
8
0
100
AcDbLine
10
206.56752168324948
20
-85.731179773114235
30
2.8166770150752021e-16
11
207.09085044569679
21
-85.731039943786115
31
-4.0914038824167946e-17
0
SPLINE
5
1516
100
AcDbEntity
8
0
100
AcDbSpline
70
0
71
2
72
6
73
3
74
0
42
0.000000001
43
0.0000000001
44
0.0000000001
40
0
40
0
40
0
40
1
40
1
40
1
10
207.09085044569679
20
-85.731039943786115
30
-4.0914038824167885e-17
10
207.39644404459824
20
-85.730958291580706
30
-2.2928303751414102e-16
10
207.47857668247761
20
-85.748125730506388
30
-3.2013648609475804e-16
0
SPLINE
5
1517
100
AcDbEntity
8
0
100
AcDbSpline
70
0
71
2
72
6
73
3
74
0
42
0.000000001
43
0.0000000001
44
0.0000000001
40
0
40
0
40
0
40
1
40
1
40
1
10
207.47857668247761
20
-85.748125730506388
30
-3.2013648609475804e-16
10
207.60464066519643
20
-85.771011822075621
30
-4.5147963385351241e-16
10
207.6839272451717
20
-85.859803647373383
30
-7.0819235924340049e-16
0
SPLINE
5
1518
100
AcDbEntity
8
0
100
AcDbSpline
70
0
71
2
72
6
73
3
74
0
42
0.000000001
43
0.0000000001
44
0.0000000001
40
0
40
0
40
0
40
1
40
1
40
1
10
207.6839272451717
20
-85.859803647373383
30
-7.0819235924340049e-16
10
207.7632144211934
20
-85.948595472511883
30
-9.6490545203846013e-16
10
207.76325422660568
20
-86.097572210415322
30
-1.3135653497729359e-15
0
SPLINE
5
1519
100
AcDbEntity
8
0
100
AcDbSpline
70
0
71
2
72
6
73
3
74
0
42
0.000000001
43
0.0000000001
44
0.0000000001
40
0
40
0
40
0
40
1
40
1
40
1
10
207.76325422660568
20
-86.097572210415322
30
-1.3135653497729359e-15
10
207.76328790819417
20
-86.223629771127847
30
-1.6085860143761141e-15
10
207.7021927825466
20
-86.311503940846279
30
-1.7765316733991466e-15
0
SPLINE
5
1520
100
AcDbEntity
8
0
100
AcDbSpline
70
0
71
2
72
6
73
3
74
0
42
0.000000001
43
0.0000000001
44
0.0000000001
40
0
40
0
40
0
40
1
40
1
40
1
10
207.7021927825466
20
-86.311503940846279
30
-1.7765316733991466e-15
10
207.64109765697867
20
-86.399378408587935
30
-1.9444780299051848e-15
10
207.52555583336056
20
-86.439518439448193
30
-1.9671210793322854e-15
0
SPLINE
5
1521
100
AcDbEntity
8
0
100
AcDbSpline
70
0
71
2
72
6
73
3
74
0
42
0.000000001
43
0.0000000001
44
0.0000000001
40
0
40
0
40
0
40
1
40
1
40
1
10
207.52555583336056
20
-86.439518439448193
30
-1.9671210793322854e-15
10
207.41001400974244
20
-86.479658470308436
30
-1.9897641287593855e-15
10
207.02420209857993
20
-86.479761556215777
30
-1.7519482725058586e-15
0
LINE
5
1522
100
AcDbEntity
8
0
100
AcDbLine
10
207.02420209857993
20
-86.479761556215777
30
-1.7519482725058586e-15
11
206.5677217310014
21
-86.479883524178703
31
-1.4705721243420744e-15
0
LINE
5
1523
100
AcDbEntity
8
0
100
AcDbLine
10
186.17661118439923
20
-74.338694874664853
30
2.6535723475534834e-15
11
186.72472891596914
21
-74.164760767554796
31
2.6181726188780813e-15
0
SPLINE
5
1524
100
AcDbEntity
8
0
100
AcDbSpline
70
0
71
2
72
6
73
3
74
0
42
0.000000001
43
0.0000000001
44
0.0000000001
40
0
40
0
40
0
40
1
40
1
40
1
10
186.72472891596911
20
-74.164760767554796
30
2.6181726188780805e-15
10
186.5985647295183
20
-73.706400067070007
30
3.7530659337496089e-15
10
186.30533412803106
20
-73.483958061666868
30
4.4852515602241365e-15
0
SPLINE
5
1525
100
AcDbEntity
8
0
100
AcDbSpline
70
0
71
2
72
6
73
3
74
0
42
0.000000001
43
0.0000000001
44
0.0000000001
40
0
40
0
40
0
40
1
40
1
40
1
10
186.30533412803106
20
-73.483958061666868
30
4.4852515602241365e-15
10
186.01210352661332
20
-73.26151635428694
30
5.2174365128909879e-15
10
185.56135309851663
20
-73.261621494970242
30
5.5696787740499681e-15
0
SPLINE
5
1526
100
AcDbEntity
8
0
100
AcDbSpline
70
0
71
2
72
6
73
3
74
0
42
0.000000001
43
0.0000000001
44
0.0000000001
40
0
40
0
40
0
40
1
40
1
40
1
10
185.56135309851663
20
-73.261621494970242
30
5.5696787740499681e-15
10
185.00364511851242
20
-73.261751584249012
30
6.005503806479965e-15
10
184.644661732288
20
-73.6428720288134
30
5.4246087072411411e-15
0
SPLINE
5
1527
100
AcDbEntity
8
0
100
AcDbSpline
70
0
71
2
72
6
73
3
74
0
42
0.000000001
43
0.0000000001
44
0.0000000001
40
0
40
0
40
0
40
1
40
1
40
1
10
184.644661732288
20
-73.6428720288134
30
5.4246087072411411e-15
10
184.28567830888016
20
-74.023992771409695
30
4.8437129633061991e-15
10
184.28583245576792
20
-74.684838539764854
30
3.3495912739852021e-15
0
SPLINE
5
1528
100
AcDbEntity
8
0
100
AcDbSpline
70
0
71
2
72
6
73
3
74
0
42
0.000000001
43
0.0000000001
44
0.0000000001
40
0
40
0
40
0
40
1
40
1
40
1
10
184.28583245576792
20
-74.684838539764854
30
3.3495912739852021e-15
10
184.28599551290313
20
-75.383883582812871
30
1.7691039490379431e-15
10
184.64706798814777
20
-75.770566012991807
30
6.1256194393443842e-16
0
SPLINE
5
1529
100
AcDbEntity
8
0
100
AcDbSpline
70
0
71
2
72
6
73
3
74
0
42
0.000000001
43
0.0000000001
44
0.0000000001
40
0
40
0
40
0
40
1
40
1
40
1
10
184.64706798814777
20
-75.770566012991807
30
6.1256194393443842e-16
10
185.00814042617424
20
-76.157248592191038
30
-5.4398036896134703e-16
10
185.59640785573507
20
-76.157111374707384
30
-1.0036863096292881e-15
0
SPLINE
5
1530
100
AcDbEntity
8
0
100
AcDbSpline
70
0
71
2
72
6
73
3
74
0
42
0.000000001
43
0.0000000001
44
0.0000000001
40
0
40
0
40
0
40
1
40
1
40
1
10
185.59640785573507
20
-76.157111374707384
30
-1.0036863096292881e-15
10
186.11018676670002
20
-76.15699153219056
30
-1.4051826456355764e-15
10
186.43098903314493
20
-75.853233115593341
30
-9.6932600478058213e-16
0
SPLINE
5
1531
100
AcDbEntity
8
0
100
AcDbSpline
70
0
71
2
72
6
73
3
74
0
42
0.000000001
43
0.0000000001
44
0.0000000001
40
0
40
0
40
0
40
1
40
1
40
1
10
186.43098903314493
20
-75.853233115593341
30
-9.6932600478058213e-16
10
186.62194308154002
20
-75.673652524747013
30
-7.1266394547203554e-16
10
186.71736263477897
20
-75.337477496150811
30
-2.7275896798520547e-17
0
LINE
5
1532
100
AcDbEntity
8
0
100
AcDbLine
10
186.71736263477897
20
-75.337477496150811
30
-2.7275896798520547e-17
11
186.15771343817104
21
-75.203910793050028
31
7.1232096267773739e-16
0
SPLINE
5
1533
100
AcDbEntity
8
0
100
AcDbSpline
70
0
71
2
72
6
73
3
74
0
42
0.000000001
43
0.0000000001
44
0.0000000001
40
0
40
0
40
0
40
1
40
1
40
1
10
186.15771343817104
20
-75.203910793050028
30
7.123209626777372e-16
10
186.10810536306715
20
-75.4216576907328
30
2.5884437281377705e-16
10
185.95056303812726
20
-75.547751858209594
30
9.6973807902153481e-17
0
SPLINE
5
1534
100
AcDbEntity
8
0
100
AcDbSpline
70
0
71
2
72
6
73
3
74
0
42
0.000000001
43
0.0000000001
44
0.0000000001
40
0
40
0
40
0
40
1
40
1
40
1
10
185.95056303812726
20
-75.547751858209594
30
9.6973807902153481e-17
10
185.79302086216418
20
-75.673845876640016
30
-6.4896536551857686e-17
10
185.56764572262159
20
-75.673898446964287
30
1.1122453580451997e-16
0
SPLINE
5
1535
100
AcDbEntity
8
0
100
AcDbSpline
70
0
71
2
72
6
73
3
74
0
42
0.000000001
43
0.0000000001
44
0.0000000001
40
0
40
0
40
0
40
1
40
1
40
1
10
185.56764572262159
20
-75.673898446964287
30
1.1122453580451997e-16
10
185.25632247579045
20
-75.673971065284448
30
3.5451039329822009e-16
10
185.06240952735681
20
-75.450551026910276
30
1.0112422097936177e-15
0
SPLINE
5
1536
100
AcDbEntity
8
0
100
AcDbSpline
70
0
71
2
72
6
73
3
74
0
42
0.000000001
43
0.0000000001
44
0.0000000001
40
0
40
0
40
0
40
1
40
1
40
1
10
185.06240952735681
20
-75.450551026910276
30
1.0112422097936177e-15
10
184.86849650445211
20
-75.227131137565095
30
1.6679737476082896e-15
10
184.86837978049235
20
-74.726721846082768
30
2.7993608453912597e-15
0
SPLINE
5
1537
100
AcDbEntity
8
0
100
AcDbSpline
70
0
71
2
72
6
73
3
74
0
42
0.000000001
43
0.0000000001
44
0.0000000001
40
0
40
0
40
0
40
1
40
1
40
1
10
184.86837978049235
20
-74.726721846082768
30
2.7993608453912597e-15
10
184.86825592832764
20
-74.195753105043821
30
3.9998405190560071e-15
10
185.05919920996178
20
-73.970333563397389
30
4.3601409950545771e-15
0
SPLINE
5
1538
100
AcDbEntity
8
0
100
AcDbSpline
70
0
71
2
72
6
73
3
74
0
42
0.000000001
43
0.0000000001
44
0.0000000001
40
0
40
0
40
0
40
1
40
1
40
1
10
185.05919920996178
20
-73.970333563397389
30
4.3601409950545771e-15
10
185.25014256603217
20
-73.744913723710368
30
4.7204420866377094e-15
10
185.55573601851694
20
-73.744842441904723
30
4.481633819381845e-15
0
SPLINE
5
1539
100
AcDbEntity
8
0
100
AcDbSpline
70
0
71
2
72
6
73
3
74
0
42
0.000000001
43
0.0000000001
44
0.0000000001
40
0
40
0
40
0
40
1
40
1
40
1
10
185.55573601851694
20
-73.744842441904723
30
4.481633819381845e-15
10
185.7811111580595
20
-73.744789871580451
30
4.305512747025467e-15
10
185.94349107907186
20
-73.887998947946556
30
3.8547754903977688e-15
0
SPLINE
5
1540
100
AcDbEntity
8
0
100
AcDbSpline
70
0
71
2
72
6
73
3
74
0
42
0.000000001
43
0.0000000001
44
0.0000000001
40
0
40
0
40
0
40
1
40
1
40
1
10
185.94349107907186
20
-73.887998947946556
30
3.8547754903977688e-15
10
186.10587100008419
20
-74.031208024312633
30
3.4040382337700691e-15
10
186.17661118439923
20
-74.338694874664853
30
2.6535723475534834e-15
0
LINE
5
1541
100
AcDbEntity
8
0
100
AcDbLine
10
187.50570271370731
20
-73.308916946057522
30
3.9423042755223957e-15
11
187.50635048710694
21
-76.085997406397368
31
-2.3364620380015938e-15
0
LINE
5
1542
100
AcDbEntity
8
0
100
AcDbLine
10
187.506350487107
20
-76.085997406397368
30
-2.3364620380015938e-15
11
188.07169844125906
21
-76.085865535041307
31
-2.7782573848257453e-15
0
LINE
5
1543
100
AcDbEntity
8
0
100
AcDbLine
10
188.07169844125906
20
-76.085865535041307
30
-2.7782573848257446e-15
11
188.07116070917704
21
-73.780545096428668
31
2.4338956365051762e-15
0
LINE
5
1544
100
AcDbEntity
8
0
100
AcDbLine
10
188.07116070917704
20
-73.780545096428668
30
2.4338956365051758e-15
11
189.47689062040934
21
-73.780217200115786
31
1.3353775838389516e-15
0
LINE
5
1545
100
AcDbEntity
8
0
100
AcDbLine
10
189.47689062040934
20
-73.7802172001158
30
1.3353775838389518e-15
11
189.47678057909167
21
-73.308457178388593
31
2.4019908760320202e-15
0
LINE
5
1546
100
AcDbEntity
8
0
100
AcDbLine
10
189.47678057909167
20
-73.308457178388579
30
2.4019908760320202e-15
11
187.50570271370731
21
-73.308916946057522
31
3.9423042755223957e-15
0
LINE
5
1547
100
AcDbEntity
8
0
100
AcDbLine
10
190.16245570463383
20
-73.308297239879991
30
1.866164969751087e-15
11
190.1631088241611
21
-76.108297175628579
31
-4.4644205230063576e-15
0
LINE
5
1548
100
AcDbEntity
8
0
100
AcDbLine
10
190.1631088241611
20
-76.108297175628579
30
-4.4644205230063576e-15
11
191.35301360078856
21
-76.108019622034675
31
-5.3942804254204531e-15
0
SPLINE
5
1549
100
AcDbEntity
8
0
100
AcDbSpline
70
0
71
2
72
6
73
3
74
0
42
0.000000001
43
0.0000000001
44
0.0000000001
40
0
40
0
40
0
40
1
40
1
40
1
10
191.35301360078856
20
-76.108019622034675
30
-5.3942804254204531e-15
10
191.80185384908378
20
-76.107914926914148
30
-5.7450299624231135e-15
10
192.0052466328932
20
-76.032424095043822
30
-5.73341479424363e-15
0
SPLINE
5
1550
100
AcDbEntity
8
0
100
AcDbSpline
70
0
71
2
72
6
73
3
74
0
42
0.000000001
43
0.0000000001
44
0.0000000001
40
0
40
0
40
0
40
1
40
1
40
1
10
192.0052466328932
20
-76.032424095043822
30
-5.73341479424363e-15
10
192.20864001274907
20
-75.956933263034472
30
-5.7218000918490466e-15
10
192.33083221830293
20
-75.76399894214623
30
-5.3811779951119141e-15
0
SPLINE
5
1551
100
AcDbEntity
8
0
100
AcDbSpline
70
0
71
2
72
6
73
3
74
0
42
0.000000001
43
0.0000000001
44
0.0000000001
40
0
40
0
40
0
40
1
40
1
40
1
10
192.33083221830293
20
-75.76399894214623
30
-5.3811779951119141e-15
10
192.45302442382206
20
-75.571064472246391
30
-5.0405555614709456e-15
10
192.45296650737015
20
-75.322769857295086
30
-4.4791804459675003e-15
0
SPLINE
5
1552
100
AcDbEntity
8
0
100
AcDbSpline
70
0
71
2
72
6
73
3
74
0
42
0.000000001
43
0.0000000001
44
0.0000000001
40
0
40
0
40
0
40
1
40
1
40
1
10
192.45296650737015
20
-75.322769857295086
30
-4.4791804459675003e-15
10
192.45289299802869
20
-75.007626697895816
30
-3.7666658892478922e-15
10
192.26757897345698
20
-74.802349202195558
30
-3.1576738907764399e-15
0
SPLINE
5
1553
100
AcDbEntity
8
0
100
AcDbSpline
70
0
71
2
72
6
73
3
74
0
42
0.000000001
43
0.0000000001
44
0.0000000001
40
0
40
0
40
0
40
1
40
1
40
1
10
192.26757897345698
20
-74.802349202195558
30
-3.1576738907764399e-15
10
192.08226494892
20
-74.597071855506897
30
-2.5486822292088252e-15
10
191.71363053923446
20
-74.543678914180703
30
-2.1397081319904173e-15
0
SPLINE
5
1554
100
AcDbEntity
8
0
100
AcDbSpline
70
0
71
2
72
6
73
3
74
0
42
0.000000001
43
0.0000000001
44
0.0000000001
40
0
40
0
40
0
40
1
40
1
40
1
10
191.71363053923446
20
-74.543678914180703
30
-2.1397081319904173e-15
10
191.89696198995537
20
-74.436678593113371
30
-2.041170512102838e-15
10
192.01630474372081
20
-74.308683454071002
30
-1.8451308609673631e-15
0
SPLINE
5
1555
100
AcDbEntity
8
0
100
AcDbSpline
70
0
71
2
72
6
73
3
74
0
42
0.000000001
43
0.0000000001
44
0.0000000001
40
0
40
0
40
0
40
1
40
1
40
1
10
192.01630474372081
20
-74.308683454071002
30
-1.8451308609673631e-15
10
192.1356469014398
20
-74.180688315167643
30
-1.6490907440469886e-15
10
192.33802683016845
20
-73.854038044751448
30
-1.0688770886580771e-15
0
LINE
5
1556
100
AcDbEntity
8
0
100
AcDbLine
10
192.33802683016845
20
-73.854038044751448
30
-1.0688770886580771e-15
11
192.67978211034119
21
-73.307710055926563
31
-1.010183981398403e-16
0
LINE
5
1557
100
AcDbEntity
8
0
100
AcDbLine
10
192.67978211034119
20
-73.307710055926563
30
-1.0101839813984006e-16
11
192.00365624467872
21
-73.307867767003657
31
4.2734516826796754e-16
0
LINE
5
1558
100
AcDbEntity
8
0
100
AcDbLine
10
192.00365624467872
20
-73.307867767003657
30
4.2734516826796735e-16
11
191.59506727093785
21
-73.917239980563181
31
-6.3077725977291817e-16
0
SPLINE
5
1559
100
AcDbEntity
8
0
100
AcDbSpline
70
0
71
2
72
6
73
3
74
0
42
0.000000001
43
0.0000000001
44
0.0000000001
40
0
40
0
40
0
40
1
40
1
40
1
10
191.59506727093785
20
-73.917239980563181
30
-6.3077725977291817e-16
10
191.37740769193672
20
-74.243893815064453
30
-1.1990505192659704e-15
10
191.29720920426115
20
-74.32890576745109
30
-1.3285265351536772e-15
0
SPLINE
5
1560
100
AcDbEntity
8
0
100
AcDbSpline
70
0
71
2
72
6
73
3
74
0
42
0.000000001
43
0.0000000001
44
0.0000000001
40
0
40
0
40
0
40
1
40
1
40
1
10
191.29720920426115
20
-74.32890576745109
30
-1.3285265351536772e-15
10
191.21701071655082
20
-74.413917570826129
30
-1.4580022141375479e-15
10
191.12725049466306
20
-74.445452825678927
30
-1.4591041350368958e-15
0
SPLINE
5
1561
100
AcDbEntity
8
0
100
AcDbSpline
70
0
71
2
72
6
73
3
74
0
42
0.000000001
43
0.0000000001
44
0.0000000001
40
0
40
0
40
0
40
1
40
1
40
1
10
191.12725049466306
20
-74.445452825678927
30
-1.4591041350368958e-15
10
191.03748967676358
20
-74.476988229682377
30
-1.4602059270551823e-15
10
190.84267368875445
20
-74.477033671871283
30
-1.3079655300442981e-15
0
LINE
5
1562
100
AcDbEntity
8
0
100
AcDbLine
10
190.84267368875445
20
-74.477033671871283
30
-1.3079655300442981e-15
11
190.72807601368751
21
-74.4770604025788
31
-1.218412327932902e-15
0
LINE
5
1563
100
AcDbEntity
8
0
100
AcDbLine
10
190.72807601368751
20
-74.4770604025788
30
-1.218412327932902e-15
11
190.72780336076266
21
-73.308165368593436
31
1.4243698558193866e-15
0
LINE
5
1564
100
AcDbEntity
8
0
100
AcDbLine
10
190.72780336076266
20
-73.308165368593436
30
1.424369855819386e-15
11
190.16245570463383
21
-73.308297239879991
31
1.8661649697510878e-15
0
LINE
5
1565
100
AcDbEntity
8
0
100
AcDbLine
10
190.72818026331478
20
-74.923990769095781
30
-2.2288876706006381e-15
11
191.14646121106503
21
-74.923893202145393
31
-2.5557564158115795e-15
0
SPLINE
5
1566
100
AcDbEntity
8
0
100
AcDbSpline
70
0
71
2
72
6
73
3
74
0
42
0.000000001
43
0.0000000001
44
0.0000000001
40
0
40
0
40
0
40
1
40
1
40
1
10
191.14646121106503
20
-74.923893202145393
30
-2.5557564158115799e-15
10
191.55328316616897
20
-74.923798308085011
30
-2.8736704463317506e-15
10
191.65451894292147
20
-74.958153909117172
30
-3.0305043962151162e-15
0
SPLINE
5
1567
100
AcDbEntity
8
0
100
AcDbSpline
70
0
71
2
72
6
73
3
74
0
42
0.000000001
43
0.0000000001
44
0.0000000001
40
0
40
0
40
0
40
1
40
1
40
1
10
191.65451894292147
20
-74.958153909117172
30
-3.0305043962151162e-15
10
191.75575471967394
20
-74.992509510149347
30
-3.1873383460984807e-15
10
191.81307286168686
20
-75.076534370375441
30
-3.4221187083549043e-15
0
SPLINE
5
1568
100
AcDbEntity
8
0
100
AcDbSpline
70
0
71
2
72
6
73
3
74
0
42
0.000000001
43
0.0000000001
44
0.0000000001
40
0
40
0
40
0
40
1
40
1
40
1
10
191.81307286168686
20
-75.076534370375441
30
-3.4221187083549043e-15
10
191.87039100369975
20
-75.160559230601535
30
-3.6568990706113278e-15
10
191.87042040743631
20
-75.286616494361255
30
-3.9419048932991712e-15
0
SPLINE
5
1569
100
AcDbEntity
8
0
100
AcDbSpline
70
0
71
2
72
6
73
3
74
0
42
0.000000001
43
0.0000000001
44
0.0000000001
40
0
40
0
40
0
40
1
40
1
40
1
10
191.87042040743631
20
-75.286616494361255
30
-3.9419048932991712e-15
10
191.8704533752927
20
-75.427953557405075
30
-4.2614571723798231e-15
10
191.79503085711988
20
-75.514874277645674
30
-4.3989831533656448e-15
0
SPLINE
5
1570
100
AcDbEntity
8
0
100
AcDbSpline
70
0
71
2
72
6
73
3
74
0
42
0.000000001
43
0.0000000001
44
0.0000000001
40
0
40
0
40
0
40
1
40
1
40
1
10
191.79503085711988
20
-75.514874277645674
30
-4.3989831533656448e-15
10
191.71960714685417
20
-75.601794998164323
30
-4.5365082027816683e-15
10
191.5820956405293
20
-75.624746550338685
30
-4.4808638189523873e-15
0
SPLINE
5
1571
100
AcDbEntity
8
0
100
AcDbSpline
70
0
71
2
72
6
73
3
74
0
42
0.000000001
43
0.0000000001
44
0.0000000001
40
0
40
0
40
0
40
1
40
1
40
1
10
191.5820956405293
20
-75.624746550338685
30
-4.4808638189523873e-15
10
191.51333973989682
20
-75.634312444578086
30
-4.4487237634459941e-15
10
191.169546714696
20
-75.634392636700667
30
-4.1800641571118062e-15
0
LINE
5
1572
100
AcDbEntity
8
0
100
AcDbLine
10
191.169546714696
20
-75.634392636700667
30
-4.1800641571118062e-15
11
190.72834599351378
21
-75.634495549848168
31
-3.835284585164626e-15
0
LINE
5
1573
100
AcDbEntity
8
0
100
AcDbLine
10
190.72834599351378
20
-75.634495549848168
30
-3.8352845851646252e-15
11
190.72818026331478
21
-74.923990769095781
31
-2.2288876706006381e-15
0
LINE
5
1574
100
AcDbEntity
8
0
100
AcDbLine
10
197.58772728570932
20
-73.275819245559276
30
6.5502314573284252e-15
11
197.58847542370285
21
-76.075819157531896
31
-7.8462391276115103e-16
0
LINE
5
1575
100
AcDbEntity
8
0
100
AcDbLine
10
197.58847542370285
20
-76.075819157531896
30
-7.8462391276115053e-16
11
198.43458727970344
21
-76.075593083045476
31
-1.1971847462735925e-15
0
LINE
5
1576
100
AcDbEntity
8
0
100
AcDbLine
10
198.43458727970344
20
-76.075593083045476
30
-1.1971847462735925e-15
11
198.94212606597171
21
-74.165498386233665
31
3.5584043146420492e-15
0
LINE
5
1577
100
AcDbEntity
8
0
100
AcDbLine
10
198.94212606597171
20
-74.165498386233665
30
3.5584043146420492e-15
11
199.44495556100316
21
-76.075323120523763
31
-1.6898363706791906e-15
0
LINE
5
1578
100
AcDbEntity
8
0
100
AcDbLine
10
199.44495556100316
20
-76.075323120523763
30
-1.6898363706791898e-15
11
200.29297733601868
21
-76.075096535721869
31
-2.1033284732373941e-15
0
LINE
5
1579
100
AcDbEntity
8
0
100
AcDbLine
10
200.29297733601874
20
-76.075096535721869
30
-2.1033284732373941e-15
11
200.29222919802521
21
-73.275096623749235
31
5.2315268968521821e-15
0
LINE
5
1580
100
AcDbEntity
8
0
100
AcDbLine
10
200.29222919802521
20
-73.275096623749235
30
5.2315268968521821e-15
11
199.7669905538159
21
-73.275236963416987
31
5.4876312065969923e-15
0
LINE
5
1581
100
AcDbEntity
8
0
100
AcDbLine
10
199.76699055381587
20
-73.275236963416987
30
5.4876312065969923e-15
11
199.76757947007081
21
-75.479329625752655
31
-2.8619072510379466e-16
0
LINE
5
1582
100
AcDbEntity
8
0
100
AcDbLine
10
199.76757947007081
20
-75.479329625752655
30
-2.8619072510379466e-16
11
199.21119246030946
21
-73.275385468331137
31
5.7586361843613839e-15
0
LINE
5
1583
100
AcDbEntity
8
0
100
AcDbLine
10
199.21119246030946
20
-73.275385468331137
30
5.7586361843613839e-15
11
198.66685410441011
21
-73.275530911292833
31
6.0240534388649861e-15
0
LINE
5
1584
100
AcDbEntity
8
0
100
AcDbLine
10
198.66685410441011
20
-73.275530911292833
30
6.0240534388649861e-15
11
198.11355495793225
21
-75.47977156819735
31
5.2030516138972053e-16
0
LINE
5
1585
100
AcDbEntity
8
0
100
AcDbLine
10
198.11355495793222
20
-75.47977156819735
30
5.2030516138972004e-16
11
198.11296604167728
21
-73.275678905861668
31
6.2941270930905071e-15
0
LINE
5
1586
100
AcDbEntity
8
0
100
AcDbLine
10
198.11296604167734
20
-73.275678905861682
30
6.2941270930905071e-15
11
197.58772728570932
21
-73.275819245559276
31
6.550231457328426e-15
0
SPLINE
5
1587
100
AcDbEntity
8
0
100
AcDbSpline
70
0
71
2
72
6
73
3
74
0
42
0.000000001
43
0.0000000001
44
0.0000000001
40
0
40
0
40
0
40
1
40
1
40
1
10
200.92670534709123
20
-74.65773747046353
30
1.2999412151209343e-15
10
200.92681966016187
20
-75.085568419518609
30
1.791989891126587e-16
10
201.05486452315304
20
-75.37584787839171
30
-6.4370047261402876e-16
0
SPLINE
5
1588
100
AcDbEntity
8
0
100
AcDbSpline
70
0
71
2
72
6
73
3
74
0
42
0.000000001
43
0.0000000001
44
0.0000000001
40
0
40
0
40
0
40
1
40
1
40
1
10
201.05486452315304
20
-75.37584787839171
30
-6.4370047261402876e-16
10
201.15041964207225
20
-75.58973776210297
30
-1.2506358236074656e-15
10
201.31567631554663
20
-75.759680099311936
30
-1.7764872881487891e-15
0
SPLINE
5
1589
100
AcDbEntity
8
0
100
AcDbSpline
70
0
71
2
72
6
73
3
74
0
42
0.000000001
43
0.0000000001
44
0.0000000001
40
0
40
0
40
0
40
1
40
1
40
1
10
201.31567631554663
20
-75.759680099311936
30
-1.7764872881487891e-15
10
201.48093328696461
20
-75.92962213841804
30
-2.302338117306054e-15
10
201.6776809501184
20
-76.01169791787548
30
-2.6134035006797705e-15
0
SPLINE
5
1590
100
AcDbEntity
8
0
100
AcDbSpline
70
0
71
2
72
6
73
3
74
0
42
0.000000001
43
0.0000000001
44
0.0000000001
40
0
40
0
40
0
40
1
40
1
40
1
10
201.6776809501184
20
-76.01169791787548
30
-2.6134035006797705e-15
10
201.93937493025038
20
-76.122405615740917
30
-3.0311820986177856e-15
10
202.28125762373509
20
-76.12231426735265
30
-3.197882763532494e-15
0
SPLINE
5
1591
100
AcDbEntity
8
0
100
AcDbSpline
70
0
71
2
72
6
73
3
74
0
42
0.000000001
43
0.0000000001
44
0.0000000001
40
0
40
0
40
0
40
1
40
1
40
1
10
202.28125762373509
20
-76.12231426735265
30
-3.197882763532494e-15
10
202.90008434858618
20
-76.122148921679951
30
-3.4996202555599637e-15
10
203.27146890041274
20
-75.738147782829031
30
-2.6750899061948543e-15
0
SPLINE
5
1592
100
AcDbEntity
8
0
100
AcDbSpline
70
0
71
2
72
6
73
3
74
0
42
0.000000001
43
0.0000000001
44
0.0000000001
40
0
40
0
40
0
40
1
40
1
40
1
10
203.27146890041274
20
-75.738147782829031
30
-2.6750899061948543e-15
10
203.64285345231892
20
-75.354146942001336
30
-1.8505603375287581e-15
10
203.64267075557581
20
-74.670381555031952
30
-5.9374488183346023e-17
0
SPLINE
5
1593
100
AcDbEntity
8
0
100
AcDbSpline
70
0
71
2
72
6
73
3
74
0
42
0.000000001
43
0.0000000001
44
0.0000000001
40
0
40
0
40
0
40
1
40
1
40
1
10
203.64267075557581
20
-74.670381555031952
30
-5.9374488183346023e-17
10
203.64248958978877
20
-73.992345962360304
30
1.7168016419493977e-15
10
203.27376533720985
20
-73.609497739274104
30
2.8997041353436493e-15
0
SPLINE
5
1594
100
AcDbEntity
8
0
100
AcDbSpline
70
0
71
2
72
6
73
3
74
0
42
0.000000001
43
0.0000000001
44
0.0000000001
40
0
40
0
40
0
40
1
40
1
40
1
10
203.27376533720985
20
-73.609497739274104
30
2.8997041353436493e-15
10
202.90504048858458
20
-73.22664951634718
30
4.0826069193678077e-15
10
202.28812409253038
20
-73.226814351594925
30
4.3834129425414529e-15
0
SPLINE
5
1595
100
AcDbEntity
8
0
100
AcDbSpline
70
0
71
2
72
6
73
3
74
0
42
0.000000001
43
0.0000000001
44
0.0000000001
40
0
40
0
40
0
40
1
40
1
40
1
10
202.28812409253038
20
-73.226814351594925
30
4.3834129425414529e-15
10
201.66356727535833
20
-73.226981228303586
30
4.6879444051855324e-15
10
201.2950468552026
20
-73.608116704527461
30
3.8695220027759284e-15
0
SPLINE
5
1596
100
AcDbEntity
8
0
100
AcDbSpline
70
0
71
2
72
6
73
3
74
0
42
0.000000001
43
0.0000000001
44
0.0000000001
40
0
40
0
40
0
40
1
40
1
40
1
10
201.2950468552026
20
-73.608116704527461
30
3.8695220027759284e-15
10
200.92652673299045
20
-73.989251882648503
30
3.0511002357503848e-15
10
200.92670534709123
20
-74.65773747046353
30
1.2999412151209343e-15
0
SPLINE
5
1597
100
AcDbEntity
8
0
100
AcDbSpline
70
0
71
2
72
6
73
3
74
0
42
0.000000001
43
0.0000000001
44
0.0000000001
40
0
40
0
40
0
40
1
40
1
40
1
10
201.50924808065207
20
-74.676681532643812
30
9.6586470544964936e-16
10
201.5091210094285
20
-74.201101602386828
30
2.2116897465278503e-15
10
201.72870062689464
20
-73.955613348222158
30
2.7475167625745808e-15
0
SPLINE
5
1598
100
AcDbEntity
8
0
100
AcDbSpline
70
0
71
2
72
6
73
3
74
0
42
0.000000001
43
0.0000000001
44
0.0000000001
40
0
40
0
40
0
40
1
40
1
40
1
10
201.72870062689464
20
-73.955613348222158
30
2.7475167625745808e-15
10
201.94828024428114
20
-73.710124796034265
30
3.2833445593203232e-15
10
202.2863428762185
20
-73.71003446833663
30
3.1185065414833532e-15
0
SPLINE
5
1599
100
AcDbEntity
8
0
100
AcDbSpline
70
0
71
2
72
6
73
3
74
0
42
0.000000001
43
0.0000000001
44
0.0000000001
40
0
40
0
40
0
40
1
40
1
40
1
10
202.2863428762185
20
-73.71003446833663
30
3.1185065414833532e-15
10
202.62440550815595
20
-73.709944140638996
30
2.9536685236463845e-15
10
202.84125146796069
20
-73.953406052407701
30
2.2100445725894465e-15
0
SPLINE
5
1600
100
AcDbEntity
8
0
100
AcDbSpline
70
0
71
2
72
6
73
3
74
0
42
0.000000001
43
0.0000000001
44
0.0000000001
40
0
40
0
40
0
40
1
40
1
40
1
10
202.84125146796069
20
-73.953406052407701
30
2.2100445725894465e-15
10
203.05809683171901
20
-74.196867964335681
30
1.4664209121624142e-15
10
203.05822696485467
20
-74.683907483188122
30
1.9057643265887835e-16
0
SPLINE
5
1601
100
AcDbEntity
8
0
100
AcDbSpline
70
0
71
2
72
6
73
3
74
0
42
0.000000001
43
0.0000000001
44
0.0000000001
40
0
40
0
40
0
40
1
40
1
40
1
10
203.05822696485467
20
-74.683907483188122
30
1.9057643265887835e-16
10
203.05835556699449
20
-75.16521705873123
30
-1.070257937282484e-15
10
202.8473683445807
20
-75.40210847402642
30
-1.5877615028122033e-15
0
SPLINE
5
1602
100
AcDbEntity
8
0
100
AcDbSpline
70
0
71
2
72
6
73
3
74
0
42
0.000000001
43
0.0000000001
44
0.0000000001
40
0
40
0
40
0
40
1
40
1
40
1
10
202.8473683445807
20
-75.40210847402642
30
-1.5877615028122033e-15
10
202.63638112212706
20
-75.638999740309998
30
-2.1052646779924166e-15
10
202.28685830554778
20
-75.639093130079559
30
-1.9348387189222278e-15
0
SPLINE
5
1603
100
AcDbEntity
8
0
100
AcDbSpline
70
0
71
2
72
6
73
3
74
0
42
0.000000001
43
0.0000000001
44
0.0000000001
40
0
40
0
40
0
40
1
40
1
40
1
10
202.28685830554778
20
-75.639093130079559
30
-1.9348387189222278e-15
10
201.93733608501492
20
-75.639186519689858
30
-1.7644130504819469e-15
10
201.72335634103288
20
-75.399543754899042
30
-1.0321927669824031e-15
0
SPLINE
5
1604
100
AcDbEntity
8
0
100
AcDbSpline
70
0
71
2
72
6
73
3
74
0
42
0.000000001
43
0.0000000001
44
0.0000000001
40
0
40
0
40
0
40
1
40
1
40
1
10
201.72335634103288
20
-75.399543754899042
30
-1.0321927669824031e-15
10
201.50937719313708
20
-75.159901138960564
30
-2.9997316446227311e-16
10
201.50924808065207
20
-74.676681532643812
30
9.6586470544964936e-16
0
LINE
5
1605
100
AcDbEntity
8
0
100
AcDbLine
10
204.26951209712246
20
-76.074034036659242
30
-4.0422712783727897e-15
11
205.3027997046247
21
-76.07375795027238
31
-4.5460982766424879e-15
0
SPLINE
5
1606
100
AcDbEntity
8
0
100
AcDbSpline
70
0
71
2
72
6
73
3
74
0
42
0.000000001
43
0.0000000001
44
0.0000000001
40
0
40
0
40
0
40
1
40
1
40
1
10
205.30279970462465
20
-76.07375795027238
30
-4.5460982766424879e-15
10
205.65232252120396
20
-76.07366456050282
30
-4.7165242357126763e-15
10
205.83566403380803
20
-76.020136793763541
30
-4.6658352736027082e-15
0
SPLINE
5
1607
100
AcDbEntity
8
0
100
AcDbSpline
70
0
71
2
72
6
73
3
74
0
42
0.000000001
43
0.0000000001
44
0.0000000001
40
0
40
0
40
0
40
1
40
1
40
1
10
205.83566403380803
20
-76.020136793763541
30
-4.6658352736027082e-15
10
206.08202937248694
20
-75.947492474496045
30
-4.5958455327631959e-15
10
206.25769614553607
20
-75.762179542980149
30
-4.1962029506927209e-15
0
SPLINE
5
1608
100
AcDbEntity
8
0
100
AcDbSpline
70
0
71
2
72
6
73
3
74
0
42
0.000000001
43
0.0000000001
44
0.0000000001
40
0
40
0
40
0
40
1
40
1
40
1
10
206.25769614553607
20
-75.762179542980149
30
-4.1962029506927209e-15
10
206.43336291854541
20
-75.576866462452642
30
-3.7965599782727389e-15
10
206.52496911860493
20
-75.308492775924634
30
-3.1382965622617932e-15
0
SPLINE
5
1609
100
AcDbEntity
8
0
100
AcDbSpline
70
0
71
2
72
6
73
3
74
0
42
0.000000001
43
0.0000000001
44
0.0000000001
40
0
40
0
40
0
40
1
40
1
40
1
10
206.52496911860493
20
-75.308492775924634
30
-3.1382965622617932e-15
10
206.61657591471086
20
-75.040119089237351
30
-2.480033436880756e-15
10
206.61647078753577
20
-74.646667502015077
30
-1.4493510875465106e-15
0
SPLINE
5
1610
100
AcDbEntity
8
0
100
AcDbSpline
70
0
71
2
72
6
73
3
74
0
42
0.000000001
43
0.0000000001
44
0.0000000001
40
0
40
0
40
0
40
1
40
1
40
1
10
206.61647078753577
20
-74.646667502015077
30
-1.4493510875465106e-15
10
206.61637841855341
20
-74.300965045006294
30
-5.4375194363169735e-16
10
206.53036286319201
20
-74.050783217200859
30
1.5359060225684219e-16
0
SPLINE
5
1611
100
AcDbEntity
8
0
100
AcDbSpline
70
0
71
2
72
6
73
3
74
0
42
0.000000001
43
0.0000000001
44
0.0000000001
40
0
40
0
40
0
40
1
40
1
40
1
10
206.53036286319201
20
-74.050783217200859
30
1.5359060225684219e-16
10
206.42523398877921
20
-73.74521768609759
30
1.0053415458975103e-15
10
206.23036748015792
20
-73.556183845375188
30
1.5956608196124972e-15
0
SPLINE
5
1612
100
AcDbEntity
8
0
100
AcDbSpline
70
0
71
2
72
6
73
3
74
0
42
0.000000001
43
0.0000000001
44
0.0000000001
40
0
40
0
40
0
40
1
40
1
40
1
10
206.23036748015792
20
-73.556183845375188
30
1.5956608196124972e-15
10
206.08326249856944
20
-73.412976196846188
30
2.042618416331138e-15
10
205.83303627231766
20
-73.3328250353768
30
2.374755706233918e-15
0
SPLINE
5
1613
100
AcDbEntity
8
0
100
AcDbSpline
70
0
71
2
72
6
73
3
74
0
42
0.000000001
43
0.0000000001
44
0.0000000001
40
0
40
0
40
0
40
1
40
1
40
1
10
205.83303627231766
20
-73.3328250353768
30
2.374755706233918e-15
10
205.64584458891272
20
-73.273666179486526
30
2.6211249596785559e-15
10
205.33261086691667
20
-73.273749873093138
30
2.7738564980849845e-15
0
LINE
5
1614
100
AcDbEntity
8
0
100
AcDbLine
10
205.33261086691667
20
-73.273749873093138
30
2.7738564980849845e-15
11
204.26876395912896
21
-73.274034124686608
31
3.2925840917167873e-15
0
LINE
5
1615
100
AcDbEntity
8
0
100
AcDbLine
10
204.26876395912896
20
-73.274034124686608
30
3.2925840917167873e-15
11
204.26951209712246
21
-76.074034036659242
31
-4.0422712783727889e-15
0
LINE
5
1616
100
AcDbEntity
8
0
100
AcDbLine
10
204.83473318761216
20
-75.600213229706
30
-3.0771114324434881e-15
11
204.83423766095046
21
-73.745642787903179
31
1.7811051361003785e-15
0
LINE
5
1617
100
AcDbEntity
8
0
100
AcDbLine
10
204.83423766095046
20
-73.745642787903179
30
1.7811051361003777e-15
11
205.25633866669622
21
-73.745530005807737
31
1.5752903357026689e-15
0
SPLINE
5
1618
100
AcDbEntity
8
0
100
AcDbSpline
70
0
71
2
72
6
73
3
74
0
42
0.000000001
43
0.0000000001
44
0.0000000001
40
0
40
0
40
0
40
1
40
1
40
1
10
205.25633866669619
20
-73.745530005807737
30
1.5752903357026691e-15
10
205.49317354193207
20
-73.7454667253769
30
1.4598105763314085e-15
10
205.59822850477516
20
-73.772178194180896
30
1.3385430132971575e-15
0
SPLINE
5
1619
100
AcDbEntity
8
0
100
AcDbSpline
70
0
71
2
72
6
73
3
74
0
42
0.000000001
43
0.0000000001
44
0.0000000001
40
0
40
0
40
0
40
1
40
1
40
1
10
205.59822850477516
20
-73.772178194180896
30
1.3385430132971575e-15
10
205.73575454195552
20
-73.806520812583955
30
1.1814304574936582e-15
10
205.82649952048527
20
-73.888624915131672
30
9.2205156877534805e-16
0
SPLINE
5
1620
100
AcDbEntity
8
0
100
AcDbSpline
70
0
71
2
72
6
73
3
74
0
42
0.000000001
43
0.0000000001
44
0.0000000001
40
0
40
0
40
0
40
1
40
1
40
1
10
205.82649952048527
20
-73.888624915131672
30
9.2205156877534805e-16
10
205.91724509498181
20
-73.970728719496918
30
6.6267317012614399e-16
10
205.97459390113909
20
-74.158844437433089
30
1.4190822580630696e-16
0
SPLINE
5
1621
100
AcDbEntity
8
0
100
AcDbSpline
70
0
71
2
72
6
73
3
74
0
42
0.000000001
43
0.0000000001
44
0.0000000001
40
0
40
0
40
0
40
1
40
1
40
1
10
205.97459390113909
20
-74.158844437433089
30
1.4190822580630696e-16
10
206.03194330334279
20
-74.346960155209999
30
-3.7885700914343674e-16
10
206.03203005876657
20
-74.671653167778288
30
-1.2294199954791275e-15
0
SPLINE
5
1622
100
AcDbEntity
8
0
100
AcDbSpline
70
0
71
2
72
6
73
3
74
0
42
0.000000001
43
0.0000000001
44
0.0000000001
40
0
40
0
40
0
40
1
40
1
40
1
10
206.03203005876657
20
-74.671653167778288
30
-1.2294199954791275e-15
10
206.03211681419032
20
-74.996346180346592
30
-2.0799829818148185e-15
10
205.97486411878401
20
-75.170167734119644
30
-2.5073454694811291e-15
0
SPLINE
5
1623
100
AcDbEntity
8
0
100
AcDbSpline
70
0
71
2
72
6
73
3
74
0
42
0.000000001
43
0.0000000001
44
0.0000000001
40
0
40
0
40
0
40
1
40
1
40
1
10
205.97486411878401
20
-75.170167734119644
30
-2.5073454694811291e-15
10
205.9176120194241
20
-75.343989287733422
30
-2.9347082477773476e-15
10
205.81449996057671
20
-75.441424838602614
30
-3.1395876505682266e-15
0
SPLINE
5
1624
100
AcDbEntity
8
0
100
AcDbSpline
70
0
71
2
72
6
73
3
74
0
42
0.000000001
43
0.0000000001
44
0.0000000001
40
0
40
0
40
0
40
1
40
1
40
1
10
205.81449996057671
20
-75.441424838602614
30
-3.1395876505682266e-15
10
205.71138849773598
20
-75.538860240300949
30
-3.3444669536395071e-15
10
205.55287079182006
20
-75.573281810270771
30
-3.3572293472219471e-15
0
SPLINE
5
1625
100
AcDbEntity
8
0
100
AcDbSpline
70
0
71
2
72
6
73
3
74
0
42
0.000000001
43
0.0000000001
44
0.0000000001
40
0
40
0
40
0
40
1
40
1
40
1
10
205.55287079182006
20
-75.573281810270771
30
-3.3572293472219471e-15
10
205.43446079681962
20
-75.600052987167999
30
-3.3695362703420728e-15
10
205.08875804178763
20
-75.600145356246912
30
-3.2009729583496244e-15
0
LINE
5
1626
100
AcDbEntity
8
0
100
AcDbLine
10
205.08875804178763
20
-75.600145356246912
30
-3.2009729583496244e-15
11
204.83473318761216
21
-75.600213229706
31
-3.0771114324434881e-15
0
LINE
5
1627
100
AcDbEntity
8
0
100
AcDbLine
10
207.28267986716969
20
-73.273228829871016
30
1.8230104764325315e-15
11
207.28342800516319
21
-76.073228741843636
31
-5.5118448936570447e-15
0
LINE
5
1628
100
AcDbEntity
8
0
100
AcDbLine
10
207.28342800516319
20
-76.073228741843636
30
-5.5118448936570447e-15
11
209.35955307601267
21
-76.072674017422955
31
-6.5241553625758375e-15
0
LINE
5
1629
100
AcDbEntity
8
0
100
AcDbLine
10
209.35955307601267
20
-76.072674017422955
30
-6.5241553625758367e-15
11
209.35942651517419
21
-75.599004266951226
31
-5.2833342118177026e-15
0
LINE
5
1630
100
AcDbEntity
8
0
100
AcDbLine
10
209.35942651517416
20
-75.599004266951226
30
-5.2833342118177026e-15
11
207.84864909565289
21
-75.599407934890408
31
-4.5466850477277428e-15
0
LINE
5
1631
100
AcDbEntity
8
0
100
AcDbLine
10
207.84864909565295
20
-75.599407934890408
30
-4.5466850477277436e-15
11
207.84848323966528
21
-74.978671179265675
31
-2.9206084518187123e-15
0
LINE
5
1632
100
AcDbEntity
8
0
100
AcDbLine
10
207.84848323966526
20
-74.978671179265675
30
-2.9206084518187119e-15
11
209.25421343698412
21
-74.978295579124676
31
-3.6060370009951309e-15
0
LINE
5
1633
100
AcDbEntity
8
0
100
AcDbLine
10
209.25421343698412
20
-74.978295579124676
30
-3.6060370009951302e-15
11
209.254087386451
21
-74.50653571041498
31
-2.3702189598580495e-15
0
LINE
5
1634
100
AcDbEntity
8
0
100
AcDbLine
10
209.254087386451
20
-74.50653571041498
30
-2.3702189598580495e-15
11
207.84835718913214
21
-74.506911310555978
31
-1.6847904106816305e-15
0
LINE
5
1635
100
AcDbEntity
8
0
100
AcDbLine
10
207.84835718913214
20
-74.506911310555978
30
-1.6847904106816313e-15
11
207.84815356899119
21
-73.744837493087587
31
3.1153152081612259e-16
0
LINE
5
1636
100
AcDbEntity
8
0
100
AcDbLine
10
207.84815356899122
20
-73.744837493087587
30
3.1153152081612283e-16
11
209.41241065808174
21
-73.744419535797959
31
-4.5119412110238055e-16
0
LINE
5
1637
100
AcDbEntity
8
0
100
AcDbLine
10
209.41241065808174
20
-73.744419535797959
30
-4.5119412110238064e-16
11
209.41228460758848
21
-73.272659816099875
31
7.8462352968519428e-16
0
LINE
5
1638
100
AcDbEntity
8
0
100
AcDbLine
10
209.41228460758845
20
-73.272659816099861
30
7.8462352968519448e-16
11
207.28267986716969
21
-73.273228829871016
31
1.8230104764325315e-15
0
LINE
5
1639
100
AcDbEntity
8
0
100
AcDbLine
10
214.40327163594591
20
-73.253828890010524
30
6.5743830149654388e-15
11
214.40086912716961
21
-76.053827871208341
31
1.2523436503799259e-17
0
LINE
5
1640
100
AcDbEntity
8
0
100
AcDbLine
10
214.40086912716961
20
-76.053827871208327
30
1.2523436503799506e-17
11
216.47699391765624
21
-76.055609267581318
31
-1.6565225408583874e-15
0
LINE
5
1641
100
AcDbEntity
8
0
100
AcDbLine
10
216.47699391765624
20
-76.055609267581332
30
-1.6565225408583874e-15
11
216.47740034471636
21
-75.581939674566712
31
-5.4646736697421214e-16
0
LINE
5
1642
100
AcDbEntity
8
0
100
AcDbLine
10
216.47740034471639
20
-75.581939674566698
30
-5.4646736697421204e-16
11
214.96662327839559
21
-75.580643368680526
31
6.6808216144924359e-16
0
LINE
5
1643
100
AcDbEntity
8
0
100
AcDbLine
10
214.96662327839556
20
-75.580643368680526
30
6.6808216144924339e-16
11
214.96715589466345
21
-74.959906819400842
31
2.1227920020398243e-15
0
LINE
5
1644
100
AcDbEntity
8
0
100
AcDbLine
10
214.96715589466345
20
-74.959906819400842
30
2.1227920020398243e-15
11
216.37288517765538
21
-74.961112990175167
31
9.9269287900591026e-16
0
LINE
5
1645
100
AcDbEntity
8
0
100
AcDbLine
10
216.37288517765538
20
-74.961112990175167
30
9.9269287900591026e-16
11
216.3732899659627
21
-74.489353278287709
31
2.0982722042015237e-15
0
LINE
5
1646
100
AcDbEntity
8
0
100
AcDbLine
10
216.3732899659627
20
-74.489353278287709
30
2.0982722042015233e-15
11
214.96756068297077
21
-74.488147107513385
31
3.2283713272354375e-15
0
LINE
5
1647
100
AcDbEntity
8
0
100
AcDbLine
10
214.96756068297077
20
-74.488147107513385
30
3.2283713272354383e-15
11
214.96821457193226
21
-73.726073543373246
31
5.014307590042976e-15
0
LINE
5
1648
100
AcDbEntity
8
0
100
AcDbLine
10
214.96821457193226
20
-73.726073543373246
30
5.014307590042976e-15
11
216.53247039597534
21
-73.727415736127824
31
3.7567652194456609e-15
0
LINE
5
1649
100
AcDbEntity
8
0
100
AcDbLine
10
216.53247039597534
20
-73.727415736127824
30
3.7567652194456609e-15
11
216.53287518415482
21
-73.255656173251921
31
4.8623441954293921e-15
0
LINE
5
1650
100
AcDbEntity
8
0
100
AcDbLine
10
216.53287518415479
20
-73.255656173251907
30
4.8623441954293921e-15
11
214.40327163594588
21
-73.25382889001051
31
6.5743830149654388e-15
0
LINE
5
1651
100
AcDbEntity
8
0
100
AcDbLine
10
217.29876851054925
20
-73.256313339718972
30
4.246624378699317e-15
11
217.29636600177292
21
-76.056312320916788
31
-2.3152351997623223e-15
0
LINE
5
1652
100
AcDbEntity
8
0
100
AcDbLine
10
217.29636600177292
20
-76.056312320916788
30
-2.3152351997623211e-15
11
217.84643411812817
21
-76.056784300901739
31
-2.7574480094570028e-15
0
LINE
5
1653
100
AcDbEntity
8
0
100
AcDbLine
10
217.84643411812817
20
-76.056784300901739
30
-2.7574480094570028e-15
11
218.9940133918208
21
-74.187918419869746
31
7.0330851968988187e-16
0
LINE
5
1654
100
AcDbEntity
8
0
100
AcDbLine
10
218.9940133918208
20
-74.187918419869746
30
7.0330851968988236e-16
11
218.99240898800599
21
-76.057767592217402
31
-3.6787243968361068e-15
0
LINE
5
1655
100
AcDbEntity
8
0
100
AcDbLine
10
218.99240898800599
20
-76.057767592217417
30
-3.6787243968361068e-15
11
219.51764790465037
21
-76.058218267776681
31
-4.1009764237838152e-15
0
LINE
5
1656
100
AcDbEntity
8
0
100
AcDbLine
10
219.51764790465035
20
-76.058218267776681
30
-4.1009764237838152e-15
11
219.52005041342665
21
-73.258219286578864
31
2.4608831546778242e-15
0
LINE
5
1657
100
AcDbEntity
8
0
100
AcDbLine
10
219.52005041342665
20
-73.258219286578864
30
2.4608831546778242e-15
11
218.95279262186921
21
-73.257732557179438
31
2.9169151521110665e-15
0
LINE
5
1658
100
AcDbEntity
8
0
100
AcDbLine
10
218.95279262186926
20
-73.257732557179423
30
2.9169151521110665e-15
11
217.8224404180765
21
-75.082684282318411
31
-4.5471196401890788e-16
0
LINE
5
1659
100
AcDbEntity
8
0
100
AcDbLine
10
217.8224404180765
20
-75.082684282318411
30
-4.5471196401890788e-16
11
217.82400712917052
21
-73.256764015022526
31
3.8243725913394627e-15
0
LINE
5
1660
100
AcDbEntity
8
0
100
AcDbLine
10
217.82400712917052
20
-73.256764015022526
30
3.8243725913394627e-15
11
217.29876851054925
21
-73.256313339718972
31
4.2466243786993178e-15
0
LINE
5
1661
100
AcDbEntity
8
0
100
AcDbLine
10
221.02891759862032
20
-73.259513953712244
30
1.2478690250064713e-15
11
221.02692151690411
21
-75.585843341895441
31
-4.2039353795709933e-15
0
LINE
5
1662
100
AcDbEntity
8
0
100
AcDbLine
10
221.02692151690411
20
-75.585843341895426
30
-4.2039353795709925e-15
11
220.19608969898982
21
-75.585130455659595
31
-3.5360099687726603e-15
0
LINE
5
1663
100
AcDbEntity
8
0
100
AcDbLine
10
220.19608969898982
20
-75.585130455659609
30
-3.5360099687726603e-15
11
220.19568327192971
21
-76.058800048674229
31
-4.6460651426568357e-15
0
LINE
5
1664
100
AcDbEntity
8
0
100
AcDbLine
10
220.19568327192971
20
-76.058800048674229
30
-4.6460651426568357e-15
11
222.42078463903835
21
-76.06070927278401
31
-6.434876924594684e-15
0
LINE
5
1665
100
AcDbEntity
8
0
100
AcDbLine
10
222.42078463903835
20
-76.06070927278401
30
-6.434876924594684e-15
11
222.42119106609846
21
-75.587039679769376
31
-5.324821750710509e-15
0
LINE
5
1666
100
AcDbEntity
8
0
100
AcDbLine
10
222.42119106609846
20
-75.587039679769376
30
-5.324821750710509e-15
11
221.59226898029974
21
-75.586328432158496
31
-4.6584316188703535e-15
0
LINE
5
1667
100
AcDbEntity
8
0
100
AcDbLine
10
221.59226898029974
20
-75.586328432158496
30
-4.6584316188703527e-15
11
221.59426506201595
21
-73.259999043975313
31
7.9337278570711165e-16
0
LINE
5
1668
100
AcDbEntity
8
0
100
AcDbLine
10
221.59426506201595
20
-73.259999043975313
30
7.9337278570711165e-16
11
221.02891759862032
21
-73.259513953712229
31
1.2478690250064721e-15
0
LINE
5
1669
100
AcDbEntity
8
0
100
AcDbLine
10
200.70698681022736
20
-109.25927127125729
30
6.5739600218613891e-15
11
200.70773469846731
21
-112.05927118329663
31
1.294710582339987e-17
0
LINE
5
1670
100
AcDbEntity
8
0
100
AcDbLine
10
200.70773469846731
20
-112.05927118329663
30
1.2947105823399624e-17
11
201.25780286730395
21
-112.05912425846536
31
-6.3567960132311486e-16
0
LINE
5
1671
100
AcDbEntity
8
0
100
AcDbLine
10
201.25780286730395
20
-112.05912425846536
30
-6.3567960132311486e-16
11
202.40327882476703
21
-110.18896837108711
31
2.3944822144285939e-15
0
LINE
5
1672
100
AcDbEntity
8
0
100
AcDbLine
10
202.40327882476703
20
-110.1889683710871
30
2.3944822144285931e-15
11
202.40377826716531
21
-112.05881816505399
31
-1.9869852979516268e-15
0
LINE
5
1673
100
AcDbEntity
8
0
100
AcDbLine
10
202.40377826716531
20
-112.05881816505402
30
-1.9869852979516264e-15
11
202.92901691138718
21
-112.05867787226204
31
-2.6063336470630212e-15
0
LINE
5
1674
100
AcDbEntity
8
0
100
AcDbLine
10
202.92901691138718
20
-112.05867787226204
30
-2.6063336470630212e-15
11
202.92826902314721
21
-109.25867796022268
31
3.9546792689749683e-15
0
LINE
5
1675
100
AcDbEntity
8
0
100
AcDbLine
10
202.92826902314721
20
-109.25867796022268
30
3.9546792689749683e-15
11
202.36101134103183
21
-109.2588294764237
31
4.623575422759393e-15
0
LINE
5
1676
100
AcDbEntity
8
0
100
AcDbLine
10
202.36101134103183
20
-109.2588294764237
30
4.623575422759393e-15
11
201.23271325643572
21
-111.0850518527517
31
1.6760791285157436e-15
0
LINE
5
1677
100
AcDbEntity
8
0
100
AcDbLine
10
201.23271325643572
20
-111.08505185275169
30
1.6760791285157436e-15
11
201.23222554758146
21
-109.25913097844044
31
5.954611562930756e-15
0
LINE
5
1678
100
AcDbEntity
8
0
100
AcDbLine
10
201.23222554758146
20
-109.25913097844044
30
5.954611562930756e-15
11
200.70698681022736
21
-109.25927127125729
31
6.5739600218613891e-15
0
LINE
5
1679
100
AcDbEntity
8
0
100
AcDbLine
10
203.71517219761057
20
-109.25846777606245
30
3.0267826121392411e-15
11
203.71592008585051
21
-112.05846768810179
31
-3.534230303898748e-15
0
LINE
5
1680
100
AcDbEntity
8
0
100
AcDbLine
10
203.71592008585048
20
-112.05846768810179
30
-3.5342303038987484e-15
11
204.90582455437908
21
-112.05814986110656
31
-4.9373360659953648e-15
0
SPLINE
5
1681
100
AcDbEntity
8
0
100
AcDbSpline
70
0
71
2
72
6
73
3
74
0
42
0.000000001
43
0.0000000001
44
0.0000000001
40
0
40
0
40
0
40
1
40
1
40
1
10
204.90582455437908
20
-112.05814986110656
30
-4.937336065995364e-15
10
205.35466479887376
20
-112.05802997455264
30
-5.4665973218086496e-15
10
205.55805562355272
20
-111.98253225854033
30
-5.5296741171427661e-15
0
SPLINE
5
1682
100
AcDbEntity
8
0
100
AcDbSpline
70
0
71
2
72
6
73
3
74
0
42
0.000000001
43
0.0000000001
44
0.0000000001
40
0
40
0
40
0
40
1
40
1
40
1
10
205.55805562355272
20
-111.98253225854033
30
-5.5296741171427661e-15
10
205.7614458521852
20
-111.90703454268726
30
-5.5927502096337579e-15
10
205.88363152761988
20
-111.71409608619582
30
-5.2848687319619165e-15
0
SPLINE
5
1683
100
AcDbEntity
8
0
100
AcDbSpline
70
0
71
2
72
6
73
3
74
0
42
0.000000001
43
0.0000000001
44
0.0000000001
40
0
40
0
40
0
40
1
40
1
40
1
10
205.88363152761988
20
-111.71409608619582
30
-5.2848687319619165e-15
10
206.00581779906122
20
-111.52115748053359
30
-4.9769876079663782e-15
10
206.00575147883734
20
-111.27286286768474
30
-4.3951789604448812e-15
0
SPLINE
5
1684
100
AcDbEntity
8
0
100
AcDbSpline
70
0
71
2
72
6
73
3
74
0
42
0.000000001
43
0.0000000001
44
0.0000000001
40
0
40
0
40
0
40
1
40
1
40
1
10
206.00575147883734
20
-111.27286286768474
30
-4.3951789604448812e-15
10
206.00566730317013
20
-110.95771971095395
30
-3.6567295366355515e-15
10
205.82034633088864
20
-110.75244848750414
30
-2.9571569424798421e-15
0
SPLINE
5
1685
100
AcDbEntity
8
0
100
AcDbSpline
70
0
71
2
72
6
73
3
74
0
42
0.000000001
43
0.0000000001
44
0.0000000001
40
0
40
0
40
0
40
1
40
1
40
1
10
205.82034633088864
20
-110.75244848750414
30
-2.9571569424798421e-15
10
205.63502535864694
20
-110.54717741306592
30
-2.2575846974909552e-15
10
205.26638914203664
20
-110.49379694855942
30
-1.6976020503247837e-15
0
SPLINE
5
1686
100
AcDbEntity
8
0
100
AcDbSpline
70
0
71
2
72
6
73
3
74
0
42
0.000000001
43
0.0000000001
44
0.0000000001
40
0
40
0
40
0
40
1
40
1
40
1
10
205.26638914203664
20
-110.49379694855942
30
-1.6976020503247837e-15
10
205.44971637507655
20
-110.38679042268184
30
-1.6631856898072976e-15
10
205.569054796654
20
-110.25879124444154
30
-1.504091504016628e-15
0
SPLINE
5
1687
100
AcDbEntity
8
0
100
AcDbSpline
70
0
71
2
72
6
73
3
74
0
42
0.000000001
43
0.0000000001
44
0.0000000001
40
0
40
0
40
0
40
1
40
1
40
1
10
205.569054796654
20
-110.25879124444154
30
-1.504091504016628e-15
10
205.68839321823145
20
-110.13079206620122
30
-1.3449973182259584e-15
10
205.89076149500258
20
-109.8041349463864
30
-8.1842537798910442e-16
0
LINE
5
1688
100
AcDbEntity
8
0
100
AcDbLine
10
205.89076149500258
20
-109.8041349463864
30
-8.1842537798910442e-16
11
206.23249828397903
21
-109.25779539083557
31
5.8414284867256368e-17
0
LINE
5
1689
100
AcDbEntity
8
0
100
AcDbLine
10
206.23249828397903
20
-109.25779539083555
30
5.8414284867256121e-17
11
205.55637302008813
21
-109.25797598588893
31
8.556843840690139e-16
0
LINE
5
1690
100
AcDbEntity
8
0
100
AcDbLine
10
205.55637302008816
20
-109.25797598588895
30
8.556843840690143e-16
11
205.14780407532839
21
-109.86736202834869
31
-9.0018495672566051e-17
0
SPLINE
5
1691
100
AcDbEntity
8
0
100
AcDbSpline
70
0
71
2
72
6
73
3
74
0
42
0.000000001
43
0.0000000001
44
0.0000000001
40
0
40
0
40
0
40
1
40
1
40
1
10
205.14780407532837
20
-109.86736202834869
30
-9.0018495672566544e-17
10
204.93015614841411
20
-110.1940232294032
30
-5.9857305239195487e-16
10
204.84996053809647
20
-110.27903789613673
30
-7.0313938612577308e-16
0
SPLINE
5
1692
100
AcDbEntity
8
0
100
AcDbSpline
70
0
71
2
72
6
73
3
74
0
42
0.000000001
43
0.0000000001
44
0.0000000001
40
0
40
0
40
0
40
1
40
1
40
1
10
204.84996053809647
20
-110.27903789613673
30
-7.0313938612577308e-16
10
204.76976492773898
20
-110.36405241385866
30
-8.077053706927675e-16
10
204.68000517719747
20
-110.39559070687437
30
-7.7569792134241815e-16
0
SPLINE
5
1693
100
AcDbEntity
8
0
100
AcDbSpline
70
0
71
2
72
6
73
3
74
0
42
0.000000001
43
0.0000000001
44
0.0000000001
40
0
40
0
40
0
40
1
40
1
40
1
10
204.68000517719747
20
-110.39559070687437
30
-7.7569792134241815e-16
10
204.59024572471901
20
-110.42712914882208
30
-7.4369117258045538e-16
10
204.39542973835944
20
-110.42718118474698
30
-5.1396900560042504e-16
0
LINE
5
1694
100
AcDbEntity
8
0
100
AcDbLine
10
204.39542973835944
20
-110.42718118474698
30
-5.1396900560042504e-16
11
204.28083236228611
21
-110.42721179404435
31
-3.7883862921943334e-16
0
LINE
5
1695
100
AcDbEntity
8
0
100
AcDbLine
10
204.28083236228611
20
-110.42721179404435
30
-3.7883862921943388e-16
11
204.2805201469755
21
-109.25831676995671
31
2.3601383677283267e-15
0
LINE
5
1696
100
AcDbEntity
8
0
100
AcDbLine
10
204.28052014697545
20
-109.25831676995669
30
2.3601383677283271e-15
11
203.71517219761051
21
-109.25846777606245
31
3.0267826121392411e-15
0
LINE
5
1697
100
AcDbEntity
8
0
100
AcDbLine
10
204.28095173870497
20
-110.8741421567769
30
-1.4260943344248572e-15
11
204.69923268291339
21
-110.87403043270226
31
-1.9193208232032116e-15
0
SPLINE
5
1698
100
AcDbEntity
8
0
100
AcDbSpline
70
0
71
2
72
6
73
3
74
0
42
0.000000001
43
0.0000000001
44
0.0000000001
40
0
40
0
40
0
40
1
40
1
40
1
10
204.69923268291336
20
-110.87403043270227
30
-1.9193208232032112e-15
10
205.10605403852605
20
-110.87392176951754
30
-2.3990344500542478e-15
10
205.20729097801922
20
-110.90827394410698
30
-2.5989577274465507e-15
0
SPLINE
5
1699
100
AcDbEntity
8
0
100
AcDbSpline
70
0
71
2
72
6
73
3
74
0
42
0.000000001
43
0.0000000001
44
0.0000000001
40
0
40
0
40
0
40
1
40
1
40
1
10
205.20729097801922
20
-110.90827394410698
30
-2.5989577274465507e-15
10
205.30852791751238
20
-110.94262611869645
30
-2.7988810048388531e-15
10
205.36584920141851
20
-111.02664903880671
30
-3.0633663314782257e-15
0
SPLINE
5
1700
100
AcDbEntity
8
0
100
AcDbSpline
70
0
71
2
72
6
73
3
74
0
42
0.000000001
43
0.0000000001
44
0.0000000001
40
0
40
0
40
0
40
1
40
1
40
1
10
205.36584920141851
20
-111.02664903880671
30
-3.0633663314782257e-15
10
205.42317048532468
20
-111.11067195891698
30
-3.3278516581175987e-15
10
205.42320415559152
20
-111.23672922160928
30
-3.6232314276413304e-15
0
SPLINE
5
1701
100
AcDbEntity
8
0
100
AcDbSpline
70
0
71
2
72
6
73
3
74
0
42
0.000000001
43
0.0000000001
44
0.0000000001
40
0
40
0
40
0
40
1
40
1
40
1
10
205.42320415559152
20
-111.23672922160928
30
-3.6232314276413304e-15
10
205.42324190713788
20
-111.37806628345632
30
-3.9544151124357534e-15
10
205.34782173487787
20
-111.4649895565546
30
-4.069087193626047e-15
0
SPLINE
5
1702
100
AcDbEntity
8
0
100
AcDbSpline
70
0
71
2
72
6
73
3
74
0
42
0.000000001
43
0.0000000001
44
0.0000000001
40
0
40
0
40
0
40
1
40
1
40
1
10
205.34782173487787
20
-111.4649895565546
30
-4.069087193626047e-15
10
205.27240156261792
20
-111.55191282965289
30
-4.1837592748163407e-15
10
205.13489053516611
20
-111.57486903610399
30
-4.0753078208933881e-15
0
SPLINE
5
1703
100
AcDbEntity
8
0
100
AcDbSpline
70
0
71
2
72
6
73
3
74
0
42
0.000000001
43
0.0000000001
44
0.0000000001
40
0
40
0
40
0
40
1
40
1
40
1
10
205.13489053516611
20
-111.57486903610399
30
-4.0753078208933881e-15
10
205.06613466031678
20
-111.58443725752764
30
-4.0166069984631232e-15
10
204.72234193605021
20
-111.58452908557892
30
-3.6112151664770218e-15
0
LINE
5
1704
100
AcDbEntity
8
0
100
AcDbLine
10
204.72234193605021
20
-111.58452908557892
30
-3.6112151664770218e-15
11
204.28114151662712
21
-111.58464693151303
31
-3.0909626024224691e-15
0
LINE
5
1705
100
AcDbEntity
8
0
100
AcDbLine
10
204.28114151662714
20
-111.58464693151303
30
-3.0909626024224699e-15
11
204.28095173870497
21
-110.8741421567769
31
-1.4260943344248574e-15
0
LINE
5
1706
100
AcDbEntity
8
0
100
AcDbLine
10
62.369999932944786
20
-23.250000032782548
30
0
11
62.369999932944786
21
-26.050000044703477
31
0
0
LINE
5
1707
100
AcDbEntity
8
0
100
AcDbLine
10
62.369999932944786
20
-26.050000044703477
30
0
11
64.289508770108228
21
-26.050000044703477
31
0
0
LINE
5
1708
100
AcDbEntity
8
0
100
AcDbLine
10
64.289508770108228
20
-26.050000044703477
30
0
11
64.289508770108228
21
-25.576330277323716
31
0
0
LINE
5
1709
100
AcDbEntity
8
0
100
AcDbLine
10
64.289508770108228
20
-25.576330277323716
30
0
11
62.935347865223896
21
-25.576330277323716
31
0
0
LINE
5
1710
100
AcDbEntity
8
0
100
AcDbLine
10
62.935347865223896
20
-25.576330277323716
30
0
11
62.935347865223896
21
-24.913574460148805
31
0
0
LINE
5
1711
100
AcDbEntity
8
0
100
AcDbLine
10
62.935347865223896
20
-24.913574460148805
30
0
11
64.104242781996732
21
-24.913574460148805
31
0
0
LINE
5
1712
100
AcDbEntity
8
0
100
AcDbLine
10
64.104242781996732
20
-24.913574460148805
30
0
11
64.104242781996732
21
-24.439904543757432
31
0
0
LINE
5
1713
100
AcDbEntity
8
0
100
AcDbLine
10
64.104242781996732
20
-24.439904543757432
30
0
11
62.935347865223896
21
-24.439904543757432
31
0
0
LINE
5
1714
100
AcDbEntity
8
0
100
AcDbLine
10
62.935347865223896
20
-24.439904543757432
30
0
11
62.935347865223896
21
-23.250000032782548
31
0
0
LINE
5
1715
100
AcDbEntity
8
0
100
AcDbLine
10
62.935347865223896
20
-23.250000032782548
30
0
11
62.369999932944786
21
-23.250000032782548
31
0
0
LINE
5
1716
100
AcDbEntity
8
0
100
AcDbLine
10
66.291145841479306
20
-23.250000032782548
30
0
11
65.754447440505032
21
-23.250000032782548
31
0
0
LINE
5
1717
100
AcDbEntity
8
0
100
AcDbLine
10
65.754447440505032
20
-23.250000032782548
30
0
11
65.754447440505032
21
-25.272646698355668
31
0
0
SPLINE
5
1718
100
AcDbEntity
8
0
100
AcDbSpline
70
0
71
2
72
6
73
3
74
0
42
0.000000001
43
0.0000000001
44
0.0000000001
40
0
40
0
40
0
40
1
40
1
40
1
10
65.754447440505032
20
-25.272646698355668
30
0
10
65.460313717722897
20
-24.997612538933748
30
0
10
65.061132172942166
20
-24.865825477242463
30
0
0
LINE
5
1719
100
AcDbEntity
8
0
100
AcDbLine
10
65.061132172942166
20
-24.865825477242463
30
0
11
65.061132172942166
21
-25.35286501348018
31
0
0
SPLINE
5
1720
100
AcDbEntity
8
0
100
AcDbSpline
70
0
71
2
72
6
73
3
74
0
42
0.000000001
43
0.0000000001
44
0.0000000001
40
0
40
0
40
0
40
1
40
1
40
1
10
65.061132172942166
20
-25.35286501348018
30
0
10
65.271227816939358
20
-25.421623590588563
30
0
10
65.517612556815152
20
-25.613574388623231
30
0
0
SPLINE
5
1721
100
AcDbEntity
8
0
100
AcDbSpline
70
0
71
2
72
6
73
3
74
0
42
0.000000001
43
0.0000000001
44
0.0000000001
40
0
40
0
40
0
40
1
40
1
40
1
10
65.517612556815152
20
-25.613574388623231
30
0
10
65.763997296690945
20
-25.805525335669511
30
0
10
65.855675200819974
20
-26.061459931731218
30
0
0
LINE
5
1722
100
AcDbEntity
8
0
100
AcDbLine
10
65.855675200819974
20
-26.061459931731218
30
0
11
66.291145841479306
21
-26.061459931731218
31
0
0
LINE
5
1723
100
AcDbEntity
8
0
100
AcDbLine
10
66.291145841479306
20
-26.061459931731218
30
0
11
66.291145841479306
21
-23.250000032782548
31
0
0
LINE
5
1724
100
AcDbEntity
8
0
100
AcDbLine
10
80.119999932944751
20
-23.235000137686722
30
0
11
80.119999932944751
21
-26.035000149607651
31
0
0
LINE
5
1725
100
AcDbEntity
8
0
100
AcDbLine
10
80.119999932944751
20
-26.035000149607651
30
0
11
82.039508770108199
21
-26.035000149607651
31
0
0
LINE
5
1726
100
AcDbEntity
8
0
100
AcDbLine
10
82.039508770108199
20
-26.035000149607651
30
0
11
82.039508770108199
21
-25.56133038222789
31
0
0
LINE
5
1727
100
AcDbEntity
8
0
100
AcDbLine
10
82.039508770108199
20
-25.56133038222789
30
0
11
80.685347865223861
21
-25.56133038222789
31
0
0
LINE
5
1728
100
AcDbEntity
8
0
100
AcDbLine
10
80.685347865223861
20
-25.56133038222789
30
0
11
80.685347865223861
21
-24.898574565052979
31
0
0
LINE
5
1729
100
AcDbEntity
8
0
100
AcDbLine
10
80.685347865223861
20
-24.898574565052979
30
0
11
81.854242781996703
21
-24.898574565052979
31
0
0
LINE
5
1730
100
AcDbEntity
8
0
100
AcDbLine
10
81.854242781996703
20
-24.898574565052979
30
0
11
81.854242781996703
21
-24.424904648661606
31
0
0
LINE
5
1731
100
AcDbEntity
8
0
100
AcDbLine
10
81.854242781996703
20
-24.424904648661606
30
0
11
80.685347865223861
21
-24.424904648661606
31
0
0
LINE
5
1732
100
AcDbEntity
8
0
100
AcDbLine
10
80.685347865223861
20
-24.424904648661606
30
0
11
80.685347865223861
21
-23.235000137686722
31
0
0
LINE
5
1733
100
AcDbEntity
8
0
100
AcDbLine
10
80.685347865223861
20
-23.235000137686722
30
0
11
80.119999932944751
21
-23.235000137686722
31
0
0
LINE
5
1734
100
AcDbEntity
8
0
100
AcDbLine
10
84.480436543822265
20
-23.733499411940567
30
0
11
84.480436543822265
21
-23.235000137686722
31
0
0
LINE
5
1735
100
AcDbEntity
8
0
100
AcDbLine
10
84.480436543822265
20
-23.235000137686722
30
0
11
82.599126796126342
21
-23.235000137686722
31
0
0
SPLINE
5
1736
100
AcDbEntity
8
0
100
AcDbSpline
70
0
71
2
72
6
73
3
74
0
42
0.000000001
43
0.0000000001
44
0.0000000001
40
0
40
0
40
0
40
1
40
1
40
1
10
82.599126796126342
20
-23.235000137686722
30
0
10
82.629686097502685
20
-23.517673973441116
30
0
10
82.782482902407622
20
-23.770743672251694
30
0
0
SPLINE
5
1737
100
AcDbEntity
8
0
100
AcDbSpline
70
0
71
2
72
6
73
3
74
0
42
0.000000001
43
0.0000000001
44
0.0000000001
40
0
40
0
40
0
40
1
40
1
40
1
10
82.782482902407622
20
-23.770743672251694
30
0
10
82.93527970731256
20
-24.023813371062271
30
0
10
83.386029998660064
20
-24.442094330191605
30
0
0
SPLINE
5
1738
100
AcDbEntity
8
0
100
AcDbSpline
70
0
71
2
72
6
73
3
74
0
42
0.000000001
43
0.0000000001
44
0.0000000001
40
0
40
0
40
0
40
1
40
1
40
1
10
83.386029998660064
20
-24.442094330191605
30
0
10
83.74892214953897
20
-24.780157123208038
30
0
10
83.831050495505309
20
-24.900484446883194
30
0
0
SPLINE
5
1739
100
AcDbEntity
8
0
100
AcDbSpline
70
0
71
2
72
6
73
3
74
0
42
0.000000001
43
0.0000000001
44
0.0000000001
40
0
40
0
40
0
40
1
40
1
40
1
10
83.831050495505309
20
-24.900484446883194
30
0
10
83.941828112006164
20
-25.066650871634476
30
0
10
83.941828112006164
20
-25.228997383713715
30
0
0
SPLINE
5
1740
100
AcDbEntity
8
0
100
AcDbSpline
70
0
71
2
72
6
73
3
74
0
42
0.000000001
43
0.0000000001
44
0.0000000001
40
0
40
0
40
0
40
1
40
1
40
1
10
83.941828112006164
20
-25.228997383713715
30
0
10
83.941828112006164
20
-25.408533577322952
30
0
10
83.845375279784179
20
-25.504986558556549
30
0
0
SPLINE
5
1741
100
AcDbEntity
8
0
100
AcDbSpline
70
0
71
2
72
6
73
3
74
0
42
0.000000001
43
0.0000000001
44
0.0000000001
40
0
40
0
40
0
40
1
40
1
40
1
10
83.845375279784179
20
-25.504986558556549
30
0
10
83.74892214953897
20
-25.601439390778534
30
0
10
83.578935961127257
20
-25.601439390778534
30
0
0
SPLINE
5
1742
100
AcDbEntity
8
0
100
AcDbSpline
70
0
71
2
72
6
73
3
74
0
42
0.000000001
43
0.0000000001
44
0.0000000001
40
0
40
0
40
0
40
1
40
1
40
1
10
83.578935961127257
20
-25.601439390778534
30
0
10
83.410859505534148
20
-25.601439390778534
30
0
10
83.31154147803781
20
-25.500211630463593
30
0
0
SPLINE
5
1743
100
AcDbEntity
8
0
100
AcDbSpline
70
0
71
2
72
6
73
3
74
0
42
0.000000001
43
0.0000000001
44
0.0000000001
40
0
40
0
40
0
40
1
40
1
40
1
10
83.31154147803781
20
-25.500211630463593
30
0
10
83.212223748564696
20
-25.398983870148651
30
0
10
83.196944097876525
20
-25.164058868288986
30
0
0
LINE
5
1744
100
AcDbEntity
8
0
100
AcDbLine
10
83.196944097876525
20
-25.164058868288986
30
0
11
82.662155429720855
21
-25.217537645697586
31
0
0
SPLINE
5
1745
100
AcDbEntity
8
0
100
AcDbSpline
70
0
71
2
72
6
73
3
74
0
42
0.000000001
43
0.0000000001
44
0.0000000001
40
0
40
0
40
0
40
1
40
1
40
1
10
82.662155429720855
20
-25.217537645697586
30
0
10
82.709904412627196
20
-25.660648260712616
30
0
10
82.962018947005248
20
-25.853554074168198
30
0
0
SPLINE
5
1746
100
AcDbEntity
8
0
100
AcDbSpline
70
0
71
2
72
6
73
3
74
0
42
0.000000001
43
0.0000000001
44
0.0000000001
40
0
40
0
40
0
40
1
40
1
40
1
10
82.962018947005248
20
-25.853554074168198
30
0
10
83.2141334813833
20
-26.046460036635391
30
0
10
83.592305580973601
20
-26.046460036635391
30
0
0
SPLINE
5
1747
100
AcDbEntity
8
0
100
AcDbSpline
70
0
71
2
72
6
73
3
74
0
42
0.000000001
43
0.0000000001
44
0.0000000001
40
0
40
0
40
0
40
1
40
1
40
1
10
83.592305580973601
20
-26.046460036635391
30
0
10
84.006766776442504
20
-26.046460036635391
30
0
10
84.243601660132384
20
-25.822994772791855
30
0
0
SPLINE
5
1748
100
AcDbEntity
8
0
100
AcDbSpline
70
0
71
2
72
6
73
3
74
0
42
0.000000001
43
0.0000000001
44
0.0000000001
40
0
40
0
40
0
40
1
40
1
40
1
10
84.243601660132384
20
-25.822994772791855
30
0
10
84.480436543822265
20
-25.599529508948319
30
0
10
84.480436543822265
20
-25.267196659445755
30
0
0
SPLINE
5
1749
100
AcDbEntity
8
0
100
AcDbSpline
70
0
71
2
72
6
73
3
74
0
42
0.000000001
43
0.0000000001
44
0.0000000001
40
0
40
0
40
0
40
1
40
1
40
1
10
84.480436543822265
20
-25.267196659445755
30
0
10
84.480436543822265
20
-25.078110609650604
30
0
10
84.412632982134795
20
-24.907169256806366
30
0
0
SPLINE
5
1750
100
AcDbEntity
8
0
100
AcDbSpline
70
0
71
2
72
6
73
3
74
0
42
0.000000001
43
0.0000000001
44
0.0000000001
40
0
40
0
40
0
40
1
40
1
40
1
10
84.412632982134795
20
-24.907169256806366
30
0
10
84.344829420447326
20
-24.73622805297374
30
0
10
84.19776270806787
20
-24.549052034020416
30
0
0
SPLINE
5
1751
100
AcDbEntity
8
0
100
AcDbSpline
70
0
71
2
72
6
73
3
74
0
42
0.000000001
43
0.0000000001
44
0.0000000001
40
0
40
0
40
0
40
1
40
1
40
1
10
84.19776270806787
20
-24.549052034020416
30
0
10
84.10035471141336
20
-24.424904648661606
30
0
10
83.84633014619348
20
-24.191889528632156
30
0
0
SPLINE
5
1752
100
AcDbEntity
8
0
100
AcDbSpline
70
0
71
2
72
6
73
3
74
0
42
0.000000001
43
0.0000000001
44
0.0000000001
40
0
40
0
40
0
40
1
40
1
40
1
10
83.84633014619348
20
-24.191889528632156
30
0
10
83.592305580973601
20
-23.958874706625931
30
0
10
83.524502019286132
20
-23.882476453185074
30
0
0
SPLINE
5
1753
100
AcDbEntity
8
0
100
AcDbSpline
70
0
71
2
72
6
73
3
74
0
42
0.000000001
43
0.0000000001
44
0.0000000001
40
0
40
0
40
0
40
1
40
1
40
1
10
83.524502019286132
20
-23.882476453185074
30
0
10
83.456698457598662
20
-23.806077901720993
30
0
10
83.414679269194579
20
-23.733499411940567
30
0
0
LINE
5
1754
100
AcDbEntity
8
0
100
AcDbLine
10
83.414679269194579
20
-23.733499411940567
30
0
11
84.480436543822265
21
-23.733499411940567
31
0
0
LINE
5
1755
100
AcDbEntity
8
0
100
AcDbLine
10
98.099999932944769
20
-23.300000080466262
30
0
11
98.099999932944769
21
-26.100000092387191
31
0
0
LINE
5
1756
100
AcDbEntity
8
0
100
AcDbLine
10
98.099999932944769
20
-26.100000092387191
30
0
11
100.01950877010822
21
-26.100000092387191
31
0
0
LINE
5
1757
100
AcDbEntity
8
0
100
AcDbLine
10
100.01950877010822
20
-26.100000092387191
30
0
11
100.01950877010822
21
-25.62633032500743
31
0
0
LINE
5
1758
100
AcDbEntity
8
0
100
AcDbLine
10
100.01950877010822
20
-25.62633032500743
30
0
11
98.665347865223879
21
-25.62633032500743
31
0
0
LINE
5
1759
100
AcDbEntity
8
0
100
AcDbLine
10
98.665347865223879
20
-25.62633032500743
30
0
11
98.665347865223879
21
-24.963574507832519
31
0
0
LINE
5
1760
100
AcDbEntity
8
0
100
AcDbLine
10
98.665347865223879
20
-24.963574507832519
30
0
11
99.834242781996721
21
-24.963574507832519
31
0
0
LINE
5
1761
100
AcDbEntity
8
0
100
AcDbLine
10
99.834242781996721
20
-24.963574507832519
30
0
11
99.834242781996721
21
-24.489904591441146
31
0
0
LINE
5
1762
100
AcDbEntity
8
0
100
AcDbLine
10
99.834242781996721
20
-24.489904591441146
30
0
11
98.665347865223879
21
-24.489904591441146
31
0
0
LINE
5
1763
100
AcDbEntity
8
0
100
AcDbLine
10
98.665347865223879
20
-24.489904591441146
30
0
11
98.665347865223879
21
-23.300000080466262
31
0
0
LINE
5
1764
100
AcDbEntity
8
0
100
AcDbLine
10
98.665347865223879
20
-23.300000080466262
30
0
11
98.099999932944769
21
-23.300000080466262
31
0
0
LINE
5
1765
100
AcDbEntity
8
0
100
AcDbLine
10
100.62878551185131
20
-24.042974063754073
30
0
11
101.1482945293188
21
-24.106002697348586
31
0
0
SPLINE
5
1766
100
AcDbEntity
8
0
100
AcDbSpline
70
0
71
2
72
6
73
3
74
0
42
0.000000001
43
0.0000000001
44
0.0000000001
40
0
40
0
40
0
40
1
40
1
40
1
10
101.1482945293188
20
-24.106002697348586
30
0
10
101.17312373816966
20
-23.907367238402358
30
0
10
101.28199162185192
20
-23.802319416403762
30
0
0
SPLINE
5
1767
100
AcDbEntity
8
0
100
AcDbSpline
70
0
71
2
72
6
73
3
74
0
42
0.000000001
43
0.0000000001
44
0.0000000001
40
0
40
0
40
0
40
1
40
1
40
1
10
101.28199162185192
20
-23.802319416403762
30
0
10
101.39085920751094
20
-23.697271594405166
30
0
10
101.54556604325771
20
-23.697271594405166
30
0
0
SPLINE
5
1768
100
AcDbEntity
8
0
100
AcDbSpline
70
0
71
2
72
6
73
3
74
0
42
0.000000001
43
0.0000000001
44
0.0000000001
40
0
40
0
40
0
40
1
40
1
40
1
10
101.54556604325771
20
-23.697271594405166
30
0
10
101.71173246800899
20
-23.697271594405166
30
0
10
101.82537498176097
20
-23.823328861594192
30
0
0
SPLINE
5
1769
100
AcDbEntity
8
0
100
AcDbSpline
70
0
71
2
72
6
73
3
74
0
42
0.000000001
43
0.0000000001
44
0.0000000001
40
0
40
0
40
0
40
1
40
1
40
1
10
101.82537498176097
20
-23.823328861594192
30
0
10
101.93901749551296
20
-23.949386128783217
30
0
10
101.93901749551296
20
-24.163301536440841
30
0
0
SPLINE
5
1770
100
AcDbEntity
8
0
100
AcDbSpline
70
0
71
2
72
6
73
3
74
0
42
0.000000001
43
0.0000000001
44
0.0000000001
40
0
40
0
40
0
40
1
40
1
40
1
10
101.93901749551296
20
-24.163301536440841
30
0
10
101.93901749551296
20
-24.365757355093947
30
0
10
101.83014961183071
20
-24.484174796938888
30
0
0
SPLINE
5
1771
100
AcDbEntity
8
0
100
AcDbSpline
70
0
71
2
72
6
73
3
74
0
42
0.000000001
43
0.0000000001
44
0.0000000001
40
0
40
0
40
0
40
1
40
1
40
1
10
101.83014961183071
20
-24.484174796938888
30
0
10
101.72128202617168
20
-24.602592238783828
30
0
10
101.56466545760631
20
-24.602592238783828
30
0
0
SPLINE
5
1772
100
AcDbEntity
8
0
100
AcDbSpline
70
0
71
2
72
6
73
3
74
0
42
0.000000001
43
0.0000000001
44
0.0000000001
40
0
40
0
40
0
40
1
40
1
40
1
10
101.56466545760631
20
-24.602592238783828
30
0
10
101.46152766644954
20
-24.602592238783828
30
0
10
101.31828071773052
20
-24.562483081221572
30
0
0
LINE
5
1773
100
AcDbEntity
8
0
100
AcDbLine
10
101.31828071773052
20
-24.562483081221572
30
0
11
101.3774895876646
21
-24.99986360371112
31
0
0
SPLINE
5
1774
100
AcDbEntity
8
0
100
AcDbSpline
70
0
71
2
72
6
73
3
74
0
42
0.000000001
43
0.0000000001
44
0.0000000001
40
0
40
0
40
0
40
1
40
1
40
1
10
101.3774895876646
20
-24.99986360371112
30
0
10
101.59522475898265
20
-24.994133809208861
30
0
10
101.70982243716716
20
-25.094406703114501
30
0
0
SPLINE
5
1775
100
AcDbEntity
8
0
100
AcDbSpline
70
0
71
2
72
6
73
3
74
0
42
0.000000001
43
0.0000000001
44
0.0000000001
40
0
40
0
40
0
40
1
40
1
40
1
10
101.70982243716716
20
-25.094406703114501
30
0
10
101.82441981732845
20
-25.194679448008529
30
0
10
101.82441981732845
20
-25.360845872759811
30
0
0
SPLINE
5
1776
100
AcDbEntity
8
0
100
AcDbSpline
70
0
71
2
72
6
73
3
74
0
42
0.000000001
43
0.0000000001
44
0.0000000001
40
0
40
0
40
0
40
1
40
1
40
1
10
101.82441981732845
20
-25.360845872759811
30
0
10
101.82441981732845
20
-25.50218293964862
30
0
10
101.7403817385435
20
-25.586221167445174
30
0
0
SPLINE
5
1777
100
AcDbEntity
8
0
100
AcDbSpline
70
0
71
2
72
6
73
3
74
0
42
0.000000001
43
0.0000000001
44
0.0000000001
40
0
40
0
40
0
40
1
40
1
40
1
10
101.7403817385435
20
-25.586221167445174
30
0
10
101.65634365975856
20
-25.670259246230117
30
0
10
101.51691647469997
20
-25.670259246230117
30
0
0
SPLINE
5
1778
100
AcDbEntity
8
0
100
AcDbSpline
70
0
71
2
72
6
73
3
74
0
42
0.000000001
43
0.0000000001
44
0.0000000001
40
0
40
0
40
0
40
1
40
1
40
1
10
101.51691647469997
20
-25.670259246230117
30
0
10
101.37939961850643
20
-25.670259246230117
30
0
10
101.28199162185192
20
-25.574761429429046
30
0
0
SPLINE
5
1779
100
AcDbEntity
8
0
100
AcDbSpline
70
0
71
2
72
6
73
3
74
0
42
0.000000001
43
0.0000000001
44
0.0000000001
40
0
40
0
40
0
40
1
40
1
40
1
10
101.28199162185192
20
-25.574761429429046
30
0
10
101.1845836251974
20
-25.479263463616363
30
0
10
101.16357418000698
20
-25.295907357335082
30
0
0
LINE
5
1780
100
AcDbEntity
8
0
100
AcDbLine
10
101.16357418000698
20
-25.295907357335082
30
0
11
100.66889466941356
21
-25.379945585131637
31
0
0
SPLINE
5
1781
100
AcDbEntity
8
0
100
AcDbSpline
70
0
71
2
72
6
73
3
74
0
42
0.000000001
43
0.0000000001
44
0.0000000001
40
0
40
0
40
0
40
1
40
1
40
1
10
100.66889466941356
20
-25.379945585131637
30
0
10
100.72046341598033
20
-25.633970150351516
30
0
10
100.82455637156963
20
-25.785811790823928
30
0
0
SPLINE
5
1782
100
AcDbEntity
8
0
100
AcDbSpline
70
0
71
2
72
6
73
3
74
0
42
0.000000001
43
0.0000000001
44
0.0000000001
40
0
40
0
40
0
40
1
40
1
40
1
10
100.82455637156963
20
-25.785811790823928
30
0
10
100.9286490291357
20
-25.937653729319564
30
0
10
101.11487003266811
20
-26.024556705355636
30
0
0
SPLINE
5
1783
100
AcDbEntity
8
0
100
AcDbSpline
70
0
71
2
72
6
73
3
74
0
42
0.000000001
43
0.0000000001
44
0.0000000001
40
0
40
0
40
0
40
1
40
1
40
1
10
101.11487003266811
20
-26.024556705355636
30
0
10
101.30109103620052
20
-26.111459979414931
30
0
10
101.53219612538814
20
-26.111459979414931
30
0
0
SPLINE
5
1784
100
AcDbEntity
8
0
100
AcDbSpline
70
0
71
2
72
6
73
3
74
0
42
0.000000001
43
0.0000000001
44
0.0000000001
40
0
40
0
40
0
40
1
40
1
40
1
10
101.53219612538814
20
-26.111459979414931
30
0
10
101.92755790650844
20
-26.111459979414931
30
0
10
102.16630252301692
20
-25.859345147013656
30
0
0
SPLINE
5
1785
100
AcDbEntity
8
0
100
AcDbSpline
70
0
71
2
72
6
73
3
74
0
42
0.000000001
43
0.0000000001
44
0.0000000001
40
0
40
0
40
0
40
1
40
1
40
1
10
102.16630252301692
20
-25.859345147013656
30
0
10
102.36302824914455
20
-25.65306971371173
30
0
10
102.36302824914455
20
-25.393315204977981
30
0
0
SPLINE
5
1786
100
AcDbEntity
8
0
100
AcDbSpline
70
0
71
2
72
6
73
3
74
0
42
0.000000001
43
0.0000000001
44
0.0000000001
40
0
40
0
40
0
40
1
40
1
40
1
10
102.36302824914455
20
-25.393315204977981
30
0
10
102.36302824914455
20
-25.024693110585204
30
0
10
101.96002694070339
20
-24.805047908425323
30
0
0
SPLINE
5
1787
100
AcDbEntity
8
0
100
AcDbSpline
70
0
71
2
72
6
73
3
74
0
42
0.000000001
43
0.0000000001
44
0.0000000001
40
0
40
0
40
0
40
1
40
1
40
1
10
101.96002694070339
20
-24.805047908425323
30
0
10
102.20068188607692
20
-24.753479012846938
30
0
10
102.34488370120525
20
-24.573942819237701
30
0
0
SPLINE
5
1788
100
AcDbEntity
8
0
100
AcDbSpline
70
0
71
2
72
6
73
3
74
0
42
0.000000001
43
0.0000000001
44
0.0000000001
40
0
40
0
40
0
40
1
40
1
40
1
10
102.34488370120525
20
-24.573942819237701
30
0
10
102.48908551633357
20
-24.394406625628463
30
0
10
102.48908551633357
20
-24.140382060408584
30
0
0
SPLINE
5
1789
100
AcDbEntity
8
0
100
AcDbSpline
70
0
71
2
72
6
73
3
74
0
42
0.000000001
43
0.0000000001
44
0.0000000001
40
0
40
0
40
0
40
1
40
1
40
1
10
102.48908551633357
20
-24.140382060408584
30
0
10
102.48908551633357
20
-23.771760115027419
30
0
10
102.21978159844875
20
-23.512005457282058
30
0
0
SPLINE
5
1790
100
AcDbEntity
8
0
100
AcDbSpline
70
0
71
2
72
6
73
3
74
0
42
0.000000001
43
0.0000000001
44
0.0000000001
40
0
40
0
40
0
40
1
40
1
40
1
10
102.21978159844875
20
-23.512005457282058
30
0
10
101.95047708451747
20
-23.25225109755992
30
0
10
101.54938580691814
20
-23.25225109755992
30
0
0
SPLINE
5
1791
100
AcDbEntity
8
0
100
AcDbSpline
70
0
71
2
72
6
73
3
74
0
42
0.000000001
43
0.0000000001
44
0.0000000001
40
0
40
0
40
0
40
1
40
1
40
1
10
101.54938580691814
20
-23.25225109755992
30
0
10
101.16930397450923
20
-23.25225109755992
30
0
10
100.91909917294979
20
-23.4709414333105
30
0
0
SPLINE
5
1792
100
AcDbEntity
8
0
100
AcDbSpline
70
0
71
2
72
6
73
3
74
0
42
0.000000001
43
0.0000000001
44
0.0000000001
40
0
40
0
40
0
40
1
40
1
40
1
10
100.91909917294979
20
-23.4709414333105
30
0
10
100.66889466941356
20
-23.68963176906108
30
0
10
100.62878551185131
20
-24.042974063754073
30
0
0
LINE
5
1793
100
AcDbEntity
8
0
100
AcDbLine
10
116.09999993294478
20
-23.250000032782548
30
0
11
116.09999993294478
21
-26.050000044703477
31
0
0
LINE
5
1794
100
AcDbEntity
8
0
100
AcDbLine
10
116.09999993294478
20
-26.050000044703477
30
0
11
118.01950877010823
21
-26.050000044703477
31
0
0
LINE
5
1795
100
AcDbEntity
8
0
100
AcDbLine
10
118.01950877010823
20
-26.050000044703477
30
0
11
118.01950877010823
21
-25.576330277323716
31
0
0
LINE
5
1796
100
AcDbEntity
8
0
100
AcDbLine
10
118.01950877010823
20
-25.576330277323716
30
0
11
116.66534786522389
21
-25.576330277323716
31
0
0
LINE
5
1797
100
AcDbEntity
8
0
100
AcDbLine
10
116.66534786522389
20
-25.576330277323716
30
0
11
116.66534786522389
21
-24.913574460148805
31
0
0
LINE
5
1798
100
AcDbEntity
8
0
100
AcDbLine
10
116.66534786522389
20
-24.913574460148805
30
0
11
117.83424278199674
21
-24.913574460148805
31
0
0
LINE
5
1799
100
AcDbEntity
8
0
100
AcDbLine
10
117.83424278199674
20
-24.913574460148805
30
0
11
117.83424278199674
21
-24.439904543757432
31
0
0
LINE
5
1800
100
AcDbEntity
8
0
100
AcDbLine
10
117.83424278199674
20
-24.439904543757432
30
0
11
116.66534786522389
21
-24.439904543757432
31
0
0
LINE
5
1801
100
AcDbEntity
8
0
100
AcDbLine
10
116.66534786522389
20
-24.439904543757432
30
0
11
116.66534786522389
21
-23.250000032782548
31
0
0
LINE
5
1802
100
AcDbEntity
8
0
100
AcDbLine
10
116.66534786522389
20
-23.250000032782548
30
0
11
116.09999993294478
21
-23.250000032782548
31
0
0
LINE
5
1803
100
AcDbEntity
8
0
100
AcDbLine
10
119.70027287900449
20
-23.250000032782548
30
0
11
119.70027287900449
21
-23.813437971472734
31
0
0
LINE
5
1804
100
AcDbEntity
8
0
100
AcDbLine
10
119.70027287900449
20
-23.813437971472734
30
0
11
118.55429728925229
21
-23.813437971472734
31
0
0
LINE
5
1805
100
AcDbEntity
8
0
100
AcDbLine
10
118.55429728925229
20
-23.813437971472734
30
0
11
118.55429728925229
21
-24.283287975192064
31
0
0
LINE
5
1806
100
AcDbEntity
8
0
100
AcDbLine
10
118.55429728925229
20
-24.283287975192064
30
0
11
119.76903130710126
21
-26.061459931731218
31
0
0
LINE
5
1807
100
AcDbEntity
8
0
100
AcDbLine
10
119.76903130710126
20
-26.061459931731218
30
0
11
120.21978159844876
21
-26.061459931731218
31
0
0
LINE
5
1808
100
AcDbEntity
8
0
100
AcDbLine
10
120.21978159844876
20
-26.061459931731218
30
0
11
120.21978159844876
21
-24.285198006033891
31
0
0
LINE
5
1809
100
AcDbEntity
8
0
100
AcDbLine
10
120.21978159844876
20
-24.285198006033891
30
0
11
120.5673940986395
21
-24.285198006033891
31
0
0
LINE
5
1810
100
AcDbEntity
8
0
100
AcDbLine
10
120.5673940986395
20
-24.285198006033891
30
0
11
120.5673940986395
21
-23.813437971472734
31
0
0
LINE
5
1811
100
AcDbEntity
8
0
100
AcDbLine
10
120.5673940986395
20
-23.813437971472734
30
0
11
120.21978159844876
21
-23.813437971472734
31
0
0
LINE
5
1812
100
AcDbEntity
8
0
100
AcDbLine
10
120.21978159844876
20
-23.813437971472734
30
0
11
120.21978159844876
21
-23.250000032782548
31
0
0
LINE
5
1813
100
AcDbEntity
8
0
100
AcDbLine
10
120.21978159844876
20
-23.250000032782548
30
0
11
119.70027287900449
21
-23.250000032782548
31
0
0
LINE
5
1814
100
AcDbEntity
8
0
100
AcDbLine
10
119.70027287900449
20
-24.285198006033891
30
0
11
119.70027287900449
21
-25.242087396979326
31
0
0
LINE
5
1815
100
AcDbEntity
8
0
100
AcDbLine
10
119.70027287900449
20
-25.242087396979326
30
0
11
119.05661662518979
21
-24.285198006033891
31
0
0
LINE
5
1816
100
AcDbEntity
8
0
100
AcDbLine
10
119.05661662518979
20
-24.285198006033891
30
0
11
119.70027287900449
21
-24.285198006033891
31
0
0
LINE
5
1817
100
AcDbEntity
8
0
100
AcDbLine
10
134.0999999329448
20
-23.300000080466262
30
0
11
134.0999999329448
21
-26.100000092387191
31
0
0
LINE
5
1818
100
AcDbEntity
8
0
100
AcDbLine
10
134.0999999329448
20
-26.100000092387191
30
0
11
136.01950877010825
21
-26.100000092387191
31
0
0
LINE
5
1819
100
AcDbEntity
8
0
100
AcDbLine
10
136.01950877010825
20
-26.100000092387191
30
0
11
136.01950877010825
21
-25.62633032500743
31
0
0
LINE
5
1820
100
AcDbEntity
8
0
100
AcDbLine
10
136.01950877010825
20
-25.62633032500743
30
0
11
134.66534786522391
21
-25.62633032500743
31
0
0
LINE
5
1821
100
AcDbEntity
8
0
100
AcDbLine
10
134.66534786522391
20
-25.62633032500743
30
0
11
134.66534786522391
21
-24.963574507832519
31
0
0
LINE
5
1822
100
AcDbEntity
8
0
100
AcDbLine
10
134.66534786522391
20
-24.963574507832519
30
0
11
135.83424278199675
21
-24.963574507832519
31
0
0
LINE
5
1823
100
AcDbEntity
8
0
100
AcDbLine
10
135.83424278199675
20
-24.963574507832519
30
0
11
135.83424278199675
21
-24.489904591441146
31
0
0
LINE
5
1824
100
AcDbEntity
8
0
100
AcDbLine
10
135.83424278199675
20
-24.489904591441146
30
0
11
134.66534786522391
21
-24.489904591441146
31
0
0
LINE
5
1825
100
AcDbEntity
8
0
100
AcDbLine
10
134.66534786522391
20
-24.489904591441146
30
0
11
134.66534786522391
21
-23.300000080466262
31
0
0
LINE
5
1826
100
AcDbEntity
8
0
100
AcDbLine
10
134.66534786522391
20
-23.300000080466262
30
0
11
134.0999999329448
21
-23.300000080466262
31
0
0
LINE
5
1827
100
AcDbEntity
8
0
100
AcDbLine
10
136.65552504956725
20
-24.020054587721816
30
0
11
137.19031371772292
21
-24.075443395972243
31
0
0
SPLINE
5
1828
100
AcDbEntity
8
0
100
AcDbSpline
70
0
71
2
72
6
73
3
74
0
42
0.000000001
43
0.0000000001
44
0.0000000001
40
0
40
0
40
0
40
1
40
1
40
1
10
137.19031371772292
20
-24.075443395972243
30
0
10
137.21323319375517
20
-23.89399732053279
30
0
10
137.32592054307463
20
-23.787994632124892
30
0
0
SPLINE
5
1829
100
AcDbEntity
8
0
100
AcDbSpline
70
0
71
2
72
6
73
3
74
0
42
0.000000001
43
0.0000000001
44
0.0000000001
40
0
40
0
40
0
40
1
40
1
40
1
10
137.32592054307463
20
-23.787994632124892
30
0
10
137.43860819041731
20
-23.681991943716994
30
0
10
137.58567520081999
20
-23.681991943716994
30
0
0
SPLINE
5
1830
100
AcDbEntity
8
0
100
AcDbSpline
70
0
71
2
72
6
73
3
74
0
42
0.000000001
43
0.0000000001
44
0.0000000001
40
0
40
0
40
0
40
1
40
1
40
1
10
137.58567520081999
20
-23.681991943716994
30
0
10
137.75375135838988
20
-23.681991943716994
30
0
10
137.87025906741621
20
-23.818553933501235
30
0
0
SPLINE
5
1831
100
AcDbEntity
8
0
100
AcDbSpline
70
0
71
2
72
6
73
3
74
0
42
0.000000001
43
0.0000000001
44
0.0000000001
40
0
40
0
40
0
40
1
40
1
40
1
10
137.87025906741621
20
-23.818553933501235
30
0
10
137.98676647841933
20
-23.955115923285476
30
0
10
137.98676647841933
20
-24.230150231719009
30
0
0
SPLINE
5
1832
100
AcDbEntity
8
0
100
AcDbSpline
70
0
71
2
72
6
73
3
74
0
42
0.000000001
43
0.0000000001
44
0.0000000001
40
0
40
0
40
0
40
1
40
1
40
1
10
137.98676647841933
20
-24.230150231719009
30
0
10
137.98676647841933
20
-24.487994560599319
30
0
10
137.87121393382552
20
-24.616916874051086
30
0
0
SPLINE
5
1833
100
AcDbEntity
8
0
100
AcDbSpline
70
0
71
2
72
6
73
3
74
0
42
0.000000001
43
0.0000000001
44
0.0000000001
40
0
40
0
40
0
40
1
40
1
40
1
10
137.87121393382552
20
-24.616916874051086
30
0
10
137.7556613892317
20
-24.745839187502852
30
0
10
137.57039555013182
20
-24.745839187502852
30
0
0
SPLINE
5
1834
100
AcDbEntity
8
0
100
AcDbSpline
70
0
71
2
72
6
73
3
74
0
42
0.000000001
43
0.0000000001
44
0.0000000001
40
0
40
0
40
0
40
1
40
1
40
1
10
137.57039555013182
20
-24.745839187502852
30
0
10
137.3392904609442
20
-24.745839187502852
30
0
10
137.15593435466292
20
-24.54147348701953
30
0
0
LINE
5
1835
100
AcDbEntity
8
0
100
AcDbLine
10
137.15593435466292
20
-24.54147348701953
30
0
11
136.72046371400359
21
-24.604502120614043
31
0
0
LINE
5
1836
100
AcDbEntity
8
0
100
AcDbLine
10
136.72046371400359
20
-24.604502120614043
30
0
11
136.99549772441389
21
-26.061800965666762
31
0
0
LINE
5
1837
100
AcDbEntity
8
0
100
AcDbLine
10
136.99549772441389
20
-26.061800965666762
30
0
11
138.4145975917578
21
-26.061800965666762
31
0
0
LINE
5
1838
100
AcDbEntity
8
0
100
AcDbLine
10
138.4145975917578
20
-26.061800965666762
30
0
11
138.4145975917578
21
-25.559481629729262
31
0
0
LINE
5
1839
100
AcDbEntity
8
0
100
AcDbLine
10
138.4145975917578
20
-25.559481629729262
30
0
11
137.40231909453871
21
-25.559481629729262
31
0
0
LINE
5
1840
100
AcDbEntity
8
0
100
AcDbLine
10
137.40231909453871
20
-25.559481629729262
30
0
11
137.31828101575377
21
-25.083901831507674
31
0
0
SPLINE
5
1841
100
AcDbEntity
8
0
100
AcDbSpline
70
0
71
2
72
6
73
3
74
0
42
0.000000001
43
0.0000000001
44
0.0000000001
40
0
40
0
40
0
40
1
40
1
40
1
10
137.31828101575377
20
-25.083901831507674
30
0
10
137.49781706035139
20
-25.173670002818099
30
0
10
137.68499293029311
20
-25.173670002818099
30
0
0
SPLINE
5
1842
100
AcDbEntity
8
0
100
AcDbSpline
70
0
71
2
72
6
73
3
74
0
42
0.000000001
43
0.0000000001
44
0.0000000001
40
0
40
0
40
0
40
1
40
1
40
1
10
137.68499293029311
20
-25.173670002818099
30
0
10
138.04215528666975
20
-25.173670002818099
30
0
10
138.29045005738737
20
-24.91391549408435
30
0
0
SPLINE
5
1843
100
AcDbEntity
8
0
100
AcDbSpline
70
0
71
2
72
6
73
3
74
0
42
0.000000001
43
0.0000000001
44
0.0000000001
40
0
40
0
40
0
40
1
40
1
40
1
10
138.29045005738737
20
-24.91391549408435
30
0
10
138.53874453008177
20
-24.654161134362212
30
0
10
138.53874453008177
20
-24.239700087904922
30
0
0
SPLINE
5
1844
100
AcDbEntity
8
0
100
AcDbSpline
70
0
71
2
72
6
73
3
74
0
42
0.000000001
43
0.0000000001
44
0.0000000001
40
0
40
0
40
0
40
1
40
1
40
1
10
138.53874453008177
20
-24.239700087904922
30
0
10
138.53874453008177
20
-23.89399732053279
30
0
10
138.33819904029372
20
-23.622783073782912
30
0
0
SPLINE
5
1845
100
AcDbEntity
8
0
100
AcDbSpline
70
0
71
2
72
6
73
3
74
0
42
0.000000001
43
0.0000000001
44
0.0000000001
40
0
40
0
40
0
40
1
40
1
40
1
10
138.33819904029372
20
-23.622783073782912
30
0
10
138.06507476270201
20
-23.25225109755992
30
0
10
137.57994540631773
20
-23.25225109755992
30
0
0
SPLINE
5
1846
100
AcDbEntity
8
0
100
AcDbSpline
70
0
71
2
72
6
73
3
74
0
42
0.000000001
43
0.0000000001
44
0.0000000001
40
0
40
0
40
0
40
1
40
1
40
1
10
137.57994540631773
20
-23.25225109755992
30
0
10
137.19222345054152
20
-23.25225109755992
30
0
10
136.94774874150755
20
-23.460436710715285
30
0
0
SPLINE
5
1847
100
AcDbEntity
8
0
100
AcDbSpline
70
0
71
2
72
6
73
3
74
0
42
0.000000001
43
0.0000000001
44
0.0000000001
40
0
40
0
40
0
40
1
40
1
40
1
10
136.94774874150755
20
-23.460436710715285
30
0
10
136.70327403247359
20
-23.668622025847426
30
0
10
136.65552504956725
20
-24.020054587721816
30
0
0
LINE
5
1848
100
AcDbEntity
8
0
100
AcDbLine
10
152.11999993294478
20
-23.149999937415117
30
0
11
152.11999993294478
21
-25.949999949336046
31
0
0
LINE
5
1849
100
AcDbEntity
8
0
100
AcDbLine
10
152.11999993294478
20
-25.949999949336046
30
0
11
154.03950877010823
21
-25.949999949336046
31
0
0
LINE
5
1850
100
AcDbEntity
8
0
100
AcDbLine
10
154.03950877010823
20
-25.949999949336046
30
0
11
154.03950877010823
21
-25.476330181956286
31
0
0
LINE
5
1851
100
AcDbEntity
8
0
100
AcDbLine
10
154.03950877010823
20
-25.476330181956286
30
0
11
152.68534786522389
21
-25.476330181956286
31
0
0
LINE
5
1852
100
AcDbEntity
8
0
100
AcDbLine
10
152.68534786522389
20
-25.476330181956286
30
0
11
152.68534786522389
21
-24.813574364781374
31
0
0
LINE
5
1853
100
AcDbEntity
8
0
100
AcDbLine
10
152.68534786522389
20
-24.813574364781374
30
0
11
153.85424278199673
21
-24.813574364781374
31
0
0
LINE
5
1854
100
AcDbEntity
8
0
100
AcDbLine
10
153.85424278199673
20
-24.813574364781374
30
0
11
153.85424278199673
21
-24.339904448390001
31
0
0
LINE
5
1855
100
AcDbEntity
8
0
100
AcDbLine
10
153.85424278199673
20
-24.339904448390001
30
0
11
152.68534786522389
21
-24.339904448390001
31
0
0
LINE
5
1856
100
AcDbEntity
8
0
100
AcDbLine
10
152.68534786522389
20
-24.339904448390001
30
0
11
152.68534786522389
21
-23.149999937415117
31
0
0
LINE
5
1857
100
AcDbEntity
8
0
100
AcDbLine
10
152.68534786522389
20
-23.149999937415117
30
0
11
152.11999993294478
21
-23.149999937415117
31
0
0
LINE
5
1858
100
AcDbEntity
8
0
100
AcDbLine
10
156.48616633832455
20
-25.264324656128878
30
0
11
155.96665761888028
21
-25.207025817036623
31
0
0
SPLINE
5
1859
100
AcDbEntity
8
0
100
AcDbSpline
70
0
71
2
72
6
73
3
74
0
42
0.000000001
43
0.0000000001
44
0.0000000001
40
0
40
0
40
0
40
1
40
1
40
1
10
155.96665761888028
20
-25.207025817036623
30
0
10
155.94755790650845
20
-25.367462447285646
30
0
10
155.86733959138394
20
-25.443860849738115
30
0
0
SPLINE
5
1860
100
AcDbEntity
8
0
100
AcDbSpline
70
0
71
2
72
6
73
3
74
0
42
0.000000001
43
0.0000000001
44
0.0000000001
40
0
40
0
40
0
40
1
40
1
40
1
10
155.86733959138394
20
-25.443860849738115
30
0
10
155.78712127625943
20
-25.520259103178972
30
0
10
155.65915397822857
20
-25.520259103178972
30
0
0
SPLINE
5
1861
100
AcDbEntity
8
0
100
AcDbSpline
70
0
71
2
72
6
73
3
74
0
42
0.000000001
43
0.0000000001
44
0.0000000001
40
0
40
0
40
0
40
1
40
1
40
1
10
155.65915397822857
20
-25.520259103178972
30
0
10
155.48916778981686
20
-25.520259103178972
30
0
10
155.37170521438122
20
-25.367462447285646
30
0
0
SPLINE
5
1862
100
AcDbEntity
8
0
100
AcDbSpline
70
0
71
2
72
6
73
3
74
0
42
0.000000001
43
0.0000000001
44
0.0000000001
40
0
40
0
40
0
40
1
40
1
40
1
10
155.37170521438122
20
-25.367462447285646
30
0
10
155.25424263894558
20
-25.214665791392321
30
0
10
155.22368333756924
20
-24.731446018815035
30
0
0
SPLINE
5
1863
100
AcDbEntity
8
0
100
AcDbSpline
70
0
71
2
72
6
73
3
74
0
42
0.000000001
43
0.0000000001
44
0.0000000001
40
0
40
0
40
0
40
1
40
1
40
1
10
155.22368333756924
20
-24.731446018815035
30
0
10
155.42422912538052
20
-24.968281051516527
30
0
10
155.72218261182309
20
-24.968281051516527
30
0
0
SPLINE
5
1864
100
AcDbEntity
8
0
100
AcDbSpline
70
0
71
2
72
6
73
3
74
0
42
0.000000001
43
0.0000000001
44
0.0000000001
40
0
40
0
40
0
40
1
40
1
40
1
10
155.72218261182309
20
-24.968281051516527
30
0
10
156.0583355230093
20
-24.968281051516527
30
0
10
156.29803530395031
20
-24.712346455454821
30
0
0
SPLINE
5
1865
100
AcDbEntity
8
0
100
AcDbSpline
70
0
71
2
72
6
73
3
74
0
42
0.000000001
43
0.0000000001
44
0.0000000001
40
0
40
0
40
0
40
1
40
1
40
1
10
156.29803530395031
20
-24.712346455454821
30
0
10
156.53773508489132
20
-24.456412008404726
30
0
10
156.53773508489132
20
-24.051500520110125
30
0
0
SPLINE
5
1866
100
AcDbEntity
8
0
100
AcDbSpline
70
0
71
2
72
6
73
3
74
0
42
0.000000001
43
0.0000000001
44
0.0000000001
40
0
40
0
40
0
40
1
40
1
40
1
10
156.53773508489132
20
-24.051500520110125
30
0
10
156.53773508489132
20
-23.621759971976275
30
0
10
156.28562055051327
20
-23.362005314230913
30
0
0
SPLINE
5
1867
100
AcDbEntity
8
0
100
AcDbSpline
70
0
71
2
72
6
73
3
74
0
42
0.000000001
43
0.0000000001
44
0.0000000001
40
0
40
0
40
0
40
1
40
1
40
1
10
156.28562055051327
20
-23.362005314230913
30
0
10
156.03350601613522
20
-23.102250954508776
30
0
10
155.63814453303814
20
-23.102250954508776
30
0
0
SPLINE
5
1868
100
AcDbEntity
8
0
100
AcDbSpline
70
0
71
2
72
6
73
3
74
0
42
0.000000001
43
0.0000000001
44
0.0000000001
40
0
40
0
40
0
40
1
40
1
40
1
10
155.63814453303814
20
-23.102250954508776
30
0
10
155.21413348138333
20
-23.102250954508776
30
0
10
154.94100950181485
20
-23.43171890676021
30
0
0
SPLINE
5
1869
100
AcDbEntity
8
0
100
AcDbSpline
70
0
71
2
72
6
73
3
74
0
42
0.000000001
43
0.0000000001
44
0.0000000001
40
0
40
0
40
0
40
1
40
1
40
1
10
154.94100950181485
20
-23.43171890676021
30
0
10
154.66788522422314
20
-23.761186859011644
30
0
10
154.66788522422314
20
-24.511800816655153
30
0
0
SPLINE
5
1870
100
AcDbEntity
8
0
100
AcDbSpline
70
0
71
2
72
6
73
3
74
0
42
0.000000001
43
0.0000000001
44
0.0000000001
40
0
40
0
40
0
40
1
40
1
40
1
10
154.66788522422314
20
-24.511800816655153
30
0
10
154.66788522422314
20
-25.281514337658876
30
0
10
154.95246909081936
20
-25.621486863493914
30
0
0
SPLINE
5
1871
100
AcDbEntity
8
0
100
AcDbSpline
70
0
71
2
72
6
73
3
74
0
42
0.000000001
43
0.0000000001
44
0.0000000001
40
0
40
0
40
0
40
1
40
1
40
1
10
154.95246909081936
20
-25.621486863493914
30
0
10
155.23705295741559
20
-25.961459836363787
30
0
10
155.69162331044674
20
-25.961459836363787
30
0
0
SPLINE
5
1872
100
AcDbEntity
8
0
100
AcDbSpline
70
0
71
2
72
6
73
3
74
0
42
0.000000001
43
0.0000000001
44
0.0000000001
40
0
40
0
40
0
40
1
40
1
40
1
10
155.69162331044674
20
-25.961459836363787
30
0
10
156.01058654010296
20
-25.961459836363787
30
0
10
156.21972701966763
20
-25.782878658175463
30
0
0
SPLINE
5
1873
100
AcDbEntity
8
0
100
AcDbSpline
70
0
71
2
72
6
73
3
74
0
42
0.000000001
43
0.0000000001
44
0.0000000001
40
0
40
0
40
0
40
1
40
1
40
1
10
156.21972701966763
20
-25.782878658175463
30
0
10
156.4288674992323
20
-25.604297479987139
30
0
10
156.48616633832455
20
-25.264324656128878
30
0
0
SPLINE
5
1874
100
AcDbEntity
8
0
100
AcDbSpline
70
0
71
2
72
6
73
3
74
0
42
0.000000001
43
0.0000000001
44
0.0000000001
40
0
40
0
40
0
40
1
40
1
40
1
10
155.26952228963376
20
-24.093519708514208
30
0
10
155.26952228963376
20
-23.831855317950243
30
0
10
155.38984976232052
20
-23.68956323564052
30
0
0
SPLINE
5
1875
100
AcDbEntity
8
0
100
AcDbSpline
70
0
71
2
72
6
73
3
74
0
42
0.000000001
43
0.0000000001
44
0.0000000001
40
0
40
0
40
0
40
1
40
1
40
1
10
155.38984976232052
20
-23.68956323564052
30
0
10
155.51017723500729
20
-23.547271451354021
30
0
10
155.66488377273083
20
-23.547271451354021
30
0
0
SPLINE
5
1876
100
AcDbEntity
8
0
100
AcDbSpline
70
0
71
2
72
6
73
3
74
0
42
0.000000001
43
0.0000000001
44
0.0000000001
40
0
40
0
40
0
40
1
40
1
40
1
10
155.66488377273083
20
-23.547271451354021
30
0
10
155.81386051595211
20
-23.547271451354021
30
0
10
155.91317854344845
20
-23.663778862357134
30
0
0
SPLINE
5
1877
100
AcDbEntity
8
0
100
AcDbSpline
70
0
71
2
72
6
73
3
74
0
42
0.000000001
43
0.0000000001
44
0.0000000001
40
0
40
0
40
0
40
1
40
1
40
1
10
155.91317854344845
20
-23.663778862357134
30
0
10
156.01249657094479
20
-23.780286273360247
30
0
10
156.01249657094479
20
-24.045770725607866
30
0
0
SPLINE
5
1878
100
AcDbEntity
8
0
100
AcDbSpline
70
0
71
2
72
6
73
3
74
0
42
0.000000001
43
0.0000000001
44
0.0000000001
40
0
40
0
40
0
40
1
40
1
40
1
10
156.01249657094479
20
-24.045770725607866
30
0
10
156.01249657094479
20
-24.318895003199572
30
0
10
155.90553871810437
20
-24.445907136797899
30
0
0
SPLINE
5
1879
100
AcDbEntity
8
0
100
AcDbSpline
70
0
71
2
72
6
73
3
74
0
42
0.000000001
43
0.0000000001
44
0.0000000001
40
0
40
0
40
0
40
1
40
1
40
1
10
155.90553871810437
20
-24.445907136797899
30
0
10
155.79858086526394
20
-24.572919419407839
30
0
10
155.63814453303814
20
-24.572919419407839
30
0
0
SPLINE
5
1880
100
AcDbEntity
8
0
100
AcDbSpline
70
0
71
2
72
6
73
3
74
0
42
0.000000001
43
0.0000000001
44
0.0000000001
40
0
40
0
40
0
40
1
40
1
40
1
10
155.63814453303814
20
-24.572919419407839
30
0
10
155.48343769729138
20
-24.572919419407839
30
0
10
155.37648014247418
20
-24.45163708031177
30
0
0
SPLINE
5
1881
100
AcDbEntity
8
0
100
AcDbSpline
70
0
71
2
72
6
73
3
74
0
42
0.000000001
43
0.0000000001
44
0.0000000001
40
0
40
0
40
0
40
1
40
1
40
1
10
155.37648014247418
20
-24.45163708031177
30
0
10
155.26952228963376
20
-24.330354592204088
30
0
10
155.26952228963376
20
-24.093519708514208
30
0
0
LINE
5
1882
100
AcDbEntity
8
0
100
AcDbLine
10
215.21679830942517
20
-97.229526913115507
30
6.6203129356042232e-15
11
216.17243380048524
21
-98.691466181375617
31
2.1781938082427509e-15
0
LINE
5
1883
100
AcDbEntity
8
0
100
AcDbLine
10
216.17243380048524
20
-98.691466181375603
30
2.1781938082427509e-15
11
215.30416384578228
21
-100.02960291881143
31
-1.5007022462286892e-16
0
LINE
5
1884
100
AcDbEntity
8
0
100
AcDbLine
10
215.30416384578228
20
-100.02960291881143
30
-1.5007022462286917e-16
11
215.96500948198008
21
-100.03016995024655
31
-8.1026018724183515e-16
0
LINE
5
1885
100
AcDbEntity
8
0
100
AcDbLine
10
215.96500948198008
20
-100.03016995024657
30
-8.1026018724183515e-16
11
216.52730906688726
21
-99.131061393292441
31
7.7516186259625742e-16
0
LINE
5
1886
100
AcDbEntity
8
0
100
AcDbLine
10
216.52730906688726
20
-99.131061393292441
30
7.7516186259625801e-16
11
217.07660529947657
21
-100.03112374298901
31
-1.9207531087397207e-15
0
LINE
5
1887
100
AcDbEntity
8
0
100
AcDbLine
10
217.07660529947657
20
-100.03112374298901
30
-1.9207531087397211e-15
11
217.7317210501491
21
-100.03168585795797
31
-2.5752188708744498e-15
0
LINE
5
1888
100
AcDbEntity
8
0
100
AcDbLine
10
217.7317210501491
20
-100.03168585795798
30
-2.5752188708744498e-15
11
216.86194677959858
21
-98.671048208577602
31
1.5395111274290306e-15
0
LINE
5
1889
100
AcDbEntity
8
0
100
AcDbLine
10
216.86194677959861
20
-98.671048208577602
30
1.5395111274290306e-15
11
217.82007163691316
21
-97.231760623576875
31
4.0196225071259848e-15
0
LINE
5
1890
100
AcDbEntity
8
0
100
AcDbLine
10
217.8200716369131
20
-97.231760623576875
30
4.0196225071259856e-15
11
217.13821650737944
21
-97.231175565173714
31
4.7008011180166577e-15
0
LINE
5
1891
100
AcDbEntity
8
0
100
AcDbLine
10
217.13821650737947
20
-97.231175565173714
30
4.7008011180166577e-15
11
216.51664907680384
21
-98.198991870414744
31
3.0104735595827331e-15
0
LINE
5
1892
100
AcDbEntity
8
0
100
AcDbLine
10
216.51664907680382
20
-98.198991870414744
30
3.0104735595827324e-15
11
215.89483352769295
21
-97.2301086938852
31
5.9429504459643998e-15
0
LINE
5
1893
100
AcDbEntity
8
0
100
AcDbLine
10
215.89483352769295
20
-97.2301086938852
30
5.9429504459644006e-15
11
215.21679830942517
21
-97.229526913115492
31
6.6203129356042232e-15
0
LINE
5
1894
100
AcDbEntity
8
0
100
AcDbLine
10
218.37395951552267
20
-97.232235881067453
30
3.4662841814343239e-15
11
218.3715570067466
21
-100.03223486226526
31
-3.2144199991420695e-15
0
LINE
5
1895
100
AcDbEntity
8
0
100
AcDbLine
10
218.3715570067466
20
-100.03223486226524
30
-3.2144199991420703e-15
11
218.93690476816533
21
-100.03271995278403
31
-3.7792068374499913e-15
0
LINE
5
1896
100
AcDbEntity
8
0
100
AcDbLine
10
218.93690476816533
20
-100.03271995278403
30
-3.779206837449992e-15
11
218.93930727694141
21
-97.232720971586218
31
2.9014973431264013e-15
0
LINE
5
1897
100
AcDbEntity
8
0
100
AcDbLine
10
218.93930727694141
20
-97.232720971586218
30
2.9014973431264017e-15
11
218.37395951552267
21
-97.232235881067425
31
3.4662841814343227e-15
0
LINE
5
1898
100
AcDbEntity
8
0
100
AcDbLine
10
220.38896561399667
20
-97.233964835209278
30
1.4532773187691008e-15
11
220.38696953228069
21
-99.560294223392447
31
-4.0972670112094146e-15
0
LINE
5
1899
100
AcDbEntity
8
0
100
AcDbLine
10
220.38696953228069
20
-99.560294223392447
30
-4.0972670112094146e-15
11
219.55613741634326
21
-99.559581336900891
31
-3.2672592249444968e-15
0
LINE
5
1900
100
AcDbEntity
8
0
100
AcDbLine
10
219.55613741634326
20
-99.559581336900891
30
-3.2672592249444964e-15
11
219.55573098928318
21
-100.03325092991552
31
-4.3974190755423755e-15
0
LINE
5
1901
100
AcDbEntity
8
0
100
AcDbLine
10
219.55573098928315
20
-100.03325092991552
30
-4.3974190755423755e-15
11
221.78083265441489
21
-100.03516015428106
31
-6.6203130535954268e-15
0
LINE
5
1902
100
AcDbEntity
8
0
100
AcDbLine
10
221.78083265441489
20
-100.03516015428106
30
-6.6203130535954268e-15
11
221.78123908147498
21
-99.561490561266424
31
-5.4901532029975481e-15
0
LINE
5
1903
100
AcDbEntity
8
0
100
AcDbLine
10
221.78123908147501
20
-99.561490561266424
30
-5.4901532029975489e-15
11
220.95231699567631
21
-99.56077931365553
31
-4.6620535517899114e-15
0
LINE
5
1904
100
AcDbEntity
8
0
100
AcDbLine
10
220.95231699567631
20
-99.56077931365553
30
-4.6620535517899114e-15
11
220.9543130773923
21
-97.234449925472347
31
8.8849077818860361e-16
0
LINE
5
1905
100
AcDbEntity
8
0
100
AcDbLine
10
220.95431307739227
20
-97.234449925472347
30
8.8849077818860361e-16
11
220.38896561399665
21
-97.233964835209278
31
1.4532773187691012e-15
0
LINE
5
1906
100
AcDbEntity
8
0
100
AcDbLine
10
234.04188456984983
20
-91.198312548726449
30
0
11
233.37339888366685
21
-93.998312560647378
31
0
0
LINE
5
1907
100
AcDbEntity
8
0
100
AcDbLine
10
233.37339888366685
20
-93.998312560647378
30
0
11
233.95211654755101
21
-93.998312560647378
31
0
0
LINE
5
1908
100
AcDbEntity
8
0
100
AcDbLine
10
233.95211654755101
20
-93.998312560647378
30
0
11
234.37421741935239
21
-92.074983624547372
31
0
0
LINE
5
1909
100
AcDbEntity
8
0
100
AcDbLine
10
234.37421741935239
20
-92.074983624547372
30
0
11
234.8860866114758
21
-93.998312560647378
31
0
0
LINE
5
1910
100
AcDbEntity
8
0
100
AcDbLine
10
234.8860866114758
20
-93.998312560647378
30
0
11
235.55839213582502
21
-93.998312560647378
31
0
0
LINE
5
1911
100
AcDbEntity
8
0
100
AcDbLine
10
235.55839213582502
20
-93.998312560647378
30
0
11
236.04925158473478
21
-92.042514590352425
31
0
0
LINE
5
1912
100
AcDbEntity
8
0
100
AcDbLine
10
236.04925158473478
20
-92.042514590352425
30
0
11
236.47899243089185
21
-93.998312560647378
31
0
0
LINE
5
1913
100
AcDbEntity
8
0
100
AcDbLine
10
236.47899243089185
20
-93.998312560647364
30
0
11
237.04816016408429
21
-93.998312560647364
31
0
0
LINE
5
1914
100
AcDbEntity
8
0
100
AcDbLine
10
237.04816016408429
20
-93.998312560647364
30
0
11
236.368214814391
21
-91.198312548726435
31
0
0
LINE
5
1915
100
AcDbEntity
8
0
100
AcDbLine
10
236.368214814391
20
-91.198312548726449
30
0
11
235.76848777982221
21
-91.198312548726449
31
0
0
LINE
5
1916
100
AcDbEntity
8
0
100
AcDbLine
10
235.76848777982221
20
-91.198312548726449
30
0
11
235.21077963563428
21
-93.291627673238168
31
0
0
LINE
5
1917
100
AcDbEntity
8
0
100
AcDbLine
10
235.21077963563428
20
-93.291627673238168
30
0
11
234.65498152228818
21
-91.198312548726449
31
0
0
LINE
5
1918
100
AcDbEntity
8
0
100
AcDbLine
10
234.65498152228818
20
-91.198312548726449
30
0
11
234.04188456984983
21
-91.198312548726449
31
0
0
LINE
5
1919
100
AcDbEntity
8
0
100
AcDbLine
10
237.50655028077588
20
-91.198312548726435
30
0
11
237.50655028077588
21
-93.998312560647364
31
0
0
LINE
5
1920
100
AcDbEntity
8
0
100
AcDbLine
10
237.50655028077588
20
-93.998312560647364
30
0
11
238.07189854833112
21
-93.998312560647364
31
0
0
LINE
5
1921
100
AcDbEntity
8
0
100
AcDbLine
10
238.07189854833112
20
-93.998312560647364
30
0
11
238.07189854833112
21
-91.198312548726435
31
0
0
LINE
5
1922
100
AcDbEntity
8
0
100
AcDbLine
10
238.07189854833112
20
-91.198312548726435
30
0
11
237.50655028077588
21
-91.198312548726435
31
0
0
LINE
5
1923
100
AcDbEntity
8
0
100
AcDbLine
10
238.79577252122388
20
-93.998312560647364
30
0
11
239.82906016561017
21
-93.998312560647364
31
0
0
SPLINE
5
1924
100
AcDbEntity
8
0
100
AcDbSpline
70
0
71
2
72
6
73
3
74
0
42
0.000000001
43
0.0000000001
44
0.0000000001
40
0
40
0
40
0
40
1
40
1
40
1
10
239.82906016561017
20
-93.998312560647364
30
0
10
240.17858299466596
20
-93.998312560647364
30
0
10
240.36193880292402
20
-93.944833783238764
30
0
0
SPLINE
5
1925
100
AcDbEntity
8
0
100
AcDbSpline
70
0
71
2
72
6
73
3
74
0
42
0.000000001
43
0.0000000001
44
0.0000000001
40
0
40
0
40
0
40
1
40
1
40
1
10
240.36193880292402
20
-93.944833783238764
30
0
10
240.60832354279981
20
-93.872255293458338
30
0
10
240.784039823737
20
-93.686989305346842
30
0
0
SPLINE
5
1926
100
AcDbEntity
8
0
100
AcDbSpline
70
0
71
2
72
6
73
3
74
0
42
0.000000001
43
0.0000000001
44
0.0000000001
40
0
40
0
40
0
40
1
40
1
40
1
10
240.784039823737
20
-93.686989305346842
30
0
10
240.9597561046742
20
-93.501723168223734
30
0
10
241.05143400880323
20
-93.233373967736597
30
0
0
SPLINE
5
1927
100
AcDbEntity
8
0
100
AcDbSpline
70
0
71
2
72
6
73
3
74
0
42
0.000000001
43
0.0000000001
44
0.0000000001
40
0
40
0
40
0
40
1
40
1
40
1
10
241.05143400880323
20
-93.233373967736597
30
0
10
241.14311191293226
20
-92.96502476724946
30
0
10
241.14311191293226
20
-92.571573165982599
30
0
0
SPLINE
5
1928
100
AcDbEntity
8
0
100
AcDbSpline
70
0
71
2
72
6
73
3
74
0
42
0.000000001
43
0.0000000001
44
0.0000000001
40
0
40
0
40
0
40
1
40
1
40
1
10
241.14311191293226
20
-92.571573165982599
30
0
10
241.14311191293226
20
-92.225870398610468
30
0
10
241.05716439935193
20
-91.975665895074243
30
0
0
SPLINE
5
1929
100
AcDbEntity
8
0
100
AcDbSpline
70
0
71
2
72
6
73
3
74
0
42
0.000000001
43
0.0000000001
44
0.0000000001
40
0
40
0
40
0
40
1
40
1
40
1
10
241.05716439935193
20
-91.975665895074243
30
0
10
240.95211598130689
20
-91.670072583287592
30
0
10
240.75730058404432
20
-91.480986384480829
30
0
0
SPLINE
5
1930
100
AcDbEntity
8
0
100
AcDbSpline
70
0
71
2
72
6
73
3
74
0
42
0.000000001
43
0.0000000001
44
0.0000000001
40
0
40
0
40
0
40
1
40
1
40
1
10
240.75730058404432
20
-91.480986384480829
30
0
10
240.61023387166486
20
-91.337739435761804
30
0
10
240.36002907010541
20
-91.257521418660517
30
0
0
SPLINE
5
1931
100
AcDbEntity
8
0
100
AcDbSpline
70
0
71
2
72
6
73
3
74
0
42
0.000000001
43
0.0000000001
44
0.0000000001
40
0
40
0
40
0
40
1
40
1
40
1
10
240.36002907010541
20
-91.257521418660517
30
0
10
240.1728532001637
20
-91.198312548726435
30
0
10
239.85962006303296
20
-91.198312548726435
30
0
0
LINE
5
1932
100
AcDbEntity
8
0
100
AcDbLine
10
239.85962006303296
20
-91.198312548726435
30
0
11
238.79577252122388
21
-91.198312548726435
31
0
0
LINE
5
1933
100
AcDbEntity
8
0
100
AcDbLine
10
238.79577252122388
20
-91.198312548726435
30
0
11
238.79577252122388
21
-93.998312560647364
31
0
0
LINE
5
1934
100
AcDbEntity
8
0
100
AcDbLine
10
239.36112019273267
20
-93.524642793267603
30
0
11
239.36112019273267
21
-91.670072583287592
31
0
0
LINE
5
1935
100
AcDbEntity
8
0
100
AcDbLine
10
239.36112019273267
20
-91.670072583287592
30
0
11
239.78322121354566
21
-91.670072583287592
31
0
0
SPLINE
5
1936
100
AcDbEntity
8
0
100
AcDbSpline
70
0
71
2
72
6
73
3
74
0
42
0.000000001
43
0.0000000001
44
0.0000000001
40
0
40
0
40
0
40
1
40
1
40
1
10
239.78322121354566
20
-91.670072583287592
30
0
10
240.02005609723554
20
-91.670072583287592
30
0
10
240.12510391923414
20
-91.69681182298028
30
0
0
SPLINE
5
1937
100
AcDbEntity
8
0
100
AcDbSpline
70
0
71
2
72
6
73
3
74
0
42
0.000000001
43
0.0000000001
44
0.0000000001
40
0
40
0
40
0
40
1
40
1
40
1
10
240.12510391923414
20
-91.69681182298028
30
0
10
240.26262137147413
20
-91.731191186040277
30
0
10
240.35334440919385
20
-91.813319233983393
30
0
0
SPLINE
5
1938
100
AcDbEntity
8
0
100
AcDbSpline
70
0
71
2
72
6
73
3
74
0
42
0.000000001
43
0.0000000001
44
0.0000000001
40
0
40
0
40
0
40
1
40
1
40
1
10
240.35334440919385
20
-91.813319233983393
30
0
10
240.44406744691358
20
-91.895447579949732
30
0
10
240.50136598798261
20
-92.083578614323969
30
0
0
SPLINE
5
1939
100
AcDbEntity
8
0
100
AcDbSpline
70
0
71
2
72
6
73
3
74
0
42
0.000000001
43
0.0000000001
44
0.0000000001
40
0
40
0
40
0
40
1
40
1
40
1
10
240.50136598798261
20
-92.083578614323969
30
0
10
240.55866452905164
20
-92.271709648698206
30
0
10
240.55866452905164
20
-92.596402672856684
30
0
0
SPLINE
5
1940
100
AcDbEntity
8
0
100
AcDbSpline
70
0
71
2
72
6
73
3
74
0
42
0.000000001
43
0.0000000001
44
0.0000000001
40
0
40
0
40
0
40
1
40
1
40
1
10
240.55866452905164
20
-92.596402672856684
30
0
10
240.55866452905164
20
-92.921095697015161
30
0
10
240.50136598798261
20
-93.094901947110529
30
0
0
SPLINE
5
1941
100
AcDbEntity
8
0
100
AcDbSpline
70
0
71
2
72
6
73
3
74
0
42
0.000000001
43
0.0000000001
44
0.0000000001
40
0
40
0
40
0
40
1
40
1
40
1
10
240.50136598798261
20
-93.094901947110529
30
0
10
240.44406744691358
20
-93.268708197205896
30
0
10
240.34092935773359
20
-93.366116193860407
30
0
0
SPLINE
5
1942
100
AcDbEntity
8
0
100
AcDbSpline
70
0
71
2
72
6
73
3
74
0
42
0.000000001
43
0.0000000001
44
0.0000000001
40
0
40
0
40
0
40
1
40
1
40
1
10
240.34092935773359
20
-93.366116193860407
30
0
10
240.23779186460004
20
-93.463524041503305
30
0
10
240.07926496716962
20
-93.497903255551691
30
0
0
SPLINE
5
1943
100
AcDbEntity
8
0
100
AcDbSpline
70
0
71
2
72
6
73
3
74
0
42
0.000000001
43
0.0000000001
44
0.0000000001
40
0
40
0
40
0
40
1
40
1
40
1
10
240.07926496716962
20
-93.497903255551691
30
0
10
239.9608478233479
20
-93.524642793267603
30
0
10
239.61514505597577
20
-93.524642793267603
30
0
0
LINE
5
1944
100
AcDbEntity
8
0
100
AcDbLine
10
239.61514505597577
20
-93.524642793267603
30
0
11
239.36112019273267
21
-93.524642793267603
31
0
0
LINE
5
1945
100
AcDbEntity
8
0
100
AcDbLine
10
242.43997487279401
20
-91.198312548726435
30
0
11
242.43997487279401
21
-93.524642793267603
31
0
0
LINE
5
1946
100
AcDbEntity
8
0
100
AcDbLine
10
242.43997487279401
20
-93.524642793267603
30
0
11
241.6091427490376
21
-93.524642793267603
31
0
0
LINE
5
1947
100
AcDbEntity
8
0
100
AcDbLine
10
241.6091427490376
20
-93.524642793267603
30
0
11
241.6091427490376
21
-93.998312560647364
31
0
0
LINE
5
1948
100
AcDbEntity
8
0
100
AcDbLine
10
241.6091427490376
20
-93.998312560647364
30
0
11
243.83424433919416
21
-93.998312560647364
31
0
0
LINE
5
1949
100
AcDbEntity
8
0
100
AcDbLine
10
243.83424433919416
20
-93.998312560647349
30
0
11
243.83424433919416
21
-93.524642793267589
31
0
0
LINE
5
1950
100
AcDbEntity
8
0
100
AcDbLine
10
243.83424433919416
20
-93.524642793267589
30
0
11
243.0053225443028
21
-93.524642793267589
31
0
0
LINE
5
1951
100
AcDbEntity
8
0
100
AcDbLine
10
243.0053225443028
20
-93.524642793267603
30
0
11
243.0053225443028
21
-91.198312548726435
31
0
0
LINE
5
1952
100
AcDbEntity
8
0
100
AcDbLine
10
243.0053225443028
20
-91.198312548726435
30
0
11
242.43997487279401
21
-91.198312548726435
31
0
0
LINE
5
1953
100
AcDbEntity
8
0
100
AcDbLine
10
244.38813361379133
20
-91.19831254872642
30
0
11
244.38813361379133
21
-93.998312560647349
31
0
0
LINE
5
1954
100
AcDbEntity
8
0
100
AcDbLine
10
244.38813361379133
20
-93.998312560647349
30
0
11
244.95348128530011
21
-93.998312560647349
31
0
0
LINE
5
1955
100
AcDbEntity
8
0
100
AcDbLine
10
244.95348128530011
20
-93.998312560647349
30
0
11
244.95348128530011
21
-92.896266190141063
31
0
0
LINE
5
1956
100
AcDbEntity
8
0
100
AcDbLine
10
244.95348128530011
20
-92.896266190141063
30
0
11
246.06125745030866
21
-92.896266190141063
31
0
0
LINE
5
1957
100
AcDbEntity
8
0
100
AcDbLine
10
246.06125745030866
20
-92.896266190141063
30
0
11
246.06125745030866
21
-93.998312560647349
31
0
0
LINE
5
1958
100
AcDbEntity
8
0
100
AcDbLine
10
246.06125745030866
20
-93.998312560647349
30
0
11
246.62660512181745
21
-93.998312560647349
31
0
0
LINE
5
1959
100
AcDbEntity
8
0
100
AcDbLine
10
246.62660512181745
20
-93.998312560647349
30
0
11
246.62660512181745
21
-91.19831254872642
31
0
0
LINE
5
1960
100
AcDbEntity
8
0
100
AcDbLine
10
246.62660512181745
20
-91.19831254872642
30
0
11
246.06125745030866
21
-91.19831254872642
31
0
0
LINE
5
1961
100
AcDbEntity
8
0
100
AcDbLine
10
246.06125745030866
20
-91.19831254872642
30
0
11
246.06125745030866
21
-92.422596422761302
31
0
0
LINE
5
1962
100
AcDbEntity
8
0
100
AcDbLine
10
246.06125745030866
20
-92.422596422761302
30
0
11
244.95348128530011
21
-92.422596422761302
31
0
0
LINE
5
1963
100
AcDbEntity
8
0
100
AcDbLine
10
244.95348128530011
20
-92.422596422761302
30
0
11
244.95348128530011
21
-91.19831254872642
31
0
0
LINE
5
1964
100
AcDbEntity
8
0
100
AcDbLine
10
244.95348128530011
20
-91.19831254872642
30
0
11
244.38813361379133
21
-91.19831254872642
31
0
0
ENDSEC
0
SECTION
2
OBJECTS
0
DICTIONARY
5
C
100
AcDbDictionary
3
ACAD_GROUP
350
D
3
ACAD_MLINESTYLE
350
17
0
DICTIONARY
5
D
100
AcDbDictionary
0
DICTIONARY
5
1A
330
C
100
AcDbDictionary
0
DICTIONARY
5
17
100
AcDbDictionary
0
ENDSEC
0
EOF
